Latitude (decimal degrees):	6.524
Longitude (decimal degrees):	3.379
Elevation (m):	16
Radiation database:	PVGIS-SARAH3


Slope: 15 deg. 
Azimuth: 0 deg. 
Nominal power of the PV system (c-Si) (kWp):	1.0
System losses (%):	14.0
time,P,G(i),H_sun,T2m,WS10m,Int
20190101:0006,0.0,0.0,0.0,26.74,3.03,0.0
20190101:0106,0.0,0.0,0.0,26.56,2.41,0.0
20190101:0206,0.0,0.0,0.0,26.2,2.0,0.0
20190101:0306,0.0,0.0,0.0,25.93,2.0,0.0
20190101:0406,0.0,0.0,0.0,25.8,2.07,0.0
20190101:0506,0.0,0.0,0.0,25.7,2.21,0.0
20190101:0606,0.0,0.0,0.0,25.65,2.28,0.0
20190101:0706,159.25,221.95,14.87,25.72,2.34,0.0
20190101:0806,363.63,474.5,28.03,27.18,2.34,0.0
20190101:0906,516.97,683.4,40.4,28.79,2.21,0.0
20190101:1006,626.84,858.35,51.17,30.47,1.59,0.0
20190101:1106,670.73,972.12,58.64,31.71,0.14,0.0
20190101:1206,707.58,1000.62,60.18,32.64,1.52,0.0
20190101:1306,674.69,930.16,54.99,33.2,2.62,0.0
20190101:1406,583.29,784.31,45.38,33.36,3.52,0.0
20190101:1506,438.53,578.54,33.57,32.83,4.48,0.0
20190101:1606,243.72,328.85,20.69,31.44,5.03,0.0
20190101:1706,45.82,80.9,7.28,29.92,4.76,0.0
20190101:1806,0.0,0.0,0.0,28.76,4.28,0.0
20190101:1906,0.0,0.0,0.0,28.18,4.0,0.0
20190101:2006,0.0,0.0,0.0,27.68,4.0,0.0
20190101:2106,0.0,0.0,0.0,27.29,3.72,0.0
20190101:2206,0.0,0.0,0.0,26.95,3.38,0.0
20190101:2306,0.0,0.0,0.0,26.75,3.03,0.0
20190102:0006,0.0,0.0,0.0,26.58,2.55,0.0
20190102:0106,0.0,0.0,0.0,26.24,2.07,0.0
20190102:0206,0.0,0.0,0.0,26.0,1.86,0.0
20190102:0306,0.0,0.0,0.0,25.77,1.93,0.0
20190102:0406,0.0,0.0,0.0,25.81,1.72,0.0
20190102:0506,0.0,0.0,0.0,25.93,1.72,0.0
20190102:0606,0.0,0.0,0.0,26.02,1.86,0.0
20190102:0706,152.98,213.99,14.79,25.83,2.21,0.0
20190102:0806,363.18,473.77,27.96,26.59,2.0,0.0
20190102:0906,524.6,694.23,40.35,27.57,1.66,0.0
20190102:1006,620.29,850.41,51.17,28.93,1.03,0.0
20190102:1106,671.2,951.23,58.69,30.25,0.55,0.0
20190102:1206,706.29,992.97,60.28,31.44,1.45,0.0
20190102:1306,666.22,912.63,55.12,32.12,2.55,0.0
20190102:1406,577.57,773.72,45.51,32.24,3.24,0.0
20190102:1506,411.94,544.09,33.7,31.86,3.52,0.0
20190102:1606,228.11,309.33,20.81,31.07,3.59,0.0
20190102:1706,48.94,85.62,7.39,29.9,3.45,0.0
20190102:1806,0.0,0.0,0.0,28.72,3.24,0.0
20190102:1906,0.0,0.0,0.0,28.05,2.97,0.0
20190102:2006,0.0,0.0,0.0,27.62,3.03,0.0
20190102:2106,0.0,0.0,0.0,27.32,3.1,0.0
20190102:2206,0.0,0.0,0.0,27.03,3.17,0.0
20190102:2306,0.0,0.0,0.0,26.84,3.31,0.0
20190103:0006,0.0,0.0,0.0,26.8,3.17,0.0
20190103:0106,0.0,0.0,0.0,26.67,2.83,0.0
20190103:0206,0.0,0.0,0.0,26.32,1.86,0.0
20190103:0306,0.0,0.0,0.0,25.49,1.45,0.0
20190103:0406,0.0,0.0,0.0,25.12,1.52,0.0
20190103:0506,0.0,0.0,0.0,24.99,1.59,0.0
20190103:0606,0.0,0.0,0.0,25.22,1.86,0.0
20190103:0706,152.23,213.01,14.71,25.46,1.93,0.0
20190103:0806,366.08,477.91,27.9,26.82,2.07,0.0
20190103:0906,524.68,696.89,40.31,27.91,1.52,0.0
20190103:1006,621.73,855.7,51.16,29.35,0.97,0.0
20190103:1106,671.39,952.39,58.74,30.76,0.62,0.0
20190103:1206,691.43,970.96,60.39,31.79,1.45,0.0
20190103:1306,662.01,908.67,55.26,32.42,2.48,0.0
20190103:1406,567.2,761.47,45.65,32.54,3.1,0.0
20190103:1506,436.1,576.01,33.83,31.9,3.52,0.0
20190103:1606,244.88,330.49,20.94,31.06,4.07,0.0
20190103:1706,46.26,81.22,7.51,29.76,4.0,0.0
20190103:1806,0.0,0.0,0.0,28.66,3.52,0.0
20190103:1906,0.0,0.0,0.0,28.12,3.38,0.0
20190103:2006,0.0,0.0,0.0,27.68,3.03,0.0
20190103:2106,0.0,0.0,0.0,27.37,2.9,0.0
20190103:2206,0.0,0.0,0.0,27.12,3.03,0.0
20190103:2306,0.0,0.0,0.0,26.97,3.1,0.0
20190104:0006,0.0,0.0,0.0,26.75,3.24,0.0
20190104:0106,0.0,0.0,0.0,26.61,3.1,0.0
20190104:0206,0.0,0.0,0.0,26.53,2.9,0.0
20190104:0306,0.0,0.0,0.0,26.31,2.34,0.0
20190104:0406,0.0,0.0,0.0,25.92,1.93,0.0
20190104:0506,0.0,0.0,0.0,25.73,1.72,0.0
20190104:0606,0.0,0.0,0.0,25.7,1.86,0.0
20190104:0706,153.71,215.06,14.64,25.61,2.28,0.0
20190104:0806,358.19,466.96,27.84,26.84,2.28,0.0
20190104:0906,522.91,691.6,40.28,28.37,2.0,0.0
20190104:1006,632.1,870.18,51.16,30.09,1.24,0.0
20190104:1106,664.43,957.92,58.79,31.57,0.21,0.0
20190104:1206,686.47,982.5,60.5,32.51,0.83,0.0
20190104:1306,663.76,925.15,55.4,33.18,1.86,0.0
20190104:1406,562.65,762.1,45.79,33.56,2.76,0.0
20190104:1506,434.33,577.72,33.96,33.48,3.66,0.0
20190104:1606,239.45,324.64,21.06,32.31,4.69,0.0
20190104:1706,48.0,83.9,7.63,30.43,4.9,0.0
20190104:1806,0.0,0.0,0.0,28.86,4.41,0.0
20190104:1906,0.0,0.0,0.0,28.2,3.72,0.0
20190104:2006,0.0,0.0,0.0,27.7,3.72,0.0
20190104:2106,0.0,0.0,0.0,27.49,4.14,0.0
20190104:2206,0.0,0.0,0.0,27.3,4.21,0.0
20190104:2306,0.0,0.0,0.0,27.19,3.86,0.0
20190105:0006,0.0,0.0,0.0,26.95,3.45,0.0
20190105:0106,0.0,0.0,0.0,26.72,3.1,0.0
20190105:0206,0.0,0.0,0.0,26.51,2.55,0.0
20190105:0306,0.0,0.0,0.0,26.46,2.69,0.0
20190105:0406,0.0,0.0,0.0,26.26,2.62,0.0
20190105:0506,0.0,0.0,0.0,26.12,2.41,0.0
20190105:0606,0.0,0.0,0.0,25.94,2.07,0.0
20190105:0706,152.6,214.04,14.57,25.91,2.34,0.0
20190105:0806,367.68,480.58,27.79,27.23,2.21,0.0
20190105:0906,528.41,702.43,40.25,28.85,1.86,0.0
20190105:1006,634.81,877.97,51.17,30.52,1.17,0.0
20190105:1106,678.84,977.56,58.86,31.83,0.41,0.0
20190105:1206,701.15,1003.2,60.62,32.79,1.03,0.0
20190105:1306,674.18,940.88,55.54,33.47,2.0,0.0
20190105:1406,582.87,791.31,45.94,33.86,2.9,0.0
20190105:1506,446.12,593.66,34.1,33.67,3.79,0.0
20190105:1606,256.98,347.04,21.19,32.22,4.83,0.0
20190105:1706,54.5,93.48,7.74,30.25,4.97,0.0
20190105:1806,0.0,0.0,0.0,28.7,4.34,0.0
20190105:1906,0.0,0.0,0.0,28.18,3.72,0.0
20190105:2006,0.0,0.0,0.0,27.62,3.86,0.0
20190105:2106,0.0,0.0,0.0,27.2,3.79,0.0
20190105:2206,0.0,0.0,0.0,26.83,3.52,0.0
20190105:2306,0.0,0.0,0.0,26.63,3.31,0.0
20190106:0006,0.0,0.0,0.0,26.41,3.1,0.0
20190106:0106,0.0,0.0,0.0,26.14,2.83,0.0
20190106:0206,0.0,0.0,0.0,25.89,2.62,0.0
20190106:0306,0.0,0.0,0.0,25.76,2.34,0.0
20190106:0406,0.0,0.0,0.0,25.86,2.14,0.0
20190106:0506,0.0,0.0,0.0,25.92,1.86,0.0
20190106:0606,0.0,0.0,0.0,26.03,1.52,0.0
20190106:0706,152.57,214.07,14.5,25.85,2.34,0.0
20190106:0806,365.04,474.9,27.74,26.47,2.34,0.0
20190106:0906,529.91,698.27,40.23,27.5,2.0,0.0
20190106:1006,634.07,868.89,51.19,29.19,1.24,0.0
20190106:1106,677.4,968.53,58.93,30.73,0.41,0.0
20190106:1206,710.8,1006.03,60.75,31.81,1.31,0.0
20190106:1306,678.27,932.9,55.7,32.47,2.55,0.0
20190106:1406,592.54,795.25,46.08,32.66,3.45,0.0
20190106:1506,450.43,593.92,34.24,32.2,4.07,0.0
20190106:1606,256.51,345.04,21.32,31.22,4.48,0.0
20190106:1706,52.61,90.21,7.86,29.96,4.21,0.0
20190106:1806,0.0,0.0,0.0,28.8,3.72,0.0
20190106:1906,0.0,0.0,0.0,28.01,3.31,0.0
20190106:2006,0.0,0.0,0.0,27.52,3.45,0.0
20190106:2106,0.0,0.0,0.0,27.15,3.72,0.0
20190106:2206,0.0,0.0,0.0,26.83,3.86,0.0
20190106:2306,0.0,0.0,0.0,26.67,3.86,0.0
20190107:0006,0.0,0.0,0.0,26.52,3.66,0.0
20190107:0106,0.0,0.0,0.0,26.38,3.24,0.0
20190107:0206,0.0,0.0,0.0,26.28,2.48,0.0
20190107:0306,0.0,0.0,0.0,26.09,1.72,0.0
20190107:0406,0.0,0.0,0.0,25.94,1.59,0.0
20190107:0506,0.0,0.0,0.0,25.71,1.72,0.0
20190107:0606,0.0,0.0,0.0,25.69,1.59,0.0
20190107:0706,161.23,226.08,14.44,26.05,2.28,0.0
20190107:0806,360.32,469.78,27.69,26.8,2.28,0.0
20190107:0906,520.21,685.59,40.21,27.91,2.07,0.0
20190107:1006,647.98,885.89,51.21,29.11,1.45,0.0
20190107:1106,392.97,534.05,59.0,30.52,0.62,0.0
20190107:1206,316.22,429.25,60.88,31.42,0.97,0.0
20190107:1306,565.92,768.98,55.85,32.01,2.28,0.0
20190107:1406,264.07,354.98,46.24,32.2,3.45,0.0
20190107:1506,158.32,218.71,34.38,31.34,4.34,0.0
20190107:1606,132.42,185.28,21.45,29.94,4.69,0.0
20190107:1706,26.96,50.93,7.98,28.85,4.83,0.0
20190107:1806,0.0,0.0,0.0,27.92,4.48,0.0
20190107:1906,0.0,0.0,0.0,27.7,3.45,0.0
20190107:2006,0.0,0.0,0.0,27.3,3.17,0.0
20190107:2106,0.0,0.0,0.0,27.04,3.38,0.0
20190107:2206,0.0,0.0,0.0,26.77,3.45,0.0
20190107:2306,0.0,0.0,0.0,26.57,3.79,0.0
20190108:0006,0.0,0.0,0.0,26.48,3.52,0.0
20190108:0106,0.0,0.0,0.0,26.37,2.9,0.0
20190108:0206,0.0,0.0,0.0,26.21,2.28,0.0
20190108:0306,0.0,0.0,0.0,25.97,2.0,0.0
20190108:0406,0.0,0.0,0.0,25.79,2.0,0.0
20190108:0506,0.0,0.0,0.0,25.58,1.72,0.0
20190108:0606,0.0,0.0,0.0,25.64,1.72,0.0
20190108:0706,149.52,210.39,14.37,25.4,1.72,0.0
20190108:0806,360.27,470.62,27.65,26.51,1.86,0.0
20190108:0906,524.95,699.18,40.19,28.22,1.45,0.0
20190108:1006,629.78,871.82,51.23,29.8,0.9,0.0
20190108:1106,678.05,973.54,59.09,31.04,0.34,0.0
20190108:1206,709.08,1001.2,61.03,32.05,1.45,0.0
20190108:1306,675.51,929.11,56.01,32.75,2.62,0.0
20190108:1406,592.99,797.47,46.39,32.9,3.38,0.0
20190108:1506,362.17,479.73,34.52,32.6,3.93,0.0
20190108:1606,244.93,330.4,21.58,31.54,4.41,0.0
20190108:1706,52.96,90.45,8.1,30.06,4.28,0.0
20190108:1806,0.0,0.0,0.0,28.8,3.72,0.0
20190108:1906,0.0,0.0,0.0,28.19,3.38,0.0
20190108:2006,0.0,0.0,0.0,27.7,3.38,0.0
20190108:2106,0.0,0.0,0.0,27.33,3.38,0.0
20190108:2206,0.0,0.0,0.0,27.02,3.24,0.0
20190108:2306,0.0,0.0,0.0,26.86,3.1,0.0
20190109:0006,0.0,0.0,0.0,26.68,2.69,0.0
20190109:0106,0.0,0.0,0.0,26.27,1.93,0.0
20190109:0206,0.0,0.0,0.0,25.66,1.86,0.0
20190109:0306,0.0,0.0,0.0,25.33,2.28,0.0
20190109:0406,0.0,0.0,0.0,25.07,2.21,0.0
20190109:0506,0.0,0.0,0.0,24.87,1.93,0.0
20190109:0606,0.0,0.0,0.0,24.7,1.86,0.0
20190109:0706,144.47,203.36,14.31,24.94,1.59,0.0
20190109:0806,347.39,456.2,27.61,26.47,1.24,0.0
20190109:0906,514.81,689.68,40.18,28.12,0.97,0.0
20190109:1006,620.34,866.13,51.26,29.82,0.48,0.0
20190109:1106,682.8,967.78,59.18,31.09,0.83,0.0
20190109:1206,720.55,1001.38,61.17,32.13,2.34,0.0
20190109:1306,683.87,929.31,56.18,32.59,3.52,0.0
20190109:1406,595.44,793.9,46.55,32.5,4.07,0.0
20190109:1506,446.65,586.93,34.66,31.97,4.41,0.0
20190109:1606,255.38,342.77,21.71,30.98,4.55,0.0
20190109:1706,54.89,93.0,8.21,29.73,4.55,0.0
20190109:1806,0.0,0.0,0.0,28.59,4.34,0.0
20190109:1906,0.0,0.0,0.0,27.88,3.72,0.0
20190109:2006,0.0,0.0,0.0,27.42,3.72,0.0
20190109:2106,0.0,0.0,0.0,27.1,3.86,0.0
20190109:2206,0.0,0.0,0.0,26.85,4.07,0.0
20190109:2306,0.0,0.0,0.0,26.68,4.14,0.0
20190110:0006,0.0,0.0,0.0,26.57,4.0,0.0
20190110:0106,0.0,0.0,0.0,26.45,3.66,0.0
20190110:0206,0.0,0.0,0.0,26.34,3.17,0.0
20190110:0306,0.0,0.0,0.0,26.23,2.48,0.0
20190110:0406,0.0,0.0,0.0,25.77,1.59,0.0
20190110:0506,0.0,0.0,0.0,25.25,1.24,0.0
20190110:0606,0.0,0.0,0.0,25.09,1.17,0.0
20190110:0706,140.18,198.73,14.26,25.69,1.24,0.0
20190110:0806,340.63,447.85,27.57,27.53,1.72,0.0
20190110:0906,508.55,671.03,40.17,28.9,2.34,0.0
20190110:1006,624.35,838.37,51.3,29.79,2.55,0.0
20190110:1106,686.92,931.73,59.28,30.64,2.97,0.0
20190110:1206,698.72,948.21,61.33,31.15,3.31,0.0
20190110:1306,674.2,907.79,56.35,31.44,3.66,0.0
20190110:1406,585.07,775.45,46.71,31.3,3.93,0.0
20190110:1506,439.97,576.59,34.81,31.12,4.14,0.0
20190110:1606,225.43,303.76,21.84,30.52,4.21,0.0
20190110:1706,53.05,89.91,8.33,29.56,3.66,0.0
20190110:1806,0.0,0.0,0.0,28.64,2.97,0.0
20190110:1906,0.0,0.0,0.0,27.86,2.97,0.0
20190110:2006,0.0,0.0,0.0,27.38,2.97,0.0
20190110:2106,0.0,0.0,0.0,27.11,2.9,0.0
20190110:2206,0.0,0.0,0.0,26.83,2.9,0.0
20190110:2306,0.0,0.0,0.0,26.67,3.03,0.0
20190111:0006,0.0,0.0,0.0,26.51,3.24,0.0
20190111:0106,0.0,0.0,0.0,26.4,3.38,0.0
20190111:0206,0.0,0.0,0.0,26.32,3.17,0.0
20190111:0306,0.0,0.0,0.0,26.28,2.76,0.0
20190111:0406,0.0,0.0,0.0,26.31,2.07,0.0
20190111:0506,0.0,0.0,0.0,26.17,1.59,0.0
20190111:0606,0.0,0.0,0.0,25.89,1.52,0.0
20190111:0706,136.68,194.56,14.2,26.46,1.86,0.0
20190111:0806,335.87,441.17,27.54,27.54,1.86,0.0
20190111:0906,489.74,649.86,40.17,28.72,1.66,0.0
20190111:1006,615.14,835.87,51.34,29.92,1.72,0.0
20190111:1106,681.73,935.59,59.38,30.83,2.21,0.0
20190111:1206,699.94,958.27,61.49,31.56,2.83,0.0
20190111:1306,664.15,901.24,56.53,31.7,3.03,0.0
20190111:1406,574.91,768.86,46.88,31.66,3.1,0.0
20190111:1506,430.19,567.93,34.96,31.44,3.24,0.0
20190111:1606,244.19,328.77,21.97,30.76,3.66,0.0
20190111:1706,58.43,98.01,8.45,29.83,3.86,0.0
20190111:1806,0.0,0.0,0.0,28.72,3.59,0.0
20190111:1906,0.0,0.0,0.0,28.11,3.24,0.0
20190111:2006,0.0,0.0,0.0,27.67,3.38,0.0
20190111:2106,0.0,0.0,0.0,27.4,3.66,0.0
20190111:2206,0.0,0.0,0.0,27.21,3.72,0.0
20190111:2306,0.0,0.0,0.0,27.02,3.59,0.0
20190112:0006,0.0,0.0,0.0,26.82,3.24,0.0
20190112:0106,0.0,0.0,0.0,26.68,2.97,0.0
20190112:0206,0.0,0.0,0.0,26.58,2.76,0.0
20190112:0306,0.0,0.0,0.0,26.39,2.69,0.0
20190112:0406,0.0,0.0,0.0,26.34,2.62,0.0
20190112:0506,0.0,0.0,0.0,26.35,2.48,0.0
20190112:0606,0.0,0.0,0.0,26.39,2.41,0.0
20190112:0706,138.22,196.45,14.15,26.52,2.55,0.0
20190112:0806,344.31,450.58,27.51,27.31,2.21,0.0
20190112:0906,446.39,590.33,40.17,28.69,1.72,0.0
20190112:1006,590.13,802.66,51.39,30.0,1.52,0.0
20190112:1106,631.89,876.18,59.49,31.43,1.45,0.0
20190112:1206,681.58,946.84,61.66,32.54,2.14,0.0
20190112:1306,658.9,902.27,56.71,33.24,2.97,0.0
20190112:1406,569.0,760.64,47.04,33.24,4.0,0.0
20190112:1506,428.86,562.13,35.11,32.19,5.1,0.0
20190112:1606,233.73,313.8,22.1,30.82,5.24,0.0
20190112:1706,47.12,80.83,8.56,29.68,4.83,0.0
20190112:1806,0.0,0.0,0.0,28.81,4.62,0.0
20190112:1906,0.0,0.0,0.0,28.35,4.41,0.0
20190112:2006,0.0,0.0,0.0,28.05,4.34,0.0
20190112:2106,0.0,0.0,0.0,27.8,4.07,0.0
20190112:2206,0.0,0.0,0.0,27.56,3.86,0.0
20190112:2306,0.0,0.0,0.0,27.32,3.38,0.0
20190113:0006,0.0,0.0,0.0,27.2,3.1,0.0
20190113:0106,0.0,0.0,0.0,27.03,3.03,0.0
20190113:0206,0.0,0.0,0.0,26.92,3.03,0.0
20190113:0306,0.0,0.0,0.0,26.79,3.03,0.0
20190113:0406,0.0,0.0,0.0,26.71,2.76,0.0
20190113:0506,0.0,0.0,0.0,26.56,2.48,0.0
20190113:0606,0.0,0.0,0.0,26.59,2.07,0.0
20190113:0706,141.21,200.91,14.11,26.68,2.14,0.0
20190113:0806,332.9,435.65,27.49,28.09,2.9,0.0
20190113:0906,425.21,557.98,40.18,29.15,2.76,0.0
20190113:1006,504.28,670.42,51.44,30.35,2.83,0.0
20190113:1106,481.72,642.89,59.61,31.19,3.1,0.0
20190113:1206,670.98,908.15,61.84,32.11,3.72,0.0
20190113:1306,661.34,889.6,56.9,32.4,4.14,0.0
20190113:1406,603.01,801.28,47.21,32.42,4.48,0.0
20190113:1506,454.04,594.93,35.26,31.89,4.83,0.0
20190113:1606,261.69,350.18,22.23,30.99,4.9,0.0
20190113:1706,59.6,99.26,8.68,29.92,4.62,0.0
20190113:1806,0.0,0.0,0.0,29.0,4.07,0.0
20190113:1906,0.0,0.0,0.0,28.41,3.45,0.0
20190113:2006,0.0,0.0,0.0,28.04,3.52,0.0
20190113:2106,0.0,0.0,0.0,27.76,3.66,0.0
20190113:2206,0.0,0.0,0.0,27.54,3.93,0.0
20190113:2306,0.0,0.0,0.0,27.4,4.28,0.0
20190114:0006,0.0,0.0,0.0,27.29,4.48,0.0
20190114:0106,0.0,0.0,0.0,27.24,4.48,0.0
20190114:0206,0.0,0.0,0.0,27.15,4.21,0.0
20190114:0306,0.0,0.0,0.0,27.03,3.79,0.0
20190114:0406,0.0,0.0,0.0,26.99,3.31,0.0
20190114:0506,0.0,0.0,0.0,26.74,3.03,0.0
20190114:0606,0.0,0.0,0.0,26.47,2.76,0.0
20190114:0706,149.75,212.27,14.06,27.15,3.52,0.0
20190114:0806,214.63,285.14,27.47,27.87,3.59,0.0
20190114:0906,310.01,407.24,40.19,29.0,3.31,0.0
20190114:1006,339.73,449.41,51.5,30.06,3.17,0.0
20190114:1106,458.79,609.02,59.73,31.0,3.52,0.0
20190114:1206,523.59,695.23,62.02,31.34,4.14,0.0
20190114:1306,492.47,648.33,57.09,31.18,4.9,0.0
20190114:1406,453.96,589.55,47.39,29.52,5.1,0.0
20190114:1506,419.19,542.41,35.41,28.96,4.55,0.0
20190114:1606,151.65,208.57,22.37,29.19,4.62,0.0
20190114:1706,65.28,107.12,8.8,28.95,4.55,0.0
20190114:1806,0.0,0.0,0.0,28.4,4.0,0.0
20190114:1906,0.0,0.0,0.0,27.93,3.17,0.0
20190114:2006,0.0,0.0,0.0,27.59,2.9,0.0
20190114:2106,0.0,0.0,0.0,27.4,2.83,0.0
20190114:2206,0.0,0.0,0.0,27.2,2.9,0.0
20190114:2306,0.0,0.0,0.0,27.04,3.1,0.0
20190115:0006,0.0,0.0,0.0,26.95,3.24,0.0
20190115:0106,0.0,0.0,0.0,26.96,3.31,0.0
20190115:0206,0.0,0.0,0.0,26.9,3.1,0.0
20190115:0306,0.0,0.0,0.0,26.91,2.69,0.0
20190115:0406,0.0,0.0,0.0,26.67,1.86,0.0
20190115:0506,0.0,0.0,0.0,26.16,1.52,0.0
20190115:0606,0.0,0.0,0.0,25.8,1.17,0.0
20190115:0706,132.83,190.02,14.02,26.46,1.66,0.0
20190115:0806,288.12,380.23,27.45,27.26,1.45,0.0
20190115:0906,318.21,420.02,40.21,28.07,1.66,0.0
20190115:1006,531.51,707.81,51.56,28.9,2.14,0.0
20190115:1106,475.18,633.24,59.86,29.89,2.48,0.0
20190115:1206,655.6,884.44,62.21,30.45,3.1,0.0
20190115:1306,684.93,919.38,57.29,30.66,3.66,0.0
20190115:1406,578.71,762.73,47.56,30.5,4.07,0.0
20190115:1506,460.42,599.43,35.56,30.05,4.34,0.0
20190115:1606,266.29,354.01,22.5,29.34,4.14,0.0
20190115:1706,63.8,104.84,8.91,28.8,3.86,0.0
20190115:1806,0.0,0.0,0.0,28.16,3.38,0.0
20190115:1906,0.0,0.0,0.0,27.61,3.24,0.0
20190115:2006,0.0,0.0,0.0,27.26,3.31,0.0
20190115:2106,0.0,0.0,0.0,27.08,3.52,0.0
20190115:2206,0.0,0.0,0.0,27.01,3.72,0.0
20190115:2306,0.0,0.0,0.0,26.98,3.86,0.0
20190116:0006,0.0,0.0,0.0,27.02,3.72,0.0
20190116:0106,0.0,0.0,0.0,27.05,3.1,0.0
20190116:0206,0.0,0.0,0.0,26.96,2.07,0.0
20190116:0306,0.0,0.0,0.0,26.68,1.52,0.0
20190116:0406,0.0,0.0,0.0,26.44,1.17,0.0
20190116:0506,0.0,0.0,0.0,26.14,1.17,0.0
20190116:0606,0.0,0.0,0.0,25.72,1.03,0.0
20190116:0706,0.0,0.0,0.0,26.63,1.72,0.0
20190116:0806,341.84,449.74,27.44,27.47,1.66,0.0
20190116:0906,489.8,648.48,40.22,28.11,1.59,0.0
20190116:1006,480.65,639.63,51.63,29.02,1.93,0.0
20190116:1106,620.38,838.52,60.0,29.64,2.28,0.0
20190116:1206,663.13,898.53,62.4,30.07,2.69,0.0
20190116:1306,573.5,765.21,57.49,30.08,3.03,0.0
20190116:1406,537.41,708.81,47.74,30.24,3.59,0.0
20190116:1506,386.6,505.02,35.71,29.97,3.93,0.0
20190116:1606,197.25,266.26,22.63,29.61,4.41,0.0
20190116:1706,43.67,74.81,9.02,28.98,4.21,0.0
20190116:1806,0.0,0.0,0.0,28.19,3.86,0.0
20190116:1906,0.0,0.0,0.0,27.66,3.66,0.0
20190116:2006,0.0,0.0,0.0,27.38,3.72,0.0
20190116:2106,0.0,0.0,0.0,27.2,4.0,0.0
20190116:2206,0.0,0.0,0.0,27.1,4.07,0.0
20190116:2306,0.0,0.0,0.0,26.99,3.93,0.0
20190117:0006,0.0,0.0,0.0,26.95,3.38,0.0
20190117:0106,0.0,0.0,0.0,27.06,2.76,0.0
20190117:0206,0.0,0.0,0.0,26.95,2.34,0.0
20190117:0306,0.0,0.0,0.0,26.56,2.21,0.0
20190117:0406,0.0,0.0,0.0,26.34,2.28,0.0
20190117:0506,0.0,0.0,0.0,25.88,2.28,0.0
20190117:0606,0.0,0.0,0.0,25.85,2.34,0.0
20190117:0706,137.86,196.62,13.95,26.47,2.55,0.0
20190117:0806,297.96,389.26,27.43,27.4,3.17,0.0
20190117:0906,462.92,605.3,40.25,28.45,2.83,0.0
20190117:1006,559.54,747.07,51.7,29.24,2.28,0.0
20190117:1106,626.98,846.36,60.14,29.61,2.41,0.0
20190117:1206,693.97,943.43,62.6,29.97,2.69,0.0
20190117:1306,667.28,895.83,57.69,30.21,3.31,0.0
20190117:1406,573.99,757.67,47.92,30.46,3.86,0.0
20190117:1506,422.82,549.86,35.86,29.83,4.41,0.0
20190117:1606,174.96,237.39,22.76,29.09,4.9,0.0
20190117:1706,52.91,88.18,9.14,28.59,4.83,0.0
20190117:1806,0.0,0.0,0.0,27.94,4.14,0.0
20190117:1906,0.0,0.0,0.0,27.59,3.86,0.0
20190117:2006,0.0,0.0,0.0,27.4,4.28,0.0
20190117:2106,0.0,0.0,0.0,27.23,4.55,0.0
20190117:2206,0.0,0.0,0.0,27.27,4.69,0.0
20190117:2306,0.0,0.0,0.0,27.2,4.62,0.0
20190118:0006,0.0,0.0,0.0,27.21,4.34,0.0
20190118:0106,0.0,0.0,0.0,27.17,4.0,0.0
20190118:0206,0.0,0.0,0.0,27.05,3.59,0.0
20190118:0306,0.0,0.0,0.0,26.92,3.31,0.0
20190118:0406,0.0,0.0,0.0,26.64,3.1,0.0
20190118:0506,0.0,0.0,0.0,26.59,2.69,0.0
20190118:0606,0.0,0.0,0.0,26.47,2.34,0.0
20190118:0706,96.3,141.29,13.92,26.88,2.55,0.0
20190118:0806,337.21,440.23,27.42,28.05,3.31,0.0
20190118:0906,413.3,539.63,40.28,29.14,3.45,0.0
20190118:1006,522.28,688.39,51.78,29.83,3.59,0.0
20190118:1106,708.0,949.89,60.29,30.46,3.93,0.0
20190118:1206,714.93,957.17,62.81,30.58,4.34,0.0
20190118:1306,659.8,874.59,57.9,30.83,4.83,0.0
20190118:1406,610.88,799.83,48.1,30.43,5.1,0.0
20190118:1506,466.75,603.57,36.02,29.68,5.24,0.0
20190118:1606,245.4,326.18,22.89,29.34,5.03,0.0
20190118:1706,60.8,99.69,9.25,29.03,4.62,0.0
20190118:1806,0.0,0.0,0.0,28.47,4.21,0.0
20190118:1906,0.0,0.0,0.0,28.0,3.38,0.0
20190118:2006,0.0,0.0,0.0,27.71,3.59,0.0
20190118:2106,0.0,0.0,0.0,27.53,3.93,0.0
20190118:2206,0.0,0.0,0.0,27.47,4.28,0.0
20190118:2306,0.0,0.0,0.0,27.35,4.41,0.0
20190119:0006,0.0,0.0,0.0,27.26,4.28,0.0
20190119:0106,0.0,0.0,0.0,27.12,4.07,0.0
20190119:0206,0.0,0.0,0.0,26.97,3.79,0.0
20190119:0306,0.0,0.0,0.0,26.8,3.31,0.0
20190119:0406,0.0,0.0,0.0,26.72,2.83,0.0
20190119:0506,0.0,0.0,0.0,26.51,2.62,0.0
20190119:0606,0.0,0.0,0.0,26.31,2.28,0.0
20190119:0706,136.22,195.11,13.89,26.61,2.07,0.0
20190119:0806,348.83,456.31,27.42,27.6,2.55,0.0
20190119:0906,310.8,408.53,40.31,28.75,2.97,0.0
20190119:1006,532.89,704.12,51.86,29.62,3.24,0.0
20190119:1106,502.4,665.86,60.44,30.31,3.52,0.0
20190119:1206,624.11,834.9,63.02,30.72,3.72,0.0
20190119:1306,642.37,857.4,58.11,31.07,4.07,0.0
20190119:1406,602.29,796.2,48.28,31.11,4.28,0.0
20190119:1506,468.57,612.6,36.17,30.92,4.41,0.0
20190119:1606,273.97,364.84,23.02,30.42,4.62,0.0
20190119:1706,66.97,109.0,9.36,29.54,4.21,0.0
20190119:1806,0.0,0.0,0.0,28.73,3.86,0.0
20190119:1906,0.0,0.0,0.0,28.3,3.86,0.0
20190119:2006,0.0,0.0,0.0,27.95,3.86,0.0
20190119:2106,0.0,0.0,0.0,27.75,3.93,0.0
20190119:2206,0.0,0.0,0.0,27.64,4.07,0.0
20190119:2306,0.0,0.0,0.0,27.5,4.28,0.0
20190120:0006,0.0,0.0,0.0,27.38,4.34,0.0
20190120:0106,0.0,0.0,0.0,27.24,4.34,0.0
20190120:0206,0.0,0.0,0.0,27.19,4.14,0.0
20190120:0306,0.0,0.0,0.0,27.08,3.93,0.0
20190120:0406,0.0,0.0,0.0,26.88,3.52,0.0
20190120:0506,0.0,0.0,0.0,26.56,3.31,0.0
20190120:0606,0.0,0.0,0.0,26.34,2.69,0.0
20190120:0706,117.3,169.58,13.87,26.77,2.34,0.0
20190120:0806,334.46,439.76,27.43,27.8,2.0,0.0
20190120:0906,231.64,309.76,40.35,28.71,2.07,0.0
20190120:1006,408.22,540.96,51.95,29.69,2.41,0.0
20190120:1106,203.65,276.3,60.6,30.5,2.97,0.0
20190120:1206,77.99,117.36,63.24,30.97,3.66,0.0
20190120:1306,46.45,75.94,58.33,29.29,4.21,0.0
20190120:1406,79.42,118.35,48.47,29.59,4.62,0.0
20190120:1506,69.91,106.51,36.33,30.03,4.28,0.0
20190120:1606,151.38,209.0,23.15,30.0,4.34,0.0
20190120:1706,9.77,24.66,9.47,29.48,4.14,0.0
20190120:1806,0.0,0.0,0.0,28.72,3.79,0.0
20190120:1906,0.0,0.0,0.0,28.02,3.03,0.0
20190120:2006,0.0,0.0,0.0,27.69,2.69,0.0
20190120:2106,0.0,0.0,0.0,27.46,2.83,0.0
20190120:2206,0.0,0.0,0.0,27.3,3.1,0.0
20190120:2306,0.0,0.0,0.0,27.17,3.38,0.0
20190121:0006,0.0,0.0,0.0,27.1,3.45,0.0
20190121:0106,0.0,0.0,0.0,27.07,3.38,0.0
20190121:0206,0.0,0.0,0.0,26.99,3.1,0.0
20190121:0306,0.0,0.0,0.0,26.66,2.76,0.0
20190121:0406,0.0,0.0,0.0,26.59,2.83,0.0
20190121:0506,0.0,0.0,0.0,26.24,2.69,0.0
20190121:0606,0.0,0.0,0.0,25.85,2.28,0.0
20190121:0706,96.56,141.45,13.85,26.2,2.41,0.0
20190121:0806,272.33,357.26,27.43,27.23,2.83,0.0
20190121:0906,360.48,471.12,40.39,28.13,2.76,0.0
20190121:1006,584.75,776.68,52.04,29.17,2.83,0.0
20190121:1106,612.67,822.74,60.77,30.14,2.9,0.0
20190121:1206,701.08,949.83,63.47,30.67,3.24,0.0
20190121:1306,672.22,903.18,58.55,30.76,3.52,0.0
20190121:1406,428.59,563.21,48.65,30.37,3.86,0.0
20190121:1506,163.93,223.18,36.48,27.9,2.69,0.0
20190121:1606,108.36,154.35,23.28,28.51,3.17,0.0
20190121:1706,5.67,17.75,9.58,28.46,3.31,0.0
20190121:1806,0.0,0.0,0.0,28.1,2.83,0.0
20190121:1906,0.0,0.0,0.0,27.57,3.03,0.0
20190121:2006,0.0,0.0,0.0,27.25,3.03,0.0
20190121:2106,0.0,0.0,0.0,27.01,3.1,0.0
20190121:2206,0.0,0.0,0.0,26.81,3.24,0.0
20190121:2306,0.0,0.0,0.0,26.67,3.45,0.0
20190122:0006,0.0,0.0,0.0,26.61,3.66,0.0
20190122:0106,0.0,0.0,0.0,26.58,3.59,0.0
20190122:0206,0.0,0.0,0.0,26.7,3.17,0.0
20190122:0306,0.0,0.0,0.0,26.73,2.69,0.0
20190122:0406,0.0,0.0,0.0,26.01,2.34,0.0
20190122:0506,0.0,0.0,0.0,25.85,2.48,0.0
20190122:0606,0.0,0.0,0.0,25.7,2.62,0.0
20190122:0706,127.53,183.47,13.83,26.66,2.55,0.0
20190122:0806,329.94,431.23,27.44,27.75,2.97,0.0
20190122:0906,515.62,678.06,40.44,28.91,2.69,0.0
20190122:1006,592.36,791.78,52.14,29.58,2.55,0.0
20190122:1106,640.95,869.63,60.94,30.43,2.48,0.0
20190122:1206,683.1,932.24,63.7,31.09,2.76,0.0
20190122:1306,613.69,823.32,58.77,31.26,3.45,0.0
20190122:1406,557.24,731.79,48.84,30.25,4.28,0.0
20190122:1506,458.15,594.96,36.64,29.2,4.07,0.0
20190122:1606,0.0,0.0,0.0,29.16,4.0,0.0
20190122:1706,55.16,90.92,9.69,28.95,4.41,0.0
20190122:1806,0.0,0.0,0.0,28.37,4.0,0.0
20190122:1906,0.0,0.0,0.0,28.11,3.86,0.0
20190122:2006,0.0,0.0,0.0,27.86,4.14,0.0
20190122:2106,0.0,0.0,0.0,27.77,4.55,0.0
20190122:2206,0.0,0.0,0.0,27.72,4.9,0.0
20190122:2306,0.0,0.0,0.0,27.6,4.9,0.0
20190123:0006,0.0,0.0,0.0,27.49,4.62,0.0
20190123:0106,0.0,0.0,0.0,27.41,4.14,0.0
20190123:0206,0.0,0.0,0.0,27.35,3.45,0.0
20190123:0306,0.0,0.0,0.0,27.29,3.03,0.0
20190123:0406,0.0,0.0,0.0,26.75,2.69,0.0
20190123:0506,0.0,0.0,0.0,26.82,2.41,0.0
20190123:0606,0.0,0.0,0.0,26.76,2.07,0.0
20190123:0706,108.74,158.56,13.82,27.19,2.41,0.0
20190123:0806,348.83,455.08,27.45,27.91,3.31,0.0
20190123:0906,428.09,557.96,40.49,28.83,3.45,0.0
20190123:1006,432.5,569.01,52.25,29.63,3.38,0.0
20190123:1106,515.32,684.27,61.11,30.53,3.52,0.0
20190123:1206,603.27,800.84,63.93,30.62,4.34,0.0
20190123:1306,503.15,660.03,59.0,30.07,4.69,0.0
20190123:1406,587.8,769.81,49.03,29.64,4.41,0.0
20190123:1506,45.61,74.95,36.79,29.74,4.69,0.0
20190123:1606,53.17,84.82,23.54,29.7,4.76,0.0
20190123:1706,29.38,53.55,9.79,29.12,4.41,0.0
20190123:1806,0.0,0.0,0.0,28.36,3.86,0.0
20190123:1906,0.0,0.0,0.0,28.09,3.31,0.0
20190123:2006,0.0,0.0,0.0,27.84,2.97,0.0
20190123:2106,0.0,0.0,0.0,27.63,2.97,0.0
20190123:2206,0.0,0.0,0.0,27.47,3.24,0.0
20190123:2306,0.0,0.0,0.0,27.39,3.72,0.0
20190124:0006,0.0,0.0,0.0,27.29,4.07,0.0
20190124:0106,0.0,0.0,0.0,27.23,4.14,0.0
20190124:0206,0.0,0.0,0.0,27.21,4.0,0.0
20190124:0306,0.0,0.0,0.0,27.1,3.59,0.0
20190124:0406,0.0,0.0,0.0,26.58,2.83,0.0
20190124:0506,0.0,0.0,0.0,26.39,2.41,0.0
20190124:0606,0.0,0.0,0.0,25.88,2.07,0.0
20190124:0706,137.69,197.02,13.81,25.09,0.97,0.0
20190124:0806,74.34,110.46,27.47,25.2,0.62,0.0
20190124:0906,122.41,170.62,40.54,25.64,1.03,0.0
20190124:1006,62.39,95.67,52.35,26.52,2.14,0.0
20190124:1106,80.24,118.35,61.3,27.1,2.9,0.0
20190124:1206,63.04,96.65,64.17,27.21,3.17,0.0
20190124:1306,56.04,87.78,59.23,27.46,3.59,0.0
20190124:1406,46.1,74.95,49.22,27.48,3.66,0.0
20190124:1506,37.09,63.12,36.95,27.53,3.93,0.0
20190124:1606,49.09,78.9,23.67,27.73,3.79,0.0
20190124:1706,5.7,17.75,9.9,27.63,3.59,0.0
20190124:1806,0.0,0.0,0.0,27.37,3.17,0.0
20190124:1906,0.0,0.0,0.0,26.08,3.1,0.0
20190124:2006,0.0,0.0,0.0,26.19,3.31,0.0
20190124:2106,0.0,0.0,0.0,26.39,2.76,0.0
20190124:2206,0.0,0.0,0.0,26.43,2.41,0.0
20190124:2306,0.0,0.0,0.0,26.3,2.28,0.0
20190125:0006,0.0,0.0,0.0,26.19,1.79,0.0
20190125:0106,0.0,0.0,0.0,26.11,1.45,0.0
20190125:0206,0.0,0.0,0.0,26.08,1.59,0.0
20190125:0306,0.0,0.0,0.0,26.14,1.72,0.0
20190125:0406,0.0,0.0,0.0,26.13,1.79,0.0
20190125:0506,0.0,0.0,0.0,26.1,1.66,0.0
20190125:0606,0.0,0.0,0.0,26.06,1.45,0.0
20190125:0706,134.99,193.72,13.8,25.9,1.72,0.0
20190125:0806,352.71,461.79,27.49,26.66,1.86,0.0
20190125:0906,530.24,698.89,40.6,27.93,2.14,0.0
20190125:1006,650.6,873.54,52.47,29.04,2.48,0.0
20190125:1106,584.67,786.06,61.49,29.71,2.41,0.0
20190125:1206,723.97,985.83,64.42,30.13,2.9,0.0
20190125:1306,684.87,922.48,59.47,30.3,3.24,0.0
20190125:1406,617.1,818.16,49.41,30.55,3.79,0.0
20190125:1506,481.89,628.1,37.1,29.23,3.66,0.0
20190125:1606,287.2,380.09,23.79,29.01,3.79,0.0
20190125:1706,77.29,122.55,10.0,28.6,3.66,0.0
20190125:1806,0.0,0.0,0.0,28.14,3.17,0.0
20190125:1906,0.0,0.0,0.0,27.64,2.9,0.0
20190125:2006,0.0,0.0,0.0,27.41,2.83,0.0
20190125:2106,0.0,0.0,0.0,27.31,3.17,0.0
20190125:2206,0.0,0.0,0.0,27.25,3.59,0.0
20190125:2306,0.0,0.0,0.0,27.15,3.72,0.0
20190126:0006,0.0,0.0,0.0,27.13,3.86,0.0
20190126:0106,0.0,0.0,0.0,27.1,3.93,0.0
20190126:0206,0.0,0.0,0.0,27.02,3.72,0.0
20190126:0306,0.0,0.0,0.0,26.97,3.24,0.0
20190126:0406,0.0,0.0,0.0,26.87,2.76,0.0
20190126:0506,0.0,0.0,0.0,26.65,2.55,0.0
20190126:0606,0.0,0.0,0.0,26.49,2.55,0.0
20190126:0706,69.31,105.78,13.8,26.71,2.28,0.0
20190126:0806,194.59,260.75,27.52,27.8,3.03,0.0
20190126:0906,460.3,602.47,40.66,28.92,2.97,0.0
20190126:1006,603.56,806.74,52.58,29.87,2.76,0.0
20190126:1106,611.29,822.84,61.68,30.39,2.83,0.0
20190126:1206,595.24,800.04,64.68,30.95,3.17,0.0
20190126:1306,571.55,762.95,59.7,31.4,3.72,0.0
20190126:1406,631.98,838.43,49.6,31.16,4.21,0.0
20190126:1506,438.71,571.61,37.26,30.56,4.69,0.0
20190126:1606,282.76,374.76,23.92,29.99,4.76,0.0
20190126:1706,74.84,119.38,10.1,29.38,4.83,0.0
20190126:1806,0.0,0.0,0.0,28.61,4.76,0.0
20190126:1906,0.0,0.0,0.0,28.04,4.55,0.0
20190126:2006,0.0,0.0,0.0,27.77,4.69,0.0
20190126:2106,0.0,0.0,0.0,27.57,4.9,0.0
20190126:2206,0.0,0.0,0.0,27.41,5.24,0.0
20190126:2306,0.0,0.0,0.0,27.34,5.24,0.0
20190127:0006,0.0,0.0,0.0,27.34,5.1,0.0
20190127:0106,0.0,0.0,0.0,27.27,4.62,0.0
20190127:0206,0.0,0.0,0.0,27.23,3.93,0.0
20190127:0306,0.0,0.0,0.0,26.92,3.24,0.0
20190127:0406,0.0,0.0,0.0,25.94,2.0,0.0
20190127:0506,0.0,0.0,0.0,25.8,2.14,0.0
20190127:0606,0.0,0.0,0.0,25.79,1.72,0.0
20190127:0706,135.11,194.41,13.8,26.58,2.21,0.0
20190127:0806,346.42,452.37,27.54,27.63,2.97,0.0
20190127:0906,471.29,614.65,40.73,28.61,3.24,0.0
20190127:1006,606.66,806.95,52.71,29.37,2.97,0.0
20190127:1106,678.85,917.28,61.88,29.95,2.9,0.0
20190127:1206,642.05,861.07,64.94,30.31,3.45,0.0
20190127:1306,598.16,792.55,59.94,30.57,4.28,0.0
20190127:1406,586.09,766.35,49.8,29.64,4.62,0.0
20190127:1506,403.16,522.07,37.41,29.19,4.83,0.0
20190127:1606,230.54,306.48,24.04,28.53,4.28,0.0
20190127:1706,64.81,103.85,10.2,28.13,4.07,0.0
20190127:1806,0.0,0.0,0.0,27.66,3.86,0.0
20190127:1906,0.0,0.0,0.0,27.8,3.66,0.0
20190127:2006,0.0,0.0,0.0,27.66,3.72,0.0
20190127:2106,0.0,0.0,0.0,27.51,3.72,0.0
20190127:2206,0.0,0.0,0.0,27.43,3.93,0.0
20190127:2306,0.0,0.0,0.0,27.31,4.28,0.0
20190128:0006,0.0,0.0,0.0,27.28,4.69,0.0
20190128:0106,0.0,0.0,0.0,27.19,4.62,0.0
20190128:0206,0.0,0.0,0.0,27.08,4.28,0.0
20190128:0306,0.0,0.0,0.0,26.98,3.72,0.0
20190128:0406,0.0,0.0,0.0,26.83,3.45,0.0
20190128:0506,0.0,0.0,0.0,26.63,3.45,0.0
20190128:0606,0.0,0.0,0.0,26.41,2.9,0.0
20190128:0706,63.91,98.32,13.8,26.27,3.03,0.0
20190128:0806,179.55,240.76,27.58,26.27,2.55,0.0
20190128:0906,235.58,311.3,40.8,26.19,1.93,0.0
20190128:1006,113.46,159.77,52.83,26.45,1.66,0.0
20190128:1106,67.83,102.57,62.08,26.62,2.34,0.0
20190128:1206,51.58,81.86,65.2,26.65,2.34,0.0
20190128:1306,47.62,76.93,60.18,27.31,2.76,0.0
20190128:1406,422.92,550.45,49.99,27.4,3.17,0.0
20190128:1506,407.8,527.45,37.56,27.86,3.79,0.0
20190128:1606,212.57,283.28,24.16,27.96,4.07,0.0
20190128:1706,79.7,125.33,10.3,27.64,3.31,0.0
20190128:1806,0.0,0.0,0.0,27.46,3.17,0.0
20190128:1906,0.0,0.0,0.0,27.42,3.03,0.0
20190128:2006,0.0,0.0,0.0,27.3,2.76,0.0
20190128:2106,0.0,0.0,0.0,27.27,2.76,0.0
20190128:2206,0.0,0.0,0.0,27.19,2.69,0.0
20190128:2306,0.0,0.0,0.0,27.07,2.62,0.0
20190129:0006,0.0,0.0,0.0,26.97,2.9,0.0
20190129:0106,0.0,0.0,0.0,26.86,2.83,0.0
20190129:0206,0.0,0.0,0.0,26.71,2.55,0.0
20190129:0306,0.0,0.0,0.0,26.24,2.55,0.0
20190129:0406,0.0,0.0,0.0,25.86,2.34,0.0
20190129:0506,0.0,0.0,0.0,25.6,2.21,0.0
20190129:0606,0.0,0.0,0.0,25.67,2.21,0.0
20190129:0706,128.81,185.94,13.81,26.62,2.34,0.0
20190129:0806,315.34,413.12,27.61,27.96,2.97,0.0
20190129:0906,296.36,391.68,40.87,28.39,2.0,0.0
20190129:1006,315.1,416.93,52.96,28.62,2.28,0.0
20190129:1106,637.49,853.0,62.29,28.78,2.83,0.0
20190129:1206,51.05,81.86,65.47,28.71,2.55,0.0
20190129:1306,47.86,77.91,60.43,29.32,2.41,0.0
20190129:1406,57.66,90.73,50.18,29.67,3.03,0.0
20190129:1506,474.85,618.1,37.71,29.42,3.93,0.0
20190129:1606,254.68,337.69,24.28,29.11,4.41,0.0
20190129:1706,46.59,77.66,10.39,28.61,3.93,0.0
20190129:1806,0.0,0.0,0.0,28.03,3.66,0.0
20190129:1906,0.0,0.0,0.0,27.69,2.9,0.0
20190129:2006,0.0,0.0,0.0,27.52,2.97,0.0
20190129:2106,0.0,0.0,0.0,27.54,2.97,0.0
20190129:2206,0.0,0.0,0.0,26.84,2.83,0.0
20190129:2306,0.0,0.0,0.0,26.27,2.76,0.0
20190130:0006,0.0,0.0,0.0,25.7,2.97,0.0
20190130:0106,0.0,0.0,0.0,25.6,1.86,0.0
20190130:0206,0.0,0.0,0.0,25.64,1.86,0.0
20190130:0306,0.0,0.0,0.0,25.48,1.93,0.0
20190130:0406,0.0,0.0,0.0,25.57,2.21,0.0
20190130:0506,0.0,0.0,0.0,25.76,2.48,0.0
20190130:0606,0.0,0.0,0.0,26.11,2.55,0.0
20190130:0706,41.23,68.47,13.82,26.3,1.86,0.0
20190130:0806,79.47,117.36,27.65,26.73,2.0,0.0
20190130:0906,273.64,360.18,40.95,27.03,2.07,0.0
20190130:1006,529.42,704.38,53.1,27.58,1.66,0.0
20190130:1106,673.33,920.06,62.51,28.45,1.66,0.0
20190130:1206,696.06,950.97,65.74,29.17,2.14,0.0
20190130:1306,692.78,939.75,60.68,29.39,2.48,0.0
20190130:1406,605.1,805.9,50.38,29.64,2.83,0.0
20190130:1506,456.42,596.89,37.86,29.46,3.24,0.0
20190130:1606,296.4,392.87,24.4,29.05,3.17,0.0
20190130:1706,83.3,130.63,10.49,28.52,3.03,0.0
20190130:1806,0.0,0.0,0.0,27.98,2.55,0.0
20190130:1906,0.0,0.0,0.0,27.59,2.48,0.0
20190130:2006,0.0,0.0,0.0,27.37,2.41,0.0
20190130:2106,0.0,0.0,0.0,27.28,2.28,0.0
20190130:2206,0.0,0.0,0.0,27.26,2.41,0.0
20190130:2306,0.0,0.0,0.0,27.24,2.41,0.0
20190131:0006,0.0,0.0,0.0,27.12,2.41,0.0
20190131:0106,0.0,0.0,0.0,27.03,2.41,0.0
20190131:0206,0.0,0.0,0.0,26.97,2.34,0.0
20190131:0306,0.0,0.0,0.0,26.91,2.14,0.0
20190131:0406,0.0,0.0,0.0,26.79,2.0,0.0
20190131:0506,0.0,0.0,0.0,26.62,1.86,0.0
20190131:0606,0.0,0.0,0.0,26.37,1.52,0.0
20190131:0706,102.68,150.91,13.83,26.42,0.69,0.0
20190131:0806,252.28,337.15,27.69,27.71,0.69,0.0
20190131:0906,474.6,636.5,41.03,28.58,0.76,0.0
20190131:1006,600.79,824.53,53.24,29.25,0.9,0.0
20190131:1106,697.8,983.17,62.73,29.56,0.83,0.0
20190131:1206,709.3,1014.93,66.02,30.11,0.55,0.0
20190131:1306,672.87,952.07,60.92,30.68,0.69,0.0
20190131:1406,606.76,831.48,50.57,30.97,1.45,0.0
20190131:1506,477.12,632.71,38.01,30.93,2.62,0.0
20190131:1606,288.27,383.7,24.52,30.13,3.52,0.0
20190131:1706,80.73,127.5,10.58,29.47,3.59,0.0
20190131:1806,0.0,0.0,0.0,28.63,3.1,0.0
20190131:1906,0.0,0.0,0.0,28.22,3.79,0.0
20190131:2006,0.0,0.0,0.0,27.98,3.79,0.0
20190131:2106,0.0,0.0,0.0,27.78,3.66,0.0
20190131:2206,0.0,0.0,0.0,27.65,3.66,0.0
20190131:2306,0.0,0.0,0.0,27.48,3.59,0.0
20190201:0006,0.0,0.0,0.0,27.29,3.52,0.0
20190201:0106,0.0,0.0,0.0,27.1,3.45,0.0
20190201:0206,0.0,0.0,0.0,26.97,3.52,0.0
20190201:0306,0.0,0.0,0.0,26.88,3.45,0.0
20190201:0406,0.0,0.0,0.0,26.88,3.17,0.0
20190201:0506,0.0,0.0,0.0,26.91,2.9,0.0
20190201:0606,0.0,0.0,0.0,26.86,2.62,0.0
20190201:0706,117.6,171.05,13.85,26.95,2.34,0.0
20190201:0806,302.55,397.21,27.74,27.68,2.55,0.0
20190201:0906,301.19,396.63,41.11,28.17,2.34,0.0
20190201:1006,308.63,409.11,53.38,28.88,2.28,0.0
20190201:1106,469.09,626.35,62.95,29.68,2.21,0.0
20190201:1206,696.48,944.26,66.31,29.7,2.83,0.0
20190201:1306,660.73,883.88,61.18,29.68,3.38,0.0
20190201:1406,567.33,741.35,50.76,27.83,3.52,0.0
20190201:1506,484.05,625.05,38.16,27.35,3.66,0.0
20190201:1606,285.91,375.82,24.63,27.26,3.24,0.0
20190201:1706,76.69,120.33,10.67,27.43,3.03,0.0
20190201:1806,0.0,0.0,0.0,27.47,3.1,0.0
20190201:1906,0.0,0.0,0.0,27.54,3.79,0.0
20190201:2006,0.0,0.0,0.0,27.4,3.79,0.0
20190201:2106,0.0,0.0,0.0,27.3,4.21,0.0
20190201:2206,0.0,0.0,0.0,27.21,4.41,0.0
20190201:2306,0.0,0.0,0.0,27.07,4.41,0.0
20190202:0006,0.0,0.0,0.0,26.98,4.34,0.0
20190202:0106,0.0,0.0,0.0,26.92,4.41,0.0
20190202:0206,0.0,0.0,0.0,26.84,4.21,0.0
20190202:0306,0.0,0.0,0.0,26.61,3.79,0.0
20190202:0406,0.0,0.0,0.0,26.47,3.66,0.0
20190202:0506,0.0,0.0,0.0,25.83,3.24,0.0
20190202:0606,0.0,0.0,0.0,25.52,2.76,0.0
20190202:0706,94.81,139.41,13.87,25.79,2.0,0.0
20190202:0806,141.37,193.89,27.79,26.1,1.93,0.0
20190202:0906,222.14,295.09,41.2,26.32,1.66,0.0
20190202:1006,283.15,374.28,53.52,27.0,1.66,0.0
20190202:1106,396.69,523.61,63.18,27.37,1.86,0.0
20190202:1206,458.15,607.76,66.6,27.23,1.66,0.0
20190202:1306,48.21,77.91,61.43,27.66,1.38,0.0
20190202:1406,92.27,134.13,50.95,28.2,2.55,0.0
20190202:1506,135.25,187.56,38.31,28.17,3.24,0.0
20190202:1606,208.65,278.54,24.75,27.51,3.1,0.0
20190202:1706,57.34,92.38,10.75,27.4,2.97,0.0
20190202:1806,0.0,0.0,0.0,27.04,2.97,0.0
20190202:1906,0.0,0.0,0.0,26.81,2.76,0.0
20190202:2006,0.0,0.0,0.0,26.75,2.76,0.0
20190202:2106,0.0,0.0,0.0,26.77,2.55,0.0
20190202:2206,0.0,0.0,0.0,26.69,2.69,0.0
20190202:2306,0.0,0.0,0.0,26.7,2.83,0.0
20190203:0006,0.0,0.0,0.0,26.54,2.69,0.0
20190203:0106,0.0,0.0,0.0,26.47,2.41,0.0
20190203:0206,0.0,0.0,0.0,26.45,2.28,0.0
20190203:0306,0.0,0.0,0.0,26.33,2.34,0.0
20190203:0406,0.0,0.0,0.0,26.16,2.34,0.0
20190203:0506,0.0,0.0,0.0,25.66,2.14,0.0
20190203:0606,0.0,0.0,0.0,25.47,2.07,0.0
20190203:0706,121.82,176.31,13.89,25.85,1.93,0.0
20190203:0806,291.2,382.06,27.84,26.63,2.0,0.0
20190203:0906,488.77,640.6,41.3,27.85,2.34,0.0
20190203:1006,532.33,705.15,53.68,28.72,2.55,0.0
20190203:1106,576.9,776.74,63.42,29.52,2.21,0.0
20190203:1206,453.69,604.98,66.89,30.05,2.55,0.0
20190203:1306,636.55,853.51,61.68,30.49,3.38,0.0
20190203:1406,630.87,830.6,51.14,29.54,4.14,0.0
20190203:1506,488.83,635.87,38.45,28.44,3.45,0.0
20190203:1606,293.14,386.56,24.86,28.46,3.66,0.0
20190203:1706,80.79,126.62,10.84,28.39,3.52,0.0
20190203:1806,0.0,0.0,0.0,28.01,3.59,0.0
20190203:1906,0.0,0.0,0.0,27.65,3.24,0.0
20190203:2006,0.0,0.0,0.0,27.39,3.31,0.0
20190203:2106,0.0,0.0,0.0,27.25,3.24,0.0
20190203:2206,0.0,0.0,0.0,27.16,3.31,0.0
20190203:2306,0.0,0.0,0.0,27.04,3.38,0.0
20190204:0006,0.0,0.0,0.0,27.0,3.38,0.0
20190204:0106,0.0,0.0,0.0,26.97,3.03,0.0
20190204:0206,0.0,0.0,0.0,26.93,2.62,0.0
20190204:0306,0.0,0.0,0.0,26.85,2.28,0.0
20190204:0406,0.0,0.0,0.0,26.73,2.28,0.0
20190204:0506,0.0,0.0,0.0,26.65,2.21,0.0
20190204:0606,0.0,0.0,0.0,26.51,2.14,0.0
20190204:0706,126.24,182.9,13.92,26.91,2.76,0.0
20190204:0806,321.08,418.34,27.9,27.67,3.79,0.0
20190204:0906,453.37,589.12,41.39,28.64,3.79,0.0
20190204:1006,534.98,703.98,53.83,29.53,3.72,0.0
20190204:1106,616.54,821.86,63.66,30.09,3.66,0.0
20190204:1206,536.5,712.08,67.19,30.47,3.86,0.0
20190204:1306,616.52,817.4,61.94,29.34,3.72,0.0
20190204:1406,634.22,834.9,51.33,29.56,4.21,0.0
20190204:1506,497.64,647.69,38.59,29.74,4.34,0.0
20190204:1606,293.46,387.9,24.97,29.43,4.21,0.0
20190204:1706,82.12,128.71,10.92,29.0,3.93,0.0
20190204:1806,0.0,0.0,0.0,28.43,3.66,0.0
20190204:1906,0.0,0.0,0.0,27.86,3.79,0.0
20190204:2006,0.0,0.0,0.0,27.67,4.69,0.0
20190204:2106,0.0,0.0,0.0,27.09,5.72,0.0
20190204:2206,0.0,0.0,0.0,26.91,6.07,0.0
20190204:2306,0.0,0.0,0.0,26.83,6.07,0.0
20190205:0006,0.0,0.0,0.0,26.93,5.72,0.0
20190205:0106,0.0,0.0,0.0,27.01,4.97,0.0
20190205:0206,0.0,0.0,0.0,27.0,3.93,0.0
20190205:0306,0.0,0.0,0.0,26.96,3.31,0.0
20190205:0406,0.0,0.0,0.0,26.83,3.03,0.0
20190205:0506,0.0,0.0,0.0,26.67,3.03,0.0
20190205:0606,0.0,0.0,0.0,26.62,3.03,0.0
20190205:0706,130.87,189.38,13.95,26.87,2.41,0.0
20190205:0806,332.73,434.6,27.96,27.54,3.03,0.0
20190205:0906,458.77,599.27,41.49,28.45,2.97,0.0
20190205:1006,569.62,758.33,53.99,29.23,2.62,0.0
20190205:1106,575.66,772.04,63.9,30.03,2.76,0.0
20190205:1206,642.95,864.84,67.49,30.08,3.17,0.0
20190205:1306,684.21,918.61,62.19,30.3,3.59,0.0
20190205:1406,604.9,798.96,51.52,30.35,4.07,0.0
20190205:1506,495.62,643.73,38.73,29.93,4.83,0.0
20190205:1606,162.29,221.72,25.07,29.4,4.83,0.0
20190205:1706,71.51,112.83,11.0,28.76,4.34,0.0
20190205:1806,0.0,0.0,0.0,28.17,3.93,0.0
20190205:1906,0.0,0.0,0.0,27.79,4.0,0.0
20190205:2006,0.0,0.0,0.0,27.53,4.21,0.0
20190205:2106,0.0,0.0,0.0,27.36,4.41,0.0
20190205:2206,0.0,0.0,0.0,27.19,4.62,0.0
20190205:2306,0.0,0.0,0.0,27.09,4.76,0.0
20190206:0006,0.0,0.0,0.0,27.03,4.55,0.0
20190206:0106,0.0,0.0,0.0,26.94,3.86,0.0
20190206:0206,0.0,0.0,0.0,26.86,3.1,0.0
20190206:0306,0.0,0.0,0.0,26.67,2.62,0.0
20190206:0406,0.0,0.0,0.0,26.32,2.48,0.0
20190206:0506,0.0,0.0,0.0,26.26,2.55,0.0
20190206:0606,0.0,0.0,0.0,26.14,2.55,0.0
20190206:0706,135.76,196.11,13.99,26.81,2.55,0.0
20190206:0806,335.92,438.95,28.02,27.57,2.97,0.0
20190206:0906,336.11,439.44,41.59,28.19,3.1,0.0
20190206:1006,283.17,374.91,54.15,28.83,2.97,0.0
20190206:1106,611.03,817.55,64.15,29.3,2.9,0.0
20190206:1206,630.36,846.08,67.8,29.91,3.17,0.0
20190206:1306,663.02,888.91,62.45,30.27,3.52,0.0
20190206:1406,639.78,847.1,51.71,30.03,3.93,0.0
20190206:1506,496.32,646.21,38.87,30.09,4.55,0.0
20190206:1606,308.38,406.28,25.18,29.45,4.76,0.0
20190206:1706,86.23,134.32,11.08,28.96,4.28,0.0
20190206:1806,0.0,0.0,0.0,28.4,3.93,0.0
20190206:1906,0.0,0.0,0.0,28.0,3.38,0.0
20190206:2006,0.0,0.0,0.0,27.8,3.38,0.0
20190206:2106,0.0,0.0,0.0,27.61,3.59,0.0
20190206:2206,0.0,0.0,0.0,27.51,3.86,0.0
20190206:2306,0.0,0.0,0.0,27.42,3.93,0.0
20190207:0006,0.0,0.0,0.0,27.32,3.59,0.0
20190207:0106,0.0,0.0,0.0,27.26,2.83,0.0
20190207:0206,0.0,0.0,0.0,27.17,2.0,0.0
20190207:0306,0.0,0.0,0.0,26.92,1.66,0.0
20190207:0406,0.0,0.0,0.0,26.65,1.52,0.0
20190207:0506,0.0,0.0,0.0,26.27,1.24,0.0
20190207:0606,0.0,0.0,0.0,25.71,0.97,0.0
20190207:0706,107.16,156.53,14.03,26.08,1.52,0.0
20190207:0806,288.39,381.6,28.09,27.12,1.17,0.0
20190207:0906,328.23,436.66,41.7,27.9,0.69,0.0
20190207:1006,548.11,743.05,54.31,28.52,0.97,0.0
20190207:1106,581.54,784.44,64.4,28.97,1.93,0.0
20190207:1206,646.5,872.07,68.11,29.19,2.62,0.0
20190207:1306,664.24,891.01,62.71,29.71,3.24,0.0
20190207:1406,544.38,718.0,51.9,29.76,3.52,0.0
20190207:1506,488.51,636.38,39.01,29.22,3.79,0.0
20190207:1606,293.68,388.39,25.28,28.85,3.38,0.0
20190207:1706,75.84,119.11,11.15,28.55,3.03,0.0
20190207:1806,0.0,0.0,0.0,27.92,2.76,0.0
20190207:1906,0.0,0.0,0.0,27.74,2.97,0.0
20190207:2006,0.0,0.0,0.0,27.43,3.03,0.0
20190207:2106,0.0,0.0,0.0,27.31,3.17,0.0
20190207:2206,0.0,0.0,0.0,27.21,3.38,0.0
20190207:2306,0.0,0.0,0.0,27.12,3.52,0.0
20190208:0006,0.0,0.0,0.0,27.04,3.38,0.0
20190208:0106,0.0,0.0,0.0,26.96,3.1,0.0
20190208:0206,0.0,0.0,0.0,26.9,2.55,0.0
20190208:0306,0.0,0.0,0.0,26.76,2.21,0.0
20190208:0406,0.0,0.0,0.0,26.46,2.14,0.0
20190208:0506,0.0,0.0,0.0,26.33,2.28,0.0
20190208:0606,0.0,0.0,0.0,26.36,2.21,0.0
20190208:0706,42.65,70.38,14.07,26.62,2.48,0.0
20190208:0806,27.51,50.3,28.16,27.65,1.86,0.0
20190208:0906,30.96,55.23,41.81,28.54,1.24,0.0
20190208:1006,42.61,71.01,54.48,29.15,1.59,0.0
20190208:1106,55.29,87.78,64.65,29.81,2.41,0.0
20190208:1206,150.68,207.11,68.42,28.26,2.83,0.0
20190208:1306,114.14,161.74,62.97,28.72,3.03,0.0
20190208:1406,254.12,338.23,52.08,29.38,3.31,0.0
20190208:1506,413.82,541.16,39.14,29.39,3.31,0.0
20190208:1606,283.84,376.96,25.38,29.29,3.1,0.0
20190208:1706,88.37,137.71,11.23,28.88,2.9,0.0
20190208:1806,0.0,0.0,0.0,28.19,2.48,0.0
20190208:1906,0.0,0.0,0.0,27.45,1.72,0.0
20190208:2006,0.0,0.0,0.0,27.12,1.93,0.0
20190208:2106,0.0,0.0,0.0,26.92,2.07,0.0
20190208:2206,0.0,0.0,0.0,26.82,2.48,0.0
20190208:2306,0.0,0.0,0.0,26.82,2.83,0.0
20190209:0006,0.0,0.0,0.0,26.8,2.9,0.0
20190209:0106,0.0,0.0,0.0,26.78,2.55,0.0
20190209:0206,0.0,0.0,0.0,26.71,2.07,0.0
20190209:0306,0.0,0.0,0.0,26.49,1.52,0.0
20190209:0406,0.0,0.0,0.0,26.23,1.17,0.0
20190209:0506,0.0,0.0,0.0,26.02,0.97,0.0
20190209:0606,0.0,0.0,0.0,25.73,1.1,0.0
20190209:0706,129.17,187.15,14.11,26.45,2.07,0.0
20190209:0806,331.77,435.58,28.23,27.5,2.21,0.0
20190209:0906,514.58,681.83,41.92,28.33,1.79,0.0
20190209:1006,642.92,890.48,54.65,29.42,0.9,0.0
20190209:1106,686.1,980.2,64.91,30.18,0.41,0.0
20190209:1206,736.13,1037.45,68.74,30.91,1.52,0.0
20190209:1306,718.06,990.89,63.23,31.12,2.34,0.0
20190209:1406,623.84,838.04,52.26,31.01,2.97,0.0
20190209:1506,489.63,644.27,39.27,30.74,3.52,0.0
20190209:1606,290.34,386.19,25.47,30.18,3.59,0.0
20190209:1706,85.84,134.3,11.3,29.48,3.45,0.0
20190209:1806,0.0,0.0,0.0,28.66,3.17,0.0
20190209:1906,0.0,0.0,0.0,28.13,3.38,0.0
20190209:2006,0.0,0.0,0.0,27.82,3.31,0.0
20190209:2106,0.0,0.0,0.0,27.66,3.31,0.0
20190209:2206,0.0,0.0,0.0,27.55,3.03,0.0
20190209:2306,0.0,0.0,0.0,27.5,2.55,0.0
20190210:0006,0.0,0.0,0.0,27.22,1.66,0.0
20190210:0106,0.0,0.0,0.0,26.94,0.76,0.0
20190210:0206,0.0,0.0,0.0,26.98,0.69,0.0
20190210:0306,0.0,0.0,0.0,26.37,0.9,0.0
20190210:0406,0.0,0.0,0.0,26.09,1.24,0.0
20190210:0506,0.0,0.0,0.0,26.56,1.72,0.0
20190210:0606,0.0,0.0,0.0,26.63,2.55,0.0
20190210:0706,117.23,170.41,14.16,26.75,2.83,0.0
20190210:0806,301.73,393.73,28.31,27.08,3.31,0.0
20190210:0906,526.06,683.83,42.04,28.03,3.59,0.0
20190210:1006,670.17,903.47,54.83,29.33,2.55,0.0
20190210:1106,714.06,994.06,65.18,30.76,1.79,0.0
20190210:1206,733.38,1052.29,69.07,31.79,1.03,0.0
20190210:1306,706.9,1010.34,63.49,32.44,1.03,0.0
20190210:1406,627.09,864.97,52.44,32.73,1.86,0.0
20190210:1506,481.81,643.83,39.4,32.5,2.76,0.0
20190210:1606,290.92,389.59,25.57,31.58,3.59,0.0
20190210:1706,83.93,131.59,11.36,30.14,3.66,0.0
20190210:1806,0.0,0.0,0.0,28.8,3.52,0.0
20190210:1906,0.0,0.0,0.0,28.04,3.38,0.0
20190210:2006,0.0,0.0,0.0,27.55,3.59,0.0
20190210:2106,0.0,0.0,0.0,27.25,3.52,0.0
20190210:2206,0.0,0.0,0.0,27.06,3.31,0.0
20190210:2306,0.0,0.0,0.0,26.93,2.9,0.0
20190211:0006,0.0,0.0,0.0,26.75,2.28,0.0
20190211:0106,0.0,0.0,0.0,26.49,1.93,0.0
20190211:0206,0.0,0.0,0.0,26.15,1.86,0.0
20190211:0306,0.0,0.0,0.0,25.96,1.93,0.0
20190211:0406,0.0,0.0,0.0,25.83,2.07,0.0
20190211:0506,0.0,0.0,0.0,25.89,2.07,0.0
20190211:0606,0.0,0.0,0.0,26.0,2.28,0.0
20190211:0706,122.02,176.68,14.21,26.1,2.28,0.0
20190211:0806,308.84,404.28,28.39,26.7,2.28,0.0
20190211:0906,508.42,668.99,42.16,27.66,2.07,0.0
20190211:1006,645.91,875.74,55.01,28.77,1.79,0.0
20190211:1106,678.52,944.21,65.44,30.2,1.38,0.0
20190211:1206,718.13,1037.27,69.39,31.43,0.62,0.0
20190211:1306,688.02,973.94,63.75,32.15,1.17,0.0
20190211:1406,610.86,833.55,52.62,32.39,2.28,0.0
20190211:1506,476.43,633.94,39.53,32.2,3.03,0.0
20190211:1606,283.34,379.04,25.66,31.34,3.72,0.0
20190211:1706,83.66,131.15,11.43,30.05,3.79,0.0
20190211:1806,0.0,0.0,0.0,28.76,3.66,0.0
20190211:1906,0.0,0.0,0.0,27.97,3.59,0.0
20190211:2006,0.0,0.0,0.0,27.58,3.79,0.0
20190211:2106,0.0,0.0,0.0,27.34,3.86,0.0
20190211:2206,0.0,0.0,0.0,27.15,3.86,0.0
20190211:2306,0.0,0.0,0.0,27.02,3.59,0.0
20190212:0006,0.0,0.0,0.0,26.98,2.97,0.0
20190212:0106,0.0,0.0,0.0,26.63,1.79,0.0
20190212:0206,0.0,0.0,0.0,26.16,0.97,0.0
20190212:0306,0.0,0.0,0.0,25.27,1.31,0.0
20190212:0406,0.0,0.0,0.0,25.23,1.79,0.0
20190212:0506,0.0,0.0,0.0,25.69,2.21,0.0
20190212:0606,0.0,0.0,0.0,25.85,2.21,0.0
20190212:0706,112.95,163.82,14.27,25.5,2.21,0.0
20190212:0806,280.4,367.9,28.47,26.93,2.55,0.0
20190212:0906,454.55,597.26,42.28,28.29,2.28,0.0
20190212:1006,574.39,771.94,55.19,29.44,2.07,0.0
20190212:1106,599.23,820.6,65.71,31.02,1.86,0.0
20190212:1206,669.09,941.83,69.73,32.19,1.38,0.0
20190212:1306,662.5,923.94,64.0,32.85,1.86,0.0
20190212:1406,604.81,820.15,52.8,33.15,3.03,0.0
20190212:1506,465.01,615.3,39.65,32.66,4.07,0.0
20190212:1606,282.4,376.67,25.75,31.45,4.69,0.0
20190212:1706,87.11,135.98,11.49,30.08,4.62,0.0
20190212:1806,0.0,0.0,0.0,28.89,4.14,0.0
20190212:1906,0.0,0.0,0.0,28.1,3.52,0.0
20190212:2006,0.0,0.0,0.0,27.71,3.72,0.0
20190212:2106,0.0,0.0,0.0,27.49,3.93,0.0
20190212:2206,0.0,0.0,0.0,27.3,4.0,0.0
20190212:2306,0.0,0.0,0.0,27.1,3.79,0.0
20190213:0006,0.0,0.0,0.0,26.96,3.38,0.0
20190213:0106,0.0,0.0,0.0,26.87,2.76,0.0
20190213:0206,0.0,0.0,0.0,26.68,1.79,0.0
20190213:0306,0.0,0.0,0.0,26.2,1.31,0.0
20190213:0406,0.0,0.0,0.0,26.15,1.52,0.0
20190213:0506,0.0,0.0,0.0,26.37,1.66,0.0
20190213:0606,0.0,0.0,0.0,26.55,1.66,0.0
20190213:0706,0.0,0.0,0.0,27.1,2.48,0.0
20190213:0806,279.23,368.31,28.56,27.85,2.41,0.0
20190213:0906,464.95,614.27,42.4,29.01,2.14,0.0
20190213:1006,567.99,766.18,55.37,29.9,1.93,0.0
20190213:1106,607.79,832.34,65.99,31.02,1.93,0.0
20190213:1206,680.19,941.71,70.06,31.8,2.21,0.0
20190213:1306,712.49,980.95,64.26,32.42,2.9,0.0
20190213:1406,605.31,814.16,52.97,32.49,3.45,0.0
20190213:1506,457.2,603.12,39.77,32.15,4.14,0.0
20190213:1606,264.53,353.68,25.83,31.18,4.28,0.0
20190213:1706,82.83,129.53,11.55,29.94,4.28,0.0
20190213:1806,0.0,0.0,0.0,28.96,3.66,0.0
20190213:1906,0.0,0.0,0.0,28.36,3.66,0.0
20190213:2006,0.0,0.0,0.0,27.98,3.93,0.0
20190213:2106,0.0,0.0,0.0,27.79,4.21,0.0
20190213:2206,0.0,0.0,0.0,27.59,4.21,0.0
20190213:2306,0.0,0.0,0.0,27.42,4.07,0.0
20190214:0006,0.0,0.0,0.0,27.25,3.72,0.0
20190214:0106,0.0,0.0,0.0,27.15,3.1,0.0
20190214:0206,0.0,0.0,0.0,27.03,2.62,0.0
20190214:0306,0.0,0.0,0.0,26.96,2.28,0.0
20190214:0406,0.0,0.0,0.0,26.79,2.07,0.0
20190214:0506,0.0,0.0,0.0,26.69,1.86,0.0
20190214:0606,0.0,0.0,0.0,26.49,1.59,0.0
20190214:0706,97.86,144.49,14.39,27.03,1.66,0.0
20190214:0806,301.02,397.95,28.65,28.16,1.93,0.0
20190214:0906,450.46,596.8,42.53,29.15,1.86,0.0
20190214:1006,469.0,630.89,55.55,30.2,1.59,0.0
20190214:1106,599.94,821.31,66.26,30.98,1.86,0.0
20190214:1206,662.68,910.86,70.4,31.39,2.34,0.0
20190214:1306,703.74,962.85,64.52,31.76,2.97,0.0
20190214:1406,606.86,813.11,53.14,31.51,3.31,0.0
20190214:1506,470.17,618.07,39.89,30.62,3.52,0.0
20190214:1606,278.61,370.94,25.91,30.24,3.72,0.0
20190214:1706,83.49,130.52,11.6,29.66,3.52,0.0
20190214:1806,0.0,0.0,0.0,28.81,2.97,0.0
20190214:1906,0.0,0.0,0.0,28.34,3.03,0.0
20190214:2006,0.0,0.0,0.0,27.96,3.38,0.0
20190214:2106,0.0,0.0,0.0,27.77,3.72,0.0
20190214:2206,0.0,0.0,0.0,27.64,3.79,0.0
20190214:2306,0.0,0.0,0.0,27.47,3.93,0.0
20190215:0006,0.0,0.0,0.0,27.35,3.93,0.0
20190215:0106,0.0,0.0,0.0,27.24,3.66,0.0
20190215:0206,0.0,0.0,0.0,27.2,2.83,0.0
20190215:0306,0.0,0.0,0.0,27.17,1.86,0.0
20190215:0406,0.0,0.0,0.0,26.94,1.52,0.0
20190215:0506,0.0,0.0,0.0,26.74,1.52,0.0
20190215:0606,0.0,0.0,0.0,26.61,1.86,0.0
20190215:0706,9.92,24.66,14.45,26.79,2.14,0.0
20190215:0806,247.02,327.47,28.74,27.61,2.14,0.0
20190215:0906,405.53,540.19,42.66,28.72,1.03,0.0
20190215:1006,490.34,669.36,55.74,29.66,0.55,0.0
20190215:1106,450.36,612.95,66.55,30.35,0.9,0.0
20190215:1206,593.31,811.1,70.74,31.24,2.07,0.0
20190215:1306,460.09,612.82,64.77,31.11,3.31,0.0
20190215:1406,421.22,556.3,53.31,30.81,3.72,0.0
20190215:1506,361.99,474.86,40.0,30.24,3.93,0.0
20190215:1606,196.95,265.91,25.99,29.92,4.34,0.0
20190215:1706,64.27,102.28,11.66,29.28,4.41,0.0
20190215:1806,0.0,0.0,0.0,28.47,4.41,0.0
20190215:1906,0.0,0.0,0.0,27.95,3.59,0.0
20190215:2006,0.0,0.0,0.0,27.61,3.38,0.0
20190215:2106,0.0,0.0,0.0,27.33,2.97,0.0
20190215:2206,0.0,0.0,0.0,27.09,2.76,0.0
20190215:2306,0.0,0.0,0.0,26.99,2.48,0.0
20190216:0006,0.0,0.0,0.0,26.64,1.31,0.0
20190216:0106,0.0,0.0,0.0,26.27,0.83,0.0
20190216:0206,0.0,0.0,0.0,25.8,1.1,0.0
20190216:0306,0.0,0.0,0.0,25.7,1.38,0.0
20190216:0406,0.0,0.0,0.0,26.07,1.52,0.0
20190216:0506,0.0,0.0,0.0,26.24,1.52,0.0
20190216:0606,0.0,0.0,0.0,26.21,1.1,0.0
20190216:0706,122.19,177.44,14.52,26.3,1.59,0.0
20190216:0806,315.88,415.61,28.84,26.82,1.59,0.0
20190216:0906,496.31,659.72,42.79,28.06,1.38,0.0
20190216:1006,633.69,874.97,55.93,29.12,0.9,0.0
20190216:1106,678.39,972.23,66.83,30.14,0.28,0.0
20190216:1206,720.12,1035.96,71.08,31.04,0.69,0.0
20190216:1306,709.88,989.5,65.03,31.65,1.93,0.0
20190216:1406,623.86,842.15,53.48,31.82,2.97,0.0
20190216:1506,473.11,624.7,40.11,31.54,3.59,0.0
20190216:1606,279.89,373.69,26.07,30.88,3.79,0.0
20190216:1706,80.86,126.62,11.71,29.84,3.86,0.0
20190216:1806,0.0,0.0,0.0,28.72,3.72,0.0
20190216:1906,0.0,0.0,0.0,27.98,3.59,0.0
20190216:2006,0.0,0.0,0.0,27.6,3.72,0.0
20190216:2106,0.0,0.0,0.0,27.37,3.93,0.0
20190216:2206,0.0,0.0,0.0,27.2,4.07,0.0
20190216:2306,0.0,0.0,0.0,27.06,4.07,0.0
20190217:0006,0.0,0.0,0.0,26.94,3.86,0.0
20190217:0106,0.0,0.0,0.0,26.77,3.45,0.0
20190217:0206,0.0,0.0,0.0,26.66,2.83,0.0
20190217:0306,0.0,0.0,0.0,26.53,2.21,0.0
20190217:0406,0.0,0.0,0.0,26.17,1.52,0.0
20190217:0506,0.0,0.0,0.0,25.78,1.03,0.0
20190217:0606,0.0,0.0,0.0,25.94,0.83,0.0
20190217:0706,91.48,135.55,14.59,26.38,0.69,0.0
20190217:0806,176.65,240.41,28.93,27.74,0.97,0.0
20190217:0906,338.79,451.38,42.92,28.7,0.97,0.0
20190217:1006,614.45,844.21,56.12,29.91,1.17,0.0
20190217:1106,670.63,927.97,67.12,30.93,1.79,0.0
20190217:1206,725.16,1007.09,71.43,31.71,2.34,0.0
20190217:1306,697.21,957.15,65.28,31.96,2.76,0.0
20190217:1406,603.85,812.47,53.64,32.07,3.17,0.0
20190217:1506,453.0,597.57,40.22,31.63,3.72,0.0
20190217:1606,269.79,360.58,26.14,30.96,3.93,0.0
20190217:1706,84.12,131.67,11.76,30.01,3.52,0.0
20190217:1806,0.0,0.0,0.0,29.0,2.83,0.0
20190217:1906,0.0,0.0,0.0,28.4,2.76,0.0
20190217:2006,0.0,0.0,0.0,28.0,2.83,0.0
20190217:2106,0.0,0.0,0.0,27.78,3.03,0.0
20190217:2206,0.0,0.0,0.0,27.62,3.24,0.0
20190217:2306,0.0,0.0,0.0,27.46,3.45,0.0
20190218:0006,0.0,0.0,0.0,27.36,3.66,0.0
20190218:0106,0.0,0.0,0.0,27.28,3.86,0.0
20190218:0206,0.0,0.0,0.0,27.19,3.93,0.0
20190218:0306,0.0,0.0,0.0,27.18,3.59,0.0
20190218:0406,0.0,0.0,0.0,27.2,2.97,0.0
20190218:0506,0.0,0.0,0.0,27.25,2.0,0.0
20190218:0606,0.0,0.0,0.0,26.94,0.83,0.0
20190218:0706,117.64,172.24,14.67,27.43,1.24,0.0
20190218:0806,303.97,401.82,29.03,28.36,2.07,0.0
20190218:0906,475.81,628.26,43.06,29.28,2.34,0.0
20190218:1006,608.0,819.97,56.32,30.61,2.48,0.0
20190218:1106,670.71,912.07,67.4,31.04,2.9,0.0
20190218:1206,720.74,984.42,71.78,31.42,3.24,0.0
20190218:1306,697.99,946.84,65.53,32.03,3.66,0.0
20190218:1406,605.5,808.88,53.8,32.31,4.0,0.0
20190218:1506,462.52,606.2,40.32,31.51,4.62,0.0
20190218:1606,275.83,367.48,26.21,30.95,4.62,0.0
20190218:1706,84.67,132.6,11.8,30.25,4.14,0.0
20190218:1806,0.0,0.0,0.0,29.3,3.45,0.0
20190218:1906,0.0,0.0,0.0,28.64,3.31,0.0
20190218:2006,0.0,0.0,0.0,28.31,3.45,0.0
20190218:2106,0.0,0.0,0.0,28.11,3.86,0.0
20190218:2206,0.0,0.0,0.0,27.96,4.28,0.0
20190218:2306,0.0,0.0,0.0,27.8,4.41,0.0
20190219:0006,0.0,0.0,0.0,27.67,4.14,0.0
20190219:0106,0.0,0.0,0.0,27.55,3.52,0.0
20190219:0206,0.0,0.0,0.0,27.53,3.03,0.0
20190219:0306,0.0,0.0,0.0,27.47,2.62,0.0
20190219:0406,0.0,0.0,0.0,27.3,2.48,0.0
20190219:0506,0.0,0.0,0.0,27.07,2.34,0.0
20190219:0606,0.0,0.0,0.0,26.8,2.07,0.0
20190219:0706,67.06,103.09,14.74,27.23,1.45,0.0
20190219:0806,308.2,408.1,29.13,27.96,1.52,0.0
20190219:0906,409.04,541.69,43.2,28.88,1.66,0.0
20190219:1006,529.88,711.81,56.52,30.01,2.0,0.0
20190219:1106,544.22,732.78,67.7,30.87,2.62,0.0
20190219:1206,734.23,1008.56,72.13,31.6,3.03,0.0
20190219:1306,681.98,923.87,65.78,31.75,3.52,0.0
20190219:1406,600.66,798.38,53.95,31.41,4.0,0.0
20190219:1506,467.93,609.74,40.42,30.1,4.41,0.0
20190219:1606,290.6,385.28,26.27,29.89,4.14,0.0
20190219:1706,73.86,116.18,11.84,29.55,4.28,0.0
20190219:1806,0.0,0.0,0.0,28.85,3.93,0.0
20190219:1906,0.0,0.0,0.0,28.26,4.48,0.0
20190219:2006,0.0,0.0,0.0,27.94,4.76,0.0
20190219:2106,0.0,0.0,0.0,27.78,4.76,0.0
20190219:2206,0.0,0.0,0.0,27.61,4.76,0.0
20190219:2306,0.0,0.0,0.0,27.52,4.41,0.0
20190220:0006,0.0,0.0,0.0,27.46,3.93,0.0
20190220:0106,0.0,0.0,0.0,27.38,3.66,0.0
20190220:0206,0.0,0.0,0.0,27.08,3.52,0.0
20190220:0306,0.0,0.0,0.0,27.02,3.45,0.0
20190220:0406,0.0,0.0,0.0,26.95,3.45,0.0
20190220:0506,0.0,0.0,0.0,26.91,3.38,0.0
20190220:0606,0.0,0.0,0.0,26.88,3.31,0.0
20190220:0706,125.81,182.58,14.82,27.01,2.55,0.0
20190220:0806,358.37,468.73,29.24,27.86,3.03,0.0
20190220:0906,387.14,507.49,43.34,28.95,2.97,0.0
20190220:1006,560.04,745.01,56.71,29.96,3.03,0.0
20190220:1106,467.84,622.77,67.99,30.7,3.24,0.0
20190220:1206,508.03,678.67,72.49,31.29,3.52,0.0
20190220:1306,595.0,795.38,66.03,31.75,4.14,0.0
20190220:1406,637.63,844.37,54.1,31.49,4.76,0.0
20190220:1506,480.63,626.18,40.52,30.88,5.1,0.0
20190220:1606,275.7,365.71,26.34,30.18,4.9,0.0
20190220:1706,78.07,122.51,11.88,29.59,4.41,0.0
20190220:1806,0.0,0.0,0.0,28.88,4.07,0.0
20190220:1906,0.0,0.0,0.0,28.52,3.72,0.0
20190220:2006,0.0,0.0,0.0,28.33,3.86,0.0
20190220:2106,0.0,0.0,0.0,28.23,4.14,0.0
20190220:2206,0.0,0.0,0.0,28.18,4.48,0.0
20190220:2306,0.0,0.0,0.0,28.09,4.69,0.0
20190221:0006,0.0,0.0,0.0,27.98,4.76,0.0
20190221:0106,0.0,0.0,0.0,27.89,4.62,0.0
20190221:0206,0.0,0.0,0.0,27.79,4.55,0.0
20190221:0306,0.0,0.0,0.0,27.74,4.34,0.0
20190221:0406,0.0,0.0,0.0,27.38,3.86,0.0
20190221:0506,0.0,0.0,0.0,27.38,3.93,0.0
20190221:0606,0.0,0.0,0.0,27.17,3.66,0.0
20190221:0706,120.7,175.49,14.91,27.46,3.52,0.0
20190221:0806,324.25,423.34,29.35,28.22,4.0,0.0
20190221:0906,418.65,545.81,43.48,29.57,4.21,0.0
20190221:1006,565.27,746.47,56.91,30.58,4.21,0.0
20190221:1106,398.26,527.55,68.29,31.27,4.28,0.0
20190221:1206,659.06,881.23,72.84,31.42,4.62,0.0
20190221:1306,635.19,842.18,66.27,31.48,5.24,0.0
20190221:1406,646.55,844.07,54.25,29.99,5.66,0.0
20190221:1506,478.87,618.05,40.61,29.64,5.72,0.0
20190221:1606,292.22,385.81,26.4,29.94,5.45,0.0
20190221:1706,66.78,105.75,11.92,28.99,4.48,0.0
20190221:1806,0.0,0.0,0.0,28.43,4.69,0.0
20190221:1906,0.0,0.0,0.0,28.71,4.0,0.0
20190221:2006,0.0,0.0,0.0,28.53,4.21,0.0
20190221:2106,0.0,0.0,0.0,28.42,4.41,0.0
20190221:2206,0.0,0.0,0.0,28.4,4.83,0.0
20190221:2306,0.0,0.0,0.0,28.33,4.83,0.0
20190222:0006,0.0,0.0,0.0,28.33,4.69,0.0
20190222:0106,0.0,0.0,0.0,28.16,4.55,0.0
20190222:0206,0.0,0.0,0.0,27.98,4.21,0.0
20190222:0306,0.0,0.0,0.0,27.8,4.14,0.0
20190222:0406,0.0,0.0,0.0,27.68,4.0,0.0
20190222:0506,0.0,0.0,0.0,27.4,3.93,0.0
20190222:0606,0.0,0.0,0.0,27.45,4.0,0.0
20190222:0706,42.49,70.26,14.99,27.22,4.0,0.0
20190222:0806,45.29,73.97,29.46,27.76,3.93,0.0
20190222:0906,291.4,382.13,43.63,28.61,4.14,0.0
20190222:1006,568.38,745.47,57.11,29.65,4.48,0.0
20190222:1106,505.44,664.54,68.58,30.06,4.69,0.0
20190222:1206,432.46,568.44,73.2,30.43,5.03,0.0
20190222:1306,518.96,679.91,66.51,29.89,5.1,0.0
20190222:1406,474.24,618.62,54.39,29.08,4.34,0.0
20190222:1506,444.67,574.77,40.7,28.26,4.28,0.0
20190222:1606,247.43,326.36,26.45,28.16,5.17,0.0
20190222:1706,79.86,124.15,11.95,28.09,4.97,0.0
20190222:1806,0.0,0.0,0.0,27.79,4.28,0.0
20190222:1906,0.0,0.0,0.0,27.98,3.86,0.0
20190222:2006,0.0,0.0,0.0,27.94,3.38,0.0
20190222:2106,0.0,0.0,0.0,27.9,3.38,0.0
20190222:2206,0.0,0.0,0.0,27.84,4.0,0.0
20190222:2306,0.0,0.0,0.0,27.8,4.48,0.0
20190223:0006,0.0,0.0,0.0,27.75,4.76,0.0
20190223:0106,0.0,0.0,0.0,27.74,4.76,0.0
20190223:0206,0.0,0.0,0.0,27.7,4.41,0.0
20190223:0306,0.0,0.0,0.0,27.69,3.86,0.0
20190223:0406,0.0,0.0,0.0,27.7,3.52,0.0
20190223:0506,0.0,0.0,0.0,27.58,3.31,0.0
20190223:0606,0.0,0.0,0.0,27.17,2.97,0.0
20190223:0706,113.32,165.32,15.08,27.57,3.31,0.0
20190223:0806,337.68,440.29,29.57,28.45,4.34,0.0
20190223:0906,447.42,582.07,43.77,29.42,4.34,0.0
20190223:1006,564.01,740.91,57.32,29.67,4.28,0.0
20190223:1106,670.53,890.99,68.88,29.74,4.28,0.0
20190223:1206,630.56,833.11,73.57,29.06,4.34,0.0
20190223:1306,468.32,614.01,66.74,29.25,4.28,0.0
20190223:1406,354.66,464.49,54.53,29.58,4.69,0.0
20190223:1506,407.32,525.14,40.79,27.36,4.14,0.0
20190223:1606,128.35,178.06,26.51,27.48,4.48,0.0
20190223:1706,44.9,74.43,11.98,27.72,3.93,0.0
20190223:1806,0.0,0.0,0.0,27.57,4.07,0.0
20190223:1906,0.0,0.0,0.0,27.88,4.14,0.0
20190223:2006,0.0,0.0,0.0,27.64,3.66,0.0
20190223:2106,0.0,0.0,0.0,27.56,3.72,0.0
20190223:2206,0.0,0.0,0.0,27.62,3.93,0.0
20190223:2306,0.0,0.0,0.0,27.57,4.0,0.0
20190224:0006,0.0,0.0,0.0,27.47,4.07,0.0
20190224:0106,0.0,0.0,0.0,27.28,4.07,0.0
20190224:0206,0.0,0.0,0.0,27.12,3.79,0.0
20190224:0306,0.0,0.0,0.0,26.97,3.72,0.0
20190224:0406,0.0,0.0,0.0,26.5,3.72,0.0
20190224:0506,0.0,0.0,0.0,26.79,3.79,0.0
20190224:0606,0.0,0.0,0.0,26.3,3.03,0.0
20190224:0706,131.5,189.97,15.17,26.25,2.28,0.0
20190224:0806,265.02,348.05,29.68,26.29,2.21,0.0
20190224:0906,32.81,57.2,43.92,26.47,2.55,0.0
20190224:1006,53.21,83.83,57.52,26.29,2.28,0.0
20190224:1106,53.14,83.83,69.19,26.65,2.76,0.0
20190224:1206,55.26,86.79,73.93,27.42,3.31,0.0
20190224:1306,51.23,81.86,66.98,28.28,3.79,0.0
20190224:1406,42.77,71.01,54.67,28.9,3.72,0.0
20190224:1506,29.65,53.26,40.87,28.06,3.38,0.0
20190224:1606,31.83,56.22,26.55,27.9,2.28,0.0
20190224:1706,37.98,64.92,12.01,27.57,3.31,0.0
20190224:1806,0.0,0.0,0.0,27.16,3.59,0.0
20190224:1906,0.0,0.0,0.0,27.0,2.34,0.0
20190224:2006,0.0,0.0,0.0,26.95,2.34,0.0
20190224:2106,0.0,0.0,0.0,26.97,2.07,0.0
20190224:2206,0.0,0.0,0.0,27.03,2.0,0.0
20190224:2306,0.0,0.0,0.0,27.07,2.14,0.0
20190225:0006,0.0,0.0,0.0,26.92,2.69,0.0
20190225:0106,0.0,0.0,0.0,26.79,3.24,0.0
20190225:0206,0.0,0.0,0.0,26.6,3.03,0.0
20190225:0306,0.0,0.0,0.0,26.44,3.1,0.0
20190225:0406,0.0,0.0,0.0,26.44,3.03,0.0
20190225:0506,0.0,0.0,0.0,26.41,2.76,0.0
20190225:0606,0.0,0.0,0.0,26.34,2.21,0.0
20190225:0706,34.98,60.16,15.26,26.74,2.83,0.0
20190225:0806,159.06,216.14,29.8,26.56,2.14,0.0
20190225:0906,206.36,275.09,44.07,26.28,1.93,0.0
20190225:1006,109.82,154.84,57.72,26.32,2.55,0.0
20190225:1106,629.3,828.29,69.49,26.93,3.45,0.0
20190225:1206,719.5,960.95,74.3,27.72,3.38,0.0
20190225:1306,590.02,784.24,67.21,28.84,3.1,0.0
20190225:1406,543.8,714.07,54.8,29.28,3.79,0.0
20190225:1506,405.15,528.09,40.95,29.18,3.79,0.0
20190225:1606,166.23,226.34,26.6,28.68,4.0,0.0
20190225:1706,62.11,98.85,12.03,28.43,3.93,0.0
20190225:1806,0.0,0.0,0.0,27.9,3.93,0.0
20190225:1906,0.0,0.0,0.0,27.52,3.59,0.0
20190225:2006,0.0,0.0,0.0,27.51,3.45,0.0
20190225:2106,0.0,0.0,0.0,27.64,3.38,0.0
20190225:2206,0.0,0.0,0.0,27.65,3.24,0.0
20190225:2306,0.0,0.0,0.0,27.62,3.17,0.0
20190226:0006,0.0,0.0,0.0,27.59,3.52,0.0
20190226:0106,0.0,0.0,0.0,27.49,3.66,0.0
20190226:0206,0.0,0.0,0.0,27.32,3.59,0.0
20190226:0306,0.0,0.0,0.0,27.26,3.59,0.0
20190226:0406,0.0,0.0,0.0,27.25,3.52,0.0
20190226:0506,0.0,0.0,0.0,27.18,3.03,0.0
20190226:0606,0.0,0.0,0.0,26.49,2.28,0.0
20190226:0706,120.6,174.63,15.36,26.09,1.93,0.0
20190226:0806,306.13,401.38,29.92,25.48,1.24,0.0
20190226:0906,333.4,436.83,44.22,25.11,0.9,0.0
20190226:1006,427.09,566.87,57.93,25.87,0.69,0.0
20190226:1106,157.55,215.99,69.79,27.02,0.83,0.0
20190226:1206,191.95,259.38,74.66,28.0,1.93,0.0
20190226:1306,81.25,120.32,67.43,28.36,2.62,0.0
20190226:1406,137.46,190.35,54.92,28.09,3.1,0.0
20190226:1506,65.15,99.61,41.02,27.92,3.31,0.0
20190226:1606,39.98,67.06,26.64,27.94,3.66,0.0
20190226:1706,18.41,37.48,12.05,27.66,3.38,0.0
20190226:1806,0.0,0.0,0.0,27.32,2.9,0.0
20190226:1906,0.0,0.0,0.0,26.92,3.03,0.0
20190226:2006,0.0,0.0,0.0,26.76,3.24,0.0
20190226:2106,0.0,0.0,0.0,26.65,3.24,0.0
20190226:2206,0.0,0.0,0.0,26.54,2.97,0.0
20190226:2306,0.0,0.0,0.0,26.39,3.17,0.0
20190227:0006,0.0,0.0,0.0,26.35,3.31,0.0
20190227:0106,0.0,0.0,0.0,26.46,2.62,0.0
20190227:0206,0.0,0.0,0.0,26.04,1.03,0.0
20190227:0306,0.0,0.0,0.0,26.26,0.48,0.0
20190227:0406,0.0,0.0,0.0,25.79,0.55,0.0
20190227:0506,0.0,0.0,0.0,25.54,0.55,0.0
20190227:0606,0.0,0.0,0.0,25.93,0.14,0.0
20190227:0706,104.68,153.37,15.46,26.44,0.55,0.0
20190227:0806,285.15,379.39,30.04,27.63,0.9,0.0
20190227:0906,527.78,701.83,44.37,28.58,1.72,0.0
20190227:1006,624.75,836.74,58.14,29.05,2.48,0.0
20190227:1106,735.57,1002.34,70.1,28.34,2.34,0.0
20190227:1206,739.75,1006.97,75.03,28.3,2.48,0.0
20190227:1306,444.05,582.63,67.65,28.18,3.31,0.0
20190227:1406,333.99,438.56,55.04,27.91,2.83,0.0
20190227:1506,280.6,370.04,41.09,27.73,2.21,0.0
20190227:1606,221.97,296.86,26.68,27.6,2.07,0.0
20190227:1706,93.38,144.65,12.07,27.35,2.14,0.0
20190227:1806,0.0,0.0,0.0,27.08,2.0,0.0
20190227:1906,0.0,0.0,0.0,27.53,1.45,0.0
20190227:2006,0.0,0.0,0.0,27.44,1.79,0.0
20190227:2106,0.0,0.0,0.0,27.17,1.52,0.0
20190227:2206,0.0,0.0,0.0,27.24,2.14,0.0
20190227:2306,0.0,0.0,0.0,27.09,2.14,0.0
20190228:0006,0.0,0.0,0.0,27.03,1.86,0.0
20190228:0106,0.0,0.0,0.0,26.9,1.66,0.0
20190228:0206,0.0,0.0,0.0,26.7,1.52,0.0
20190228:0306,0.0,0.0,0.0,26.57,1.45,0.0
20190228:0406,0.0,0.0,0.0,26.11,1.38,0.0
20190228:0506,0.0,0.0,0.0,25.68,1.24,0.0
20190228:0606,0.0,0.0,0.0,25.48,1.45,0.0
20190228:0706,134.35,194.08,15.56,26.02,1.38,0.0
20190228:0806,342.73,449.32,30.16,27.11,2.14,0.0
20190228:0906,528.29,694.85,44.52,28.26,2.48,0.0
20190228:1006,562.62,752.23,58.34,28.9,2.14,0.0
20190228:1106,495.39,666.78,70.41,29.68,1.79,0.0
20190228:1206,553.41,747.26,75.4,29.9,2.14,0.0
20190228:1306,599.47,806.74,67.87,30.27,2.76,0.0
20190228:1406,577.87,766.6,55.16,30.34,3.45,0.0
20190228:1506,452.26,590.2,41.16,29.23,3.52,0.0
20190228:1606,251.82,335.56,26.72,29.12,3.38,0.0
20190228:1706,37.65,64.8,12.09,28.7,3.1,0.0
20190228:1806,0.0,0.0,0.0,28.29,3.17,0.0
20190228:1906,0.0,0.0,0.0,28.06,2.0,0.0
20190228:2006,0.0,0.0,0.0,27.86,2.14,0.0
20190228:2106,0.0,0.0,0.0,27.72,2.76,0.0
20190228:2206,0.0,0.0,0.0,27.62,3.1,0.0
20190228:2306,0.0,0.0,0.0,27.53,3.31,0.0
20190301:0006,0.0,0.0,0.0,27.42,3.1,0.0
20190301:0106,0.0,0.0,0.0,27.29,2.48,0.0
20190301:0206,0.0,0.0,0.0,27.27,2.34,0.0
20190301:0306,0.0,0.0,0.0,27.16,2.41,0.0
20190301:0406,0.0,0.0,0.0,26.94,2.55,0.0
20190301:0506,0.0,0.0,0.0,26.88,2.34,0.0
20190301:0606,0.0,0.0,0.0,26.89,2.07,0.0
20190301:0706,61.57,94.6,15.66,25.1,2.34,0.0
20190301:0806,123.47,171.05,30.28,25.21,2.07,0.0
20190301:0906,209.59,278.02,44.68,25.74,2.28,0.0
20190301:1006,471.74,621.38,58.55,26.32,1.72,0.0
20190301:1106,474.12,635.14,70.71,27.19,1.03,0.0
20190301:1206,743.3,1034.07,75.77,27.78,1.38,0.0
20190301:1306,712.05,979.37,68.08,28.26,1.66,0.0
20190301:1406,610.47,824.08,55.27,28.61,1.66,0.0
20190301:1506,300.0,397.37,41.22,28.49,1.72,0.0
20190301:1606,57.96,90.73,26.75,28.33,1.86,0.0
20190301:1706,63.11,100.43,12.1,28.05,2.0,0.0
20190301:1806,0.0,0.0,0.0,27.66,2.48,0.0
20190301:1906,0.0,0.0,0.0,27.21,2.9,0.0
20190301:2006,0.0,0.0,0.0,27.07,3.03,0.0
20190301:2106,0.0,0.0,0.0,26.98,2.97,0.0
20190301:2206,0.0,0.0,0.0,27.02,2.69,0.0
20190301:2306,0.0,0.0,0.0,27.02,2.69,0.0
20190302:0006,0.0,0.0,0.0,27.02,2.69,0.0
20190302:0106,0.0,0.0,0.0,26.93,2.9,0.0
20190302:0206,0.0,0.0,0.0,26.83,3.03,0.0
20190302:0306,0.0,0.0,0.0,26.75,3.03,0.0
20190302:0406,0.0,0.0,0.0,26.64,2.83,0.0
20190302:0506,0.0,0.0,0.0,26.59,2.69,0.0
20190302:0606,0.0,0.0,0.0,26.5,2.48,0.0
20190302:0706,126.69,183.6,15.77,27.16,1.86,0.0
20190302:0806,340.13,449.28,30.4,28.24,1.93,0.0
20190302:0906,454.38,599.4,44.83,29.13,2.34,0.0
20190302:1006,615.67,828.7,58.75,29.86,2.41,0.0
20190302:1106,731.04,1003.23,71.02,30.37,2.62,0.0
20190302:1206,755.29,1036.64,76.15,30.74,3.03,0.0
20190302:1306,714.88,967.12,68.29,28.41,2.62,0.0
20190302:1406,615.96,817.21,55.37,28.57,2.9,0.0
20190302:1506,470.51,614.26,41.28,29.28,3.59,0.0
20190302:1606,280.16,370.87,26.78,28.8,3.86,0.0
20190302:1706,72.51,113.96,12.11,28.34,3.59,0.0
20190302:1806,0.0,0.0,0.0,27.93,3.66,0.0
20190302:1906,0.0,0.0,0.0,27.88,3.38,0.0
20190302:2006,0.0,0.0,0.0,27.66,3.17,0.0
20190302:2106,0.0,0.0,0.0,27.53,3.24,0.0
20190302:2206,0.0,0.0,0.0,27.44,3.31,0.0
20190302:2306,0.0,0.0,0.0,27.33,3.24,0.0
20190303:0006,0.0,0.0,0.0,27.24,3.03,0.0
20190303:0106,0.0,0.0,0.0,27.15,2.83,0.0
20190303:0206,0.0,0.0,0.0,27.1,2.62,0.0
20190303:0306,0.0,0.0,0.0,27.04,2.28,0.0
20190303:0406,0.0,0.0,0.0,26.86,2.28,0.0
20190303:0506,0.0,0.0,0.0,26.63,2.41,0.0
20190303:0606,0.0,0.0,0.0,26.53,2.07,0.0
20190303:0706,112.86,164.15,15.87,27.06,1.86,0.0
20190303:0806,327.1,431.45,30.53,28.02,2.0,0.0
20190303:0906,468.53,618.24,44.99,28.67,2.14,0.0
20190303:1006,551.74,738.6,58.96,29.38,2.21,0.0
20190303:1106,723.71,992.05,71.33,29.96,2.48,0.0
20190303:1206,718.05,974.48,76.52,30.39,3.31,0.0
20190303:1306,651.78,867.57,68.49,29.74,3.93,0.0
20190303:1406,535.5,703.12,55.48,29.65,4.07,0.0
20190303:1506,472.16,616.31,41.33,29.52,3.79,0.0
20190303:1606,283.9,376.65,26.81,29.24,3.79,0.0
20190303:1706,83.95,131.36,12.12,28.81,3.24,0.0
20190303:1806,0.0,0.0,0.0,28.28,3.24,0.0
20190303:1906,0.0,0.0,0.0,27.85,2.83,0.0
20190303:2006,0.0,0.0,0.0,27.58,3.24,0.0
20190303:2106,0.0,0.0,0.0,27.52,3.72,0.0
20190303:2206,0.0,0.0,0.0,27.44,4.14,0.0
20190303:2306,0.0,0.0,0.0,27.42,4.14,0.0
20190304:0006,0.0,0.0,0.0,27.36,4.14,0.0
20190304:0106,0.0,0.0,0.0,27.32,4.34,0.0
20190304:0206,0.0,0.0,0.0,27.28,4.69,0.0
20190304:0306,0.0,0.0,0.0,27.2,4.14,0.0
20190304:0406,0.0,0.0,0.0,27.06,3.1,0.0
20190304:0506,0.0,0.0,0.0,27.0,2.62,0.0
20190304:0606,0.0,0.0,0.0,26.88,2.55,0.0
20190304:0706,84.63,125.88,15.98,27.44,2.76,0.0
20190304:0806,306.48,401.9,30.66,28.24,3.45,0.0
20190304:0906,345.21,452.38,45.14,29.19,3.72,0.0
20190304:1006,501.85,660.21,59.17,29.61,3.86,0.0
20190304:1106,479.6,633.59,71.64,30.21,4.07,0.0
20190304:1206,615.86,819.4,76.89,30.55,4.41,0.0
20190304:1306,703.87,933.09,68.68,29.59,4.69,0.0
20190304:1406,605.43,796.98,55.57,27.82,3.17,0.0
20190304:1506,359.03,466.09,41.38,27.97,4.0,0.0
20190304:1606,215.0,286.67,26.83,28.36,4.69,0.0
20190304:1706,65.17,103.29,12.12,28.14,4.55,0.0
20190304:1806,0.0,0.0,0.0,27.66,4.21,0.0
20190304:1906,0.0,0.0,0.0,27.44,4.28,0.0
20190304:2006,0.0,0.0,0.0,27.18,4.07,0.0
20190304:2106,0.0,0.0,0.0,27.1,4.0,0.0
20190304:2206,0.0,0.0,0.0,27.1,4.07,0.0
20190304:2306,0.0,0.0,0.0,27.06,3.93,0.0
20190305:0006,0.0,0.0,0.0,27.04,3.72,0.0
20190305:0106,0.0,0.0,0.0,26.92,3.24,0.0
20190305:0206,0.0,0.0,0.0,26.93,2.83,0.0
20190305:0306,0.0,0.0,0.0,26.91,2.48,0.0
20190305:0406,0.0,0.0,0.0,26.88,2.28,0.0
20190305:0506,0.0,0.0,0.0,26.72,2.14,0.0
20190305:0606,0.0,0.0,0.0,26.6,1.93,0.0
20190305:0706,131.47,189.62,16.09,27.12,2.55,0.0
20190305:0806,254.02,335.54,30.78,28.35,3.59,0.0
20190305:0906,455.06,594.99,45.3,29.21,3.52,0.0
20190305:1006,426.02,562.48,59.37,29.85,3.31,0.0
20190305:1106,359.94,478.04,71.94,30.41,3.24,0.0
20190305:1206,497.79,664.76,77.26,30.76,3.24,0.0
20190305:1306,561.61,751.56,68.87,31.08,3.45,0.0
20190305:1406,602.26,798.95,55.66,30.7,3.86,0.0
20190305:1506,433.69,567.56,41.42,30.27,4.0,0.0
20190305:1606,277.31,369.17,26.85,29.94,4.07,0.0
20190305:1706,80.71,127.19,12.12,29.39,3.72,0.0
20190305:1806,0.0,0.0,0.0,28.76,3.17,0.0
20190305:1906,0.0,0.0,0.0,28.29,3.24,0.0
20190305:2006,0.0,0.0,0.0,28.06,3.03,0.0
20190305:2106,0.0,0.0,0.0,27.93,3.31,0.0
20190305:2206,0.0,0.0,0.0,27.88,3.86,0.0
20190305:2306,0.0,0.0,0.0,27.89,4.28,0.0
20190306:0006,0.0,0.0,0.0,27.84,4.34,0.0
20190306:0106,0.0,0.0,0.0,27.8,4.0,0.0
20190306:0206,0.0,0.0,0.0,27.71,3.66,0.0
20190306:0306,0.0,0.0,0.0,27.68,3.38,0.0
20190306:0406,0.0,0.0,0.0,27.61,3.24,0.0
20190306:0506,0.0,0.0,0.0,27.55,3.1,0.0
20190306:0606,0.0,0.0,0.0,27.56,3.03,0.0
20190306:0706,52.88,84.1,16.2,27.95,3.72,0.0
20190306:0806,159.25,217.34,30.91,28.61,4.07,0.0
20190306:0906,439.2,573.31,45.46,29.68,4.14,0.0
20190306:1006,493.69,652.45,59.58,30.47,3.79,0.0
20190306:1106,574.63,766.82,72.25,30.85,3.79,0.0
20190306:1206,54.43,86.79,77.64,30.6,4.41,0.0
20190306:1306,50.78,81.86,69.05,30.13,4.62,0.0
20190306:1406,46.74,75.94,55.75,27.92,3.38,0.0
20190306:1506,67.03,101.58,41.46,26.95,3.38,0.0
20190306:1606,97.85,140.23,26.86,26.76,2.62,0.0
20190306:1706,40.07,67.58,12.12,26.9,2.21,0.0
20190306:1806,0.0,0.0,0.0,26.93,2.14,0.0
20190306:1906,0.0,0.0,0.0,26.96,2.34,0.0
20190306:2006,0.0,0.0,0.0,27.13,2.0,0.0
20190306:2106,0.0,0.0,0.0,27.25,1.66,0.0
20190306:2206,0.0,0.0,0.0,27.35,1.59,0.0
20190306:2306,0.0,0.0,0.0,27.31,1.66,0.0
20190307:0006,0.0,0.0,0.0,27.14,1.59,0.0
20190307:0106,0.0,0.0,0.0,26.97,1.72,0.0
20190307:0206,0.0,0.0,0.0,26.86,1.86,0.0
20190307:0306,0.0,0.0,0.0,26.74,1.93,0.0
20190307:0406,0.0,0.0,0.0,26.77,2.07,0.0
20190307:0506,0.0,0.0,0.0,26.76,2.0,0.0
20190307:0606,0.0,0.99,1.51,26.6,1.79,0.0
20190307:0706,112.59,163.33,16.32,27.19,2.48,0.0
20190307:0806,297.81,391.4,31.04,27.96,2.9,0.0
20190307:0906,507.62,660.34,45.61,28.56,3.86,0.0
20190307:1006,530.98,696.59,59.78,29.24,4.14,0.0
20190307:1106,655.25,871.91,72.56,30.03,4.28,0.0
20190307:1206,697.37,933.36,78.01,30.38,4.34,0.0
20190307:1306,661.57,881.83,69.23,30.6,4.34,0.0
20190307:1406,566.58,747.75,55.83,30.49,4.14,0.0
20190307:1506,401.45,527.36,41.5,29.44,2.9,0.0
20190307:1606,233.33,312.84,26.87,28.95,2.69,0.0
20190307:1706,68.07,108.19,12.12,28.8,2.55,0.0
20190307:1806,0.0,0.0,0.0,28.32,2.14,0.0
20190307:1906,0.0,0.0,0.0,27.79,2.76,0.0
20190307:2006,0.0,0.0,0.0,27.54,2.76,0.0
20190307:2106,0.0,0.0,0.0,27.41,2.69,0.0
20190307:2206,0.0,0.0,0.0,27.29,2.55,0.0
20190307:2306,0.0,0.0,0.0,27.16,2.62,0.0
20190308:0006,0.0,0.0,0.0,26.99,2.69,0.0
20190308:0106,0.0,0.0,0.0,26.83,2.55,0.0
20190308:0206,0.0,0.0,0.0,26.7,2.41,0.0
20190308:0306,0.0,0.0,0.0,26.58,2.28,0.0
20190308:0406,0.0,0.0,0.0,26.52,2.21,0.0
20190308:0506,0.0,0.0,0.0,26.52,2.21,0.0
20190308:0606,0.0,2.96,1.61,26.57,2.34,0.0
20190308:0706,125.24,180.58,16.43,27.05,2.21,0.0
20190308:0806,288.23,379.51,31.17,28.4,3.17,0.0
20190308:0906,430.1,562.63,45.77,29.03,3.38,0.0
20190308:1006,583.25,773.95,59.98,29.79,3.45,0.0
20190308:1106,652.37,875.97,72.86,30.56,3.66,0.0
20190308:1206,698.24,943.61,78.38,30.87,3.72,0.0
20190308:1306,645.45,864.43,69.4,30.92,3.93,0.0
20190308:1406,563.54,741.18,55.9,30.35,4.48,0.0
20190308:1506,457.18,594.87,41.53,29.95,4.69,0.0
20190308:1606,258.08,343.12,26.88,29.56,4.83,0.0
20190308:1706,61.95,99.08,12.11,29.17,4.62,0.0
20190308:1806,0.0,0.0,0.0,28.6,4.0,0.0
20190308:1906,0.0,0.0,0.0,28.03,3.38,0.0
20190308:2006,0.0,0.0,0.0,27.74,3.24,0.0
20190308:2106,0.0,0.0,0.0,27.62,3.45,0.0
20190308:2206,0.0,0.0,0.0,27.5,3.72,0.0
20190308:2306,0.0,0.0,0.0,27.33,3.79,0.0
20190309:0006,0.0,0.0,0.0,27.15,3.86,0.0
20190309:0106,0.0,0.0,0.0,26.96,3.66,0.0
20190309:0206,0.0,0.0,0.0,26.83,3.52,0.0
20190309:0306,0.0,0.0,0.0,26.81,3.38,0.0
20190309:0406,0.0,0.0,0.0,26.63,2.9,0.0
20190309:0506,0.0,0.0,0.0,26.42,2.97,0.0
20190309:0606,0.0,2.96,1.72,26.35,2.76,0.0
20190309:0706,89.02,131.21,16.55,26.92,2.34,0.0
20190309:0806,257.57,340.02,31.31,27.95,3.1,0.0
20190309:0906,518.52,680.18,45.92,29.02,3.17,0.0
20190309:1006,628.87,840.09,60.19,29.96,3.17,0.0
20190309:1106,664.69,895.18,73.16,30.39,3.38,0.0
20190309:1206,644.97,866.11,78.76,30.66,3.72,0.0
20190309:1306,648.35,866.64,69.56,30.97,4.14,0.0
20190309:1406,563.09,742.41,55.97,30.58,4.28,0.0
20190309:1506,456.29,592.95,41.56,28.75,3.86,0.0
20190309:1606,269.47,356.93,26.89,28.85,4.55,0.0
20190309:1706,75.37,118.98,12.11,28.42,4.83,0.0
20190309:1806,0.0,0.0,0.0,27.47,4.69,0.0
20190309:1906,0.0,0.0,0.0,27.72,4.28,0.0
20190309:2006,0.0,0.0,0.0,27.4,3.79,0.0
20190309:2106,0.0,0.0,0.0,27.27,3.38,0.0
20190309:2206,0.0,0.0,0.0,27.18,2.97,0.0
20190309:2306,0.0,0.0,0.0,27.15,2.83,0.0
20190310:0006,0.0,0.0,0.0,27.08,2.9,0.0
20190310:0106,0.0,0.0,0.0,26.95,2.97,0.0
20190310:0206,0.0,0.0,0.0,26.75,2.97,0.0
20190310:0306,0.0,0.0,0.0,26.68,2.97,0.0
20190310:0406,0.0,0.0,0.0,26.64,2.9,0.0
20190310:0506,0.0,0.0,0.0,26.63,2.76,0.0
20190310:0606,0.0,2.96,1.83,26.67,2.55,0.0
20190310:0706,120.7,173.93,16.66,27.36,3.31,0.0
20190310:0806,263.96,346.92,31.44,28.27,4.41,0.0
20190310:0906,283.43,373.58,46.08,29.13,3.93,0.0
20190310:1006,476.04,627.53,60.39,29.62,3.52,0.0
20190310:1106,518.92,687.66,73.47,29.65,3.52,0.0
20190310:1206,526.19,697.2,79.13,29.94,3.86,0.0
20190310:1306,654.31,870.75,69.71,30.32,4.28,0.0
20190310:1406,469.76,617.89,56.04,30.11,3.93,0.0
20190310:1506,329.41,430.23,41.59,28.42,3.72,0.0
20190310:1606,179.48,243.1,26.89,28.01,2.9,0.0
20190310:1706,75.23,118.65,12.09,27.7,3.45,0.0
20190310:1806,0.0,0.0,0.0,27.63,3.03,0.0
20190310:1906,0.0,0.0,0.0,27.57,2.55,0.0
20190310:2006,0.0,0.0,0.0,27.46,2.34,0.0
20190310:2106,0.0,0.0,0.0,27.32,1.66,0.0
20190310:2206,0.0,0.0,0.0,27.01,1.31,0.0
20190310:2306,0.0,0.0,0.0,26.98,1.59,0.0
20190311:0006,0.0,0.0,0.0,26.93,1.93,0.0
20190311:0106,0.0,0.0,0.0,26.73,2.34,0.0
20190311:0206,0.0,0.0,0.0,26.54,2.69,0.0
20190311:0306,0.0,0.0,0.0,26.4,2.97,0.0
20190311:0406,0.0,0.0,0.0,26.32,3.03,0.0
20190311:0506,0.0,0.0,0.0,26.33,2.83,0.0
20190311:0606,0.0,3.94,1.93,26.39,2.41,0.0
20190311:0706,128.22,184.4,16.78,27.09,2.48,0.0
20190311:0806,255.91,337.92,31.57,28.0,3.17,0.0
20190311:0906,435.95,570.99,46.23,28.91,3.1,0.0
20190311:1006,385.05,509.5,60.58,29.76,2.97,0.0
20190311:1106,467.21,623.6,73.77,30.41,2.83,0.0
20190311:1206,563.59,759.57,79.5,30.97,2.9,0.0
20190311:1306,717.11,975.83,69.86,31.25,3.31,0.0
20190311:1406,595.07,790.96,56.1,31.1,3.79,0.0
20190311:1506,468.5,611.85,41.61,30.5,4.48,0.0
20190311:1606,266.47,355.27,26.89,29.88,4.34,0.0
20190311:1706,77.28,122.68,12.08,29.31,3.93,0.0
20190311:1806,0.0,0.0,0.0,28.67,3.59,0.0
20190311:1906,0.0,0.0,0.0,28.21,3.93,0.0
20190311:2006,0.0,0.0,0.0,28.02,4.14,0.0
20190311:2106,0.0,0.0,0.0,27.87,4.34,0.0
20190311:2206,0.0,0.0,0.0,27.83,4.48,0.0
20190311:2306,0.0,0.0,0.0,27.71,4.55,0.0
20190312:0006,0.0,0.0,0.0,27.59,4.41,0.0
20190312:0106,0.0,0.0,0.0,27.54,4.21,0.0
20190312:0206,0.0,0.0,0.0,27.41,3.79,0.0
20190312:0306,0.0,0.0,0.0,27.38,3.52,0.0
20190312:0406,0.0,0.0,0.0,27.29,3.24,0.0
20190312:0506,0.0,0.0,0.0,27.22,3.17,0.0
20190312:0606,0.0,4.93,2.05,27.26,3.1,0.0
20190312:0706,139.36,200.18,16.9,27.63,2.9,0.0
20190312:0806,124.07,173.76,31.7,28.53,3.72,0.0
20190312:0906,379.93,497.27,46.39,29.45,3.86,0.0
20190312:1006,527.22,694.55,60.78,29.85,4.0,0.0
20190312:1106,337.39,446.05,74.06,30.33,4.28,0.0
20190312:1206,524.52,695.06,79.86,30.56,4.28,0.0
20190312:1306,604.42,804.05,70.0,30.96,4.34,0.0
20190312:1406,571.15,752.7,56.15,30.42,4.28,0.0
20190312:1506,460.45,600.09,41.62,29.84,4.28,0.0
20190312:1606,267.16,356.54,26.89,29.63,3.79,0.0
20190312:1706,58.26,94.35,12.07,29.3,3.59,0.0
20190312:1806,0.0,0.0,0.0,28.74,3.38,0.0
20190312:1906,0.0,0.0,0.0,28.27,3.03,0.0
20190312:2006,0.0,0.0,0.0,28.03,3.1,0.0
20190312:2106,0.0,0.0,0.0,27.84,3.17,0.0
20190312:2206,0.0,0.0,0.0,27.76,3.24,0.0
20190312:2306,0.0,0.0,0.0,27.64,3.31,0.0
20190313:0006,0.0,0.0,0.0,27.5,3.38,0.0
20190313:0106,0.0,0.0,0.0,27.42,3.59,0.0
20190313:0206,0.0,0.0,0.0,27.33,3.72,0.0
20190313:0306,0.0,0.0,0.0,27.28,3.72,0.0
20190313:0406,0.0,0.0,0.0,27.21,3.38,0.0
20190313:0506,0.0,0.0,0.0,27.18,3.1,0.0
20190313:0606,0.02,5.92,2.16,27.16,2.83,0.0
20190313:0706,138.09,198.48,17.02,27.55,2.62,0.0
20190313:0806,263.18,347.47,31.84,28.29,3.24,0.0
20190313:0906,448.98,588.28,46.54,29.47,3.45,0.0
20190313:1006,496.95,659.2,60.98,30.24,3.24,0.0
20190313:1106,136.37,191.33,74.36,30.87,3.17,0.0
20190313:1206,467.04,622.24,80.23,31.0,3.52,0.0
20190313:1306,694.24,933.6,70.13,31.05,3.93,0.0
20190313:1406,617.79,816.25,56.2,30.0,4.0,0.0
20190313:1506,468.18,610.41,41.64,30.06,4.41,0.0
20190313:1606,263.51,351.46,26.89,30.04,4.76,0.0
20190313:1706,78.71,125.15,12.05,29.64,4.41,0.0
20190313:1806,0.0,0.0,0.0,28.91,3.66,0.0
20190313:1906,0.0,0.0,0.0,28.39,3.72,0.0
20190313:2006,0.0,0.0,0.0,28.06,2.97,0.0
20190313:2106,0.0,0.0,0.0,27.89,3.1,0.0
20190313:2206,0.0,0.0,0.0,27.72,3.17,0.0
20190313:2306,0.0,0.0,0.0,27.6,3.1,0.0
20190314:0006,0.0,0.0,0.0,27.47,3.38,0.0
20190314:0106,0.0,0.0,0.0,27.35,3.38,0.0
20190314:0206,0.0,0.0,0.0,27.32,3.38,0.0
20190314:0306,0.0,0.0,0.0,27.2,3.52,0.0
20190314:0406,0.0,0.0,0.0,27.26,3.59,0.0
20190314:0506,0.0,0.0,0.0,27.22,3.45,0.0
20190314:0606,0.0,1.97,2.27,27.22,3.24,0.0
20190314:0706,85.98,127.3,17.14,27.61,2.9,0.0
20190314:0806,263.31,346.95,31.97,28.67,4.28,0.0
20190314:0906,522.62,680.7,46.7,29.61,4.48,0.0
20190314:1006,618.5,814.37,61.17,30.01,4.62,0.0
20190314:1106,662.86,881.63,74.65,30.5,4.62,0.0
20190314:1206,602.83,801.39,80.59,30.48,4.34,0.0
20190314:1306,633.66,845.04,70.25,29.15,3.31,0.0
20190314:1406,566.54,744.25,56.24,29.36,3.93,0.0
20190314:1506,441.12,578.87,41.65,29.83,3.24,0.0
20190314:1606,274.05,366.55,26.88,29.79,3.45,0.0
20190314:1706,61.57,99.28,12.03,29.12,3.31,0.0
20190314:1806,0.0,0.0,0.0,27.96,3.17,0.0
20190314:1906,0.0,0.0,0.0,28.54,4.07,0.0
20190314:2006,0.0,0.0,0.0,28.34,4.28,0.0
20190314:2106,0.0,0.0,0.0,28.18,4.07,0.0
20190314:2206,0.0,0.0,0.0,28.06,3.66,0.0
20190314:2306,0.0,0.0,0.0,27.92,3.31,0.0
20190315:0006,0.0,0.0,0.0,27.81,3.24,0.0
20190315:0106,0.0,0.0,0.0,27.63,3.17,0.0
20190315:0206,0.0,0.0,0.0,27.45,3.31,0.0
20190315:0306,0.0,0.0,0.0,27.32,3.38,0.0
20190315:0406,0.0,0.0,0.0,27.3,3.38,0.0
20190315:0506,0.0,0.0,0.0,27.36,3.24,0.0
20190315:0606,0.02,5.92,2.39,27.34,3.17,0.0
20190315:0706,112.92,163.27,17.27,27.71,2.97,0.0
20190315:0806,224.5,298.8,32.1,28.83,4.07,0.0
20190315:0906,418.02,546.72,46.85,29.55,3.86,0.0
20190315:1006,594.35,788.12,61.36,30.2,3.79,0.0
20190315:1106,687.76,921.76,74.94,30.28,3.93,0.0
20190315:1206,714.16,959.21,80.95,30.72,4.28,0.0
20190315:1306,673.03,897.76,70.37,30.94,4.48,0.0
20190315:1406,582.88,768.01,56.28,30.89,4.62,0.0
20190315:1506,442.06,575.68,41.65,30.04,4.62,0.0
20190315:1606,239.5,320.17,26.87,29.28,4.14,0.0
20190315:1706,71.74,114.94,12.01,29.16,3.79,0.0
20190315:1806,0.0,0.0,0.0,28.74,3.45,0.0
20190315:1906,0.0,0.0,0.0,28.41,3.31,0.0
20190315:2006,0.0,0.0,0.0,28.2,3.38,0.0
20190315:2106,0.0,0.0,0.0,28.06,3.52,0.0
20190315:2206,0.0,0.0,0.0,27.92,3.66,0.0
20190315:2306,0.0,0.0,0.0,27.77,3.66,0.0
20190316:0006,0.0,0.0,0.0,27.59,3.66,0.0
20190316:0106,0.0,0.0,0.0,27.38,3.52,0.0
20190316:0206,0.0,0.0,0.0,27.24,3.31,0.0
20190316:0306,0.0,0.0,0.0,27.12,3.03,0.0
20190316:0406,0.0,0.0,0.0,27.04,2.76,0.0
20190316:0506,0.0,0.0,0.0,27.08,2.48,0.0
20190316:0606,0.84,8.96,2.51,27.12,2.41,0.0
20190316:0706,110.45,159.83,17.39,27.62,2.83,0.0
20190316:0806,247.36,327.28,32.23,28.38,3.59,0.0
20190316:0906,289.71,381.71,47.0,29.08,3.79,0.0
20190316:1006,588.73,777.64,61.55,29.75,3.93,0.0
20190316:1106,694.8,930.68,75.22,30.09,3.93,0.0
20190316:1206,730.65,984.38,81.3,30.17,3.86,0.0
20190316:1306,684.6,916.93,70.48,29.78,3.59,0.0
20190316:1406,542.68,716.03,56.31,28.71,2.97,0.0
20190316:1506,192.81,259.79,41.65,28.9,3.59,0.0
20190316:1606,43.48,72.0,26.85,28.9,2.9,0.0
20190316:1706,18.34,37.48,11.99,28.18,2.28,0.0
20190316:1806,0.0,0.0,0.0,27.96,1.93,0.0
20190316:1906,0.0,0.0,0.0,26.6,2.41,0.0
20190316:2006,0.0,0.0,0.0,26.87,1.79,0.0
20190316:2106,0.0,0.0,0.0,26.91,1.79,0.0
20190316:2206,0.0,0.0,0.0,26.84,2.0,0.0
20190316:2306,0.0,0.0,0.0,26.77,2.07,0.0
20190317:0006,0.0,0.0,0.0,26.9,2.48,0.0
20190317:0106,0.0,0.0,0.0,26.73,2.69,0.0
20190317:0206,0.0,0.0,0.0,26.61,2.76,0.0
20190317:0306,0.0,0.0,0.0,26.56,2.62,0.0
20190317:0406,0.0,0.0,0.0,26.49,2.55,0.0
20190317:0506,0.0,0.0,0.0,26.5,2.48,0.0
20190317:0606,0.0,4.93,2.62,26.48,2.34,0.0
20190317:0706,92.16,135.01,17.51,26.96,2.48,0.0
20190317:0806,231.27,307.44,32.37,27.59,2.34,0.0
20190317:0906,431.18,566.04,47.15,28.67,2.69,0.0
20190317:1006,485.61,644.17,61.73,29.36,2.69,0.0
20190317:1106,600.22,806.79,75.5,30.35,3.03,0.0
20190317:1206,520.13,696.79,81.66,30.85,3.1,0.0
20190317:1306,562.43,753.85,70.57,30.89,3.17,0.0
20190317:1406,537.79,713.99,56.33,30.74,3.38,0.0
20190317:1506,438.38,574.59,41.65,29.98,3.52,0.0
20190317:1606,219.95,296.16,26.84,29.57,3.66,0.0
20190317:1706,36.42,63.29,11.97,29.02,3.59,0.0
20190317:1806,0.0,0.0,0.0,28.58,3.17,0.0
20190317:1906,0.0,0.0,0.0,28.09,3.03,0.0
20190317:2006,0.0,0.0,0.0,27.8,2.9,0.0
20190317:2106,0.0,0.0,0.0,27.59,2.83,0.0
20190317:2206,0.0,0.0,0.0,27.45,2.9,0.0
20190317:2306,0.0,0.0,0.0,27.31,3.17,0.0
20190318:0006,0.0,0.0,0.0,27.18,3.31,0.0
20190318:0106,0.0,0.0,0.0,27.08,3.24,0.0
20190318:0206,0.0,0.0,0.0,26.99,3.03,0.0
20190318:0306,0.0,0.0,0.0,26.89,2.83,0.0
20190318:0406,0.0,0.0,0.0,26.82,2.62,0.0
20190318:0506,0.0,0.0,0.0,26.75,2.28,0.0
20190318:0606,1.16,8.88,2.74,26.65,1.93,0.0
20190318:0706,134.62,193.21,17.63,27.18,1.52,0.0
20190318:0806,283.64,375.82,32.5,28.36,2.07,0.0
20190318:0906,474.65,629.17,47.29,29.09,2.0,0.0
20190318:1006,582.19,784.6,61.91,30.05,2.21,0.0
20190318:1106,702.34,963.38,75.77,30.91,2.55,0.0
20190318:1206,720.09,984.4,82.0,31.22,3.1,0.0
20190318:1306,693.79,936.34,70.66,30.86,3.52,0.0
20190318:1406,598.65,790.8,56.35,30.3,4.0,0.0
20190318:1506,446.46,582.72,41.65,30.1,4.28,0.0
20190318:1606,250.44,334.95,26.82,29.55,4.21,0.0
20190318:1706,69.62,111.9,11.94,29.09,4.07,0.0
20190318:1806,0.0,0.0,0.0,28.49,3.66,0.0
20190318:1906,0.0,0.0,0.0,28.0,3.59,0.0
20190318:2006,0.0,0.0,0.0,27.8,3.59,0.0
20190318:2106,0.0,0.0,0.0,27.66,3.79,0.0
20190318:2206,0.0,0.0,0.0,27.6,4.07,0.0
20190318:2306,0.0,0.0,0.0,27.56,4.28,0.0
20190319:0006,0.0,0.0,0.0,27.47,4.14,0.0
20190319:0106,0.0,0.0,0.0,27.34,3.93,0.0
20190319:0206,0.0,0.0,0.0,27.26,3.79,0.0
20190319:0306,0.0,0.0,0.0,27.21,3.72,0.0
20190319:0406,0.0,0.0,0.0,27.23,3.72,0.0
20190319:0506,0.0,0.0,0.0,27.18,3.72,0.0
20190319:0606,1.24,9.81,2.86,27.22,3.59,0.0
20190319:0706,128.85,184.46,17.76,27.75,3.72,0.0
20190319:0806,292.16,383.43,32.63,28.74,4.28,0.0
20190319:0906,491.0,640.39,47.44,29.46,4.14,0.0
20190319:1006,558.5,736.34,62.09,30.19,4.28,0.0
20190319:1106,549.64,727.99,76.04,30.69,4.48,0.0
20190319:1206,474.19,626.5,82.34,30.85,4.69,0.0
20190319:1306,604.39,800.5,70.75,30.93,4.83,0.0
20190319:1406,600.06,788.42,56.37,30.98,5.1,0.0
20190319:1506,448.66,583.63,41.64,30.42,5.17,0.0
20190319:1606,252.57,337.31,26.79,29.91,5.31,0.0
20190319:1706,61.39,99.37,11.91,29.25,4.97,0.0
20190319:1806,0.0,0.0,0.0,28.54,4.76,0.0
20190319:1906,0.0,0.0,0.0,27.72,4.55,0.0
20190319:2006,0.0,0.0,0.0,27.37,4.34,0.0
20190319:2106,0.0,0.0,0.0,27.18,4.21,0.0
20190319:2206,0.0,0.0,0.0,27.11,3.66,0.0
20190319:2306,0.0,0.0,0.0,27.08,3.52,0.0
20190320:0006,0.0,0.0,0.0,27.14,3.72,0.0
20190320:0106,0.0,0.0,0.0,27.12,3.66,0.0
20190320:0206,0.0,0.0,0.0,27.05,3.38,0.0
20190320:0306,0.0,0.0,0.0,26.99,3.31,0.0
20190320:0406,0.0,0.0,0.0,26.88,3.38,0.0
20190320:0506,0.0,0.0,0.0,26.88,3.38,0.0
20190320:0606,1.68,10.75,2.98,26.86,3.31,0.0
20190320:0706,141.39,201.35,17.88,27.33,4.14,0.0
20190320:0806,301.94,394.02,32.76,28.11,4.69,0.0
20190320:0906,511.22,661.64,47.58,29.3,5.24,0.0
20190320:1006,656.03,862.24,62.26,30.0,5.1,0.0
20190320:1106,660.38,875.49,76.31,30.37,4.9,0.0
20190320:1206,652.9,865.95,82.67,30.21,4.83,0.0
20190320:1306,680.45,901.15,70.82,30.14,4.83,0.0
20190320:1406,587.0,767.86,56.38,29.53,4.62,0.0
20190320:1506,436.71,567.25,41.62,29.78,4.9,0.0
20190320:1606,236.43,316.1,26.77,29.41,5.03,0.0
20190320:1706,67.14,108.27,11.88,28.97,4.9,0.0
20190320:1806,0.0,0.0,0.0,28.47,4.14,0.0
20190320:1906,0.0,0.0,0.0,27.81,4.34,0.0
20190320:2006,0.0,0.0,0.0,27.55,3.52,0.0
20190320:2106,0.0,0.0,0.0,27.47,2.83,0.0
20190320:2206,0.0,0.0,0.0,27.36,2.62,0.0
20190320:2306,0.0,0.0,0.0,27.23,3.1,0.0
20190321:0006,0.0,0.0,0.0,27.14,3.45,0.0
20190321:0106,0.0,0.0,0.0,27.19,3.24,0.0
20190321:0206,0.0,0.0,0.0,27.16,3.03,0.0
20190321:0306,0.0,0.0,0.0,27.15,3.03,0.0
20190321:0406,0.0,0.0,0.0,27.11,3.1,0.0
20190321:0506,0.0,0.0,0.0,26.91,3.31,0.0
20190321:0606,3.11,13.64,3.1,26.62,4.0,0.0
20190321:0706,153.77,218.94,18.0,27.59,3.66,0.0
20190321:0806,303.59,397.39,32.89,28.53,4.34,0.0
20190321:0906,453.03,588.4,47.73,29.2,4.69,0.0
20190321:1006,509.52,666.19,62.43,29.87,5.1,0.0
20190321:1106,610.19,802.15,76.57,30.12,5.52,0.0
20190321:1206,552.19,724.32,83.0,30.12,5.66,0.0
20190321:1306,716.59,946.84,70.88,30.61,5.72,0.0
20190321:1406,603.89,788.69,56.39,30.61,5.72,0.0
20190321:1506,460.36,596.44,41.61,30.02,5.59,0.0
20190321:1606,259.33,345.94,26.75,29.61,5.24,0.0
20190321:1706,71.04,115.02,11.85,29.25,5.1,0.0
20190321:1806,0.0,0.0,0.0,28.8,4.83,0.0
20190321:1906,0.0,0.0,0.0,28.39,3.59,0.0
20190321:2006,0.0,0.0,0.0,28.08,3.52,0.0
20190321:2106,0.0,0.0,0.0,27.95,4.21,0.0
20190321:2206,0.0,0.0,0.0,27.84,4.62,0.0
20190321:2306,0.0,0.0,0.0,27.66,5.1,0.0
20190322:0006,0.0,0.0,0.0,26.67,4.76,0.0
20190322:0106,0.0,0.0,0.0,26.18,4.28,0.0
20190322:0206,0.0,0.0,0.0,26.01,4.69,0.0
20190322:0306,0.0,0.0,0.0,26.05,4.14,0.0
20190322:0406,0.0,0.0,0.0,26.38,3.45,0.0
20190322:0506,0.0,0.0,0.0,26.72,3.17,0.0
20190322:0606,1.6,9.86,3.23,26.88,3.38,0.0
20190322:0706,80.77,119.45,18.13,25.73,1.59,0.0
20190322:0806,20.58,40.44,33.02,26.55,1.72,0.0
20190322:0906,34.81,60.16,47.87,27.53,2.0,0.0
20190322:1006,56.37,88.76,62.6,28.52,1.79,0.0
20190322:1106,118.17,167.66,76.82,29.6,2.41,0.0
20190322:1206,495.62,659.96,83.32,30.34,3.31,0.0
20190322:1306,656.6,882.38,70.94,30.53,3.38,0.0
20190322:1406,603.02,794.3,56.39,30.32,4.34,0.0
20190322:1506,453.33,589.2,41.59,30.05,4.97,0.0
20190322:1606,259.57,347.09,26.72,29.81,4.9,0.0
20190322:1706,73.42,118.63,11.82,29.25,4.62,0.0
20190322:1806,0.0,0.0,0.0,28.6,4.21,0.0
20190322:1906,0.0,0.0,0.0,28.26,2.0,0.0
20190322:2006,0.0,0.0,0.0,27.98,2.69,0.0
20190322:2106,0.0,0.0,0.0,27.88,3.03,0.0
20190322:2206,0.0,0.0,0.0,27.79,2.97,0.0
20190322:2306,0.0,0.0,0.0,27.68,2.97,0.0
20190323:0006,0.0,0.0,0.0,27.59,3.52,0.0
20190323:0106,0.0,0.0,0.0,27.63,3.86,0.0
20190323:0206,0.0,0.0,0.0,27.51,3.93,0.0
20190323:0306,0.0,0.0,0.0,27.39,3.93,0.0
20190323:0406,0.0,0.0,0.0,27.32,3.79,0.0
20190323:0506,0.0,0.0,0.0,27.32,3.66,0.0
20190323:0606,4.11,15.53,3.35,27.37,3.59,0.0
20190323:0706,129.7,185.8,18.25,27.96,2.69,0.0
20190323:0806,330.19,434.09,33.14,29.02,3.38,0.0
20190323:0906,454.08,595.78,48.0,29.77,3.52,0.0
20190323:1006,652.67,870.8,62.76,30.32,3.66,0.0
20190323:1106,690.13,932.03,77.06,30.84,3.52,0.0
20190323:1206,693.16,939.09,83.62,30.83,3.38,0.0
20190323:1306,663.14,892.05,70.98,30.56,3.38,0.0
20190323:1406,570.36,754.03,56.38,30.2,3.66,0.0
20190323:1506,458.94,597.96,41.57,30.04,4.55,0.0
20190323:1606,264.96,354.19,26.69,29.82,4.97,0.0
20190323:1706,71.04,115.28,11.79,29.36,4.34,0.0
20190323:1806,0.0,0.0,0.0,28.85,3.86,0.0
20190323:1906,0.0,0.0,0.0,28.38,4.48,0.0
20190323:2006,0.0,0.0,0.0,28.23,4.48,0.0
20190323:2106,0.0,0.0,0.0,28.12,4.48,0.0
20190323:2206,0.0,0.0,0.0,28.03,4.69,0.0
20190323:2306,0.0,0.0,0.0,27.89,4.76,0.0
20190324:0006,0.0,0.0,0.0,27.8,4.62,0.0
20190324:0106,0.0,0.0,0.0,27.75,4.55,0.0
20190324:0206,0.0,0.0,0.0,27.65,4.28,0.0
20190324:0306,0.0,0.0,0.0,27.59,4.28,0.0
20190324:0406,0.0,0.0,0.0,27.55,4.34,0.0
20190324:0506,0.0,0.0,0.0,27.52,4.34,0.0
20190324:0606,4.11,15.51,3.47,27.51,4.28,0.0
20190324:0706,94.47,138.07,18.37,28.03,3.86,0.0
20190324:0806,303.45,397.3,33.27,29.08,5.03,0.0
20190324:0906,455.55,592.9,48.14,29.99,5.03,0.0
20190324:1006,535.43,703.53,62.92,30.6,4.97,0.0
20190324:1106,490.84,648.24,77.3,30.8,4.69,0.0
20190324:1206,620.13,825.55,83.92,30.88,4.55,0.0
20190324:1306,386.82,512.1,71.02,31.35,4.55,0.0
20190324:1406,353.93,464.81,56.37,30.0,4.62,0.0
20190324:1506,191.29,258.53,41.54,30.12,4.9,0.0
20190324:1606,119.35,168.7,26.65,29.48,3.93,0.0
20190324:1706,35.0,61.12,11.75,28.72,3.86,0.0
20190324:1806,0.0,0.0,0.0,27.8,4.34,0.0
20190324:1906,0.0,0.0,0.0,28.29,3.86,0.0
20190324:2006,0.0,0.0,0.0,28.05,4.14,0.0
20190324:2106,0.0,0.0,0.0,27.88,4.14,0.0
20190324:2206,0.0,0.0,0.0,27.74,4.28,0.0
20190324:2306,0.0,0.0,0.0,27.64,4.48,0.0
20190325:0006,0.0,0.0,0.0,27.59,4.62,0.0
20190325:0106,0.0,0.0,0.0,27.58,4.62,0.0
20190325:0206,0.0,0.0,0.0,27.56,4.55,0.0
20190325:0306,0.0,0.0,0.0,27.54,4.55,0.0
20190325:0406,0.0,0.0,0.0,27.36,4.28,0.0
20190325:0506,0.0,0.0,0.0,27.25,4.07,0.0
20190325:0606,4.65,16.46,3.59,27.19,3.86,0.0
20190325:0706,149.86,213.36,18.5,27.7,3.59,0.0
20190325:0806,311.27,406.55,33.39,28.44,4.62,0.0
20190325:0906,512.3,664.58,48.27,28.97,4.62,0.0
20190325:1006,512.99,671.62,63.08,29.61,4.69,0.0
20190325:1106,653.61,863.73,77.52,29.94,4.97,0.0
20190325:1206,623.55,825.65,84.2,30.55,5.03,0.0
20190325:1306,568.71,748.61,71.05,30.53,5.17,0.0
20190325:1406,597.87,785.13,56.36,30.15,4.55,0.0
20190325:1506,434.8,568.77,41.51,29.65,3.59,0.0
20190325:1606,260.52,347.41,26.62,27.24,2.69,0.0
20190325:1706,68.92,111.61,11.72,27.15,3.17,0.0
20190325:1806,0.0,0.0,0.0,27.11,3.1,0.0
20190325:1906,0.0,0.0,0.0,27.97,3.38,0.0
20190325:2006,0.0,0.0,0.0,27.65,3.17,0.0
20190325:2106,0.0,0.0,0.0,27.52,2.83,0.0
20190325:2206,0.0,0.0,0.0,27.39,2.76,0.0
20190325:2306,0.0,0.0,0.0,27.3,2.83,0.0
20190326:0006,0.0,0.0,0.0,27.2,2.9,0.0
20190326:0106,0.0,0.0,0.0,27.1,2.83,0.0
20190326:0206,0.0,0.0,0.0,26.96,2.76,0.0
20190326:0306,0.0,0.0,0.0,26.84,2.69,0.0
20190326:0406,0.0,0.0,0.0,26.77,2.62,0.0
20190326:0506,0.0,0.0,0.0,26.76,2.41,0.0
20190326:0606,5.2,17.41,3.72,26.74,2.14,0.0
20190326:0706,154.69,220.54,18.62,27.37,2.0,0.0
20190326:0806,319.52,421.61,33.52,28.58,2.48,0.0
20190326:0906,521.12,688.94,48.4,29.39,2.62,0.0
20190326:1006,657.83,888.03,63.22,30.12,2.69,0.0
20190326:1106,703.72,954.43,77.74,30.38,3.1,0.0
20190326:1206,726.88,987.2,84.46,30.46,3.31,0.0
20190326:1306,697.72,941.1,71.07,30.56,3.45,0.0
20190326:1406,595.46,790.65,56.34,30.63,3.59,0.0
20190326:1506,455.88,598.11,41.48,30.44,3.79,0.0
20190326:1606,259.75,349.44,26.59,29.99,3.93,0.0
20190326:1706,68.97,113.15,11.68,29.27,3.52,0.0
20190326:1806,0.0,0.0,0.0,28.54,2.97,0.0
20190326:1906,0.0,0.0,0.0,28.16,2.69,0.0
20190326:2006,0.0,0.0,0.0,27.87,2.76,0.0
20190326:2106,0.0,0.0,0.0,27.66,2.9,0.0
20190326:2206,0.0,0.0,0.0,27.54,3.24,0.0
20190326:2306,0.0,0.0,0.0,27.45,3.45,0.0
20190327:0006,0.0,0.0,0.0,27.36,3.52,0.0
20190327:0106,0.0,0.0,0.0,27.29,3.38,0.0
20190327:0206,0.0,0.0,0.0,27.2,3.17,0.0
20190327:0306,0.0,0.0,0.0,27.2,2.9,0.0
20190327:0406,0.0,0.0,0.0,27.18,2.69,0.0
20190327:0506,0.0,0.0,0.0,27.1,2.48,0.0
20190327:0606,5.19,17.39,3.84,27.02,2.14,0.0
20190327:0706,137.26,195.94,18.74,27.7,2.21,0.0
20190327:0806,212.52,285.0,33.64,28.8,2.83,0.0
20190327:0906,133.88,187.39,48.53,29.79,2.9,0.0
20190327:1006,491.78,656.33,63.37,30.31,2.62,0.0
20190327:1106,560.28,757.01,77.95,31.06,2.62,0.0
20190327:1206,643.93,875.54,84.71,31.6,3.03,0.0
20190327:1306,650.13,879.78,71.08,31.8,3.31,0.0
20190327:1406,582.85,775.48,56.32,31.25,3.59,0.0
20190327:1506,445.33,586.06,41.45,30.52,3.38,0.0
20190327:1606,251.1,339.76,26.55,30.36,3.24,0.0
20190327:1706,66.27,109.02,11.65,29.72,3.1,0.0
20190327:1806,0.0,0.0,0.0,29.08,2.83,0.0
20190327:1906,0.0,0.0,0.0,28.48,3.1,0.0
20190327:2006,0.0,0.0,0.0,28.19,3.17,0.0
20190327:2106,0.0,0.0,0.0,28.03,3.24,0.0
20190327:2206,0.0,0.0,0.0,27.89,3.38,0.0
20190327:2306,0.0,0.0,0.0,27.78,3.66,0.0
20190328:0006,0.0,0.0,0.0,27.67,3.86,0.0
20190328:0106,0.0,0.0,0.0,27.61,3.86,0.0
20190328:0206,0.0,0.0,0.0,27.52,3.72,0.0
20190328:0306,0.0,0.0,0.0,27.43,3.66,0.0
20190328:0406,0.0,0.0,0.0,27.43,3.72,0.0
20190328:0506,0.0,0.0,0.0,27.4,3.59,0.0
20190328:0606,4.64,16.4,3.96,27.42,3.1,0.0
20190328:0706,137.92,196.48,18.86,27.95,3.45,0.0
20190328:0806,320.14,420.03,33.76,28.97,3.93,0.0
20190328:0906,405.4,531.32,48.65,29.95,4.0,0.0
20190328:1006,387.56,512.55,63.51,30.83,4.0,0.0
20190328:1106,286.11,381.75,78.15,31.13,4.07,0.0
20190328:1206,610.97,816.01,84.94,31.31,4.34,0.0
20190328:1306,661.54,883.35,71.09,31.21,4.34,0.0
20190328:1406,582.81,765.34,56.29,30.03,4.34,0.0
20190328:1506,409.44,534.23,41.41,30.18,4.62,0.0
20190328:1606,198.91,270.27,26.51,30.37,4.69,0.0
20190328:1706,61.84,102.08,11.61,29.85,4.21,0.0
20190328:1806,0.0,0.0,0.0,29.17,3.72,0.0
20190328:1906,0.0,0.0,0.0,28.73,3.86,0.0
20190328:2006,0.0,0.0,0.0,28.44,4.0,0.0
20190328:2106,0.0,0.0,0.0,28.34,4.0,0.0
20190328:2206,0.0,0.0,0.0,28.2,3.79,0.0
20190328:2306,0.0,0.0,0.0,28.05,3.72,0.0
20190329:0006,0.0,0.0,0.0,27.92,3.93,0.0
20190329:0106,0.0,0.0,0.0,27.86,4.28,0.0
20190329:0206,0.0,0.0,0.0,27.78,4.34,0.0
20190329:0306,0.0,0.0,0.0,27.65,4.21,0.0
20190329:0406,0.0,0.0,0.0,27.62,4.0,0.0
20190329:0506,0.0,0.0,0.0,27.57,3.72,0.0
20190329:0606,5.73,18.34,4.08,27.55,3.52,0.0
20190329:0706,130.22,185.63,18.97,28.15,4.28,0.0
20190329:0806,261.83,345.37,33.88,28.86,4.41,0.0
20190329:0906,383.5,501.18,48.77,29.54,4.34,0.0
20190329:1006,413.57,544.06,63.64,30.46,4.55,0.0
20190329:1106,695.76,928.6,78.34,30.73,4.55,0.0
20190329:1206,689.87,923.27,85.14,30.98,4.48,0.0
20190329:1306,664.9,879.05,71.08,30.37,4.97,0.0
20190329:1406,544.86,712.5,56.26,29.5,4.41,0.0
20190329:1506,168.64,229.77,41.37,29.38,4.34,0.0
20190329:1606,28.02,51.28,26.47,29.42,4.69,0.0
20190329:1706,24.99,47.27,11.57,29.08,4.34,0.0
20190329:1806,0.0,0.0,0.0,28.57,4.14,0.0
20190329:1906,0.0,0.0,0.0,28.34,4.34,0.0
20190329:2006,0.0,0.0,0.0,28.04,4.14,0.0
20190329:2106,0.0,0.0,0.0,27.91,3.93,0.0
20190329:2206,0.0,0.0,0.0,27.8,3.86,0.0
20190329:2306,0.0,0.0,0.0,27.44,3.86,0.0
20190330:0006,0.0,0.0,0.0,27.32,3.93,0.0
20190330:0106,0.0,0.0,0.0,27.3,3.86,0.0
20190330:0206,0.0,0.0,0.0,27.32,3.86,0.0
20190330:0306,0.0,0.0,0.0,27.29,3.86,0.0
20190330:0406,0.0,0.0,0.0,27.28,3.45,0.0
20190330:0506,0.0,0.0,0.0,27.14,2.97,0.0
20190330:0606,5.2,17.34,4.2,26.88,2.76,0.0
20190330:0706,81.46,120.98,19.09,28.0,3.59,0.0
20190330:0806,286.95,377.04,33.99,28.89,4.41,0.0
20190330:0906,440.95,575.26,48.89,29.69,4.41,0.0
20190330:1006,613.34,811.29,63.77,30.4,4.28,0.0
20190330:1106,572.14,759.82,78.52,30.91,4.41,0.0
20190330:1206,674.55,901.54,85.32,31.06,4.55,0.0
20190330:1306,630.73,838.89,71.07,31.08,4.48,0.0
20190330:1406,576.4,755.9,56.23,29.64,4.21,0.0
20190330:1506,436.0,566.9,41.33,28.94,4.0,0.0
20190330:1606,220.1,295.34,26.43,28.76,5.1,0.0
20190330:1706,44.2,74.37,11.53,28.05,4.62,0.0
20190330:1806,0.0,0.0,0.0,27.53,3.52,0.0
20190330:1906,0.0,0.0,0.0,27.22,3.45,0.0
20190330:2006,0.0,0.0,0.0,27.37,2.97,0.0
20190330:2106,0.0,0.0,0.0,27.37,2.83,0.0
20190330:2206,0.0,0.0,0.0,27.4,2.69,0.0
20190330:2306,0.0,0.0,0.0,27.46,2.55,0.0
20190331:0006,0.0,0.0,0.0,27.4,2.62,0.0
20190331:0106,0.0,0.0,0.0,27.39,2.76,0.0
20190331:0206,0.0,0.0,0.0,27.37,2.76,0.0
20190331:0306,0.0,0.0,0.0,27.19,2.83,0.0
20190331:0406,0.0,0.0,0.0,27.09,2.83,0.0
20190331:0506,0.0,0.0,0.0,27.02,2.83,0.0
20190331:0606,7.48,21.23,4.32,27.0,2.76,0.0
20190331:0706,149.1,212.15,19.21,28.09,3.03,0.0
20190331:0806,299.76,394.84,34.11,28.97,3.52,0.0
20190331:0906,465.85,608.54,49.01,29.83,4.28,0.0
20190331:1006,644.13,851.51,63.9,30.53,4.62,0.0
20190331:1106,587.91,778.81,78.69,30.76,4.76,0.0
20190331:1206,614.25,816.38,85.47,30.87,4.69,0.0
20190331:1306,682.05,910.18,71.05,31.23,4.55,0.0
20190331:1406,585.87,774.87,56.19,30.46,3.79,0.0
20190331:1506,448.22,586.87,41.29,30.45,4.14,0.0
20190331:1606,250.12,337.17,26.39,29.79,4.14,0.0
20190331:1706,64.62,107.46,11.49,29.42,3.72,0.0
20190331:1806,0.0,0.0,0.0,28.96,3.24,0.0
20190331:1906,0.0,0.0,0.0,28.63,2.69,0.0
20190331:2006,0.0,0.0,0.0,28.32,2.9,0.0
20190331:2106,0.0,0.0,0.0,28.08,2.97,0.0
20190331:2206,0.0,0.0,0.0,27.95,2.83,0.0
20190331:2306,0.0,0.0,0.0,27.77,2.76,0.0
20190401:0006,0.0,0.0,0.0,27.6,2.62,0.0
20190401:0106,0.0,0.0,0.0,27.49,2.55,0.0
20190401:0206,0.0,0.0,0.0,27.31,2.69,0.0
20190401:0306,0.0,0.0,0.0,27.24,2.55,0.0
20190401:0406,0.0,0.0,0.0,27.14,2.41,0.0
20190401:0506,0.0,0.0,0.0,27.12,2.21,0.0
20190401:0606,8.64,24.14,4.44,27.14,2.0,0.0
20190401:0706,166.52,238.56,19.32,27.57,1.93,0.0
20190401:0806,357.71,472.41,34.22,28.69,2.21,0.0
20190401:0906,448.42,595.98,49.12,29.77,2.0,0.0
20190401:1006,614.39,836.35,64.02,30.79,1.93,0.0
20190401:1106,730.35,1016.81,78.84,31.62,2.07,0.0
20190401:1206,726.26,1007.01,85.59,32.05,2.41,0.0
20190401:1306,694.75,948.16,71.02,32.22,3.03,0.0
20190401:1406,605.0,804.27,56.14,31.65,3.86,0.0
20190401:1506,454.44,596.2,41.24,31.29,4.28,0.0
20190401:1606,236.84,321.19,26.34,30.73,4.34,0.0
20190401:1706,66.42,112.15,11.45,30.09,4.07,0.0
20190401:1806,0.0,0.0,0.0,29.36,3.66,0.0
20190401:1906,0.0,0.0,0.0,28.91,3.86,0.0
20190401:2006,0.0,0.0,0.0,28.6,4.0,0.0
20190401:2106,0.0,0.0,0.0,28.45,4.14,0.0
20190401:2206,0.0,0.0,0.0,28.34,4.21,0.0
20190401:2306,0.0,0.0,0.0,28.22,4.0,0.0
20190402:0006,0.0,0.0,0.0,28.01,3.79,0.0
20190402:0106,0.0,0.0,0.0,27.87,3.52,0.0
20190402:0206,0.0,0.0,0.0,27.7,3.31,0.0
20190402:0306,0.0,0.0,0.0,27.62,3.24,0.0
20190402:0406,0.0,0.0,0.0,27.57,3.31,0.0
20190402:0506,0.0,0.0,0.0,27.58,3.31,0.0
20190402:0606,8.04,22.67,4.56,27.62,3.17,0.0
20190402:0706,138.89,198.31,19.44,28.37,2.62,0.0
20190402:0806,345.76,455.52,34.33,29.56,3.31,0.0
20190402:0906,493.88,650.38,49.23,30.56,3.52,0.0
20190402:1006,563.86,749.86,64.13,31.16,3.79,0.0
20190402:1106,636.9,854.75,78.98,31.66,4.0,0.0
20190402:1206,659.19,887.07,85.68,31.86,4.07,0.0
20190402:1306,689.12,924.52,70.99,32.0,4.28,0.0
20190402:1406,595.05,782.7,56.1,31.24,4.76,0.0
20190402:1506,446.43,582.56,41.19,30.6,4.62,0.0
20190402:1606,253.76,343.19,26.3,30.18,4.34,0.0
20190402:1706,62.98,106.38,11.41,29.78,4.14,0.0
20190402:1806,0.0,0.0,0.0,29.21,3.38,0.0
20190402:1906,0.0,0.0,0.0,28.76,3.31,0.0
20190402:2006,0.0,0.0,0.0,28.52,3.1,0.0
20190402:2106,0.0,0.0,0.0,28.38,3.31,0.0
20190402:2206,0.0,0.0,0.0,28.37,3.52,0.0
20190402:2306,0.0,0.0,0.0,28.3,3.31,0.0
20190403:0006,0.0,0.0,0.0,28.16,2.97,0.0
20190403:0106,0.0,0.0,0.0,28.14,2.83,0.0
20190403:0206,0.0,0.0,0.0,27.99,2.9,0.0
20190403:0306,0.0,0.0,0.0,27.84,2.9,0.0
20190403:0406,0.0,0.0,0.0,27.76,2.9,0.0
20190403:0506,0.0,0.0,0.0,27.69,3.03,0.0
20190403:0606,6.86,20.22,4.68,27.63,3.03,0.0
20190403:0706,147.5,210.64,19.55,28.57,2.69,0.0
20190403:0806,332.73,438.91,34.43,29.34,3.03,0.0
20190403:0906,392.41,518.37,49.33,30.25,3.03,0.0
20190403:1006,556.99,744.06,64.23,30.99,3.17,0.0
20190403:1106,571.58,764.66,79.11,31.19,3.66,0.0
20190403:1206,577.91,773.72,85.73,31.73,4.0,0.0
20190403:1306,550.64,734.7,70.94,31.92,4.07,0.0
20190403:1406,563.98,747.47,56.05,32.01,4.21,0.0
20190403:1506,425.85,558.99,41.14,31.4,4.41,0.0
20190403:1606,253.13,342.99,26.25,30.47,4.48,0.0
20190403:1706,66.44,113.54,11.38,29.86,4.14,0.0
20190403:1806,0.0,0.0,0.0,29.26,3.45,0.0
20190403:1906,0.0,0.0,0.0,28.87,3.59,0.0
20190403:2006,0.0,0.0,0.0,28.54,3.59,0.0
20190403:2106,0.0,0.0,0.0,28.33,3.72,0.0
20190403:2206,0.0,0.0,0.0,28.2,3.93,0.0
20190403:2306,0.0,0.0,0.0,28.08,4.21,0.0
20190404:0006,0.0,0.0,0.0,27.99,4.48,0.0
20190404:0106,0.0,0.0,0.0,27.98,4.62,0.0
20190404:0206,0.0,0.0,0.0,27.96,4.62,0.0
20190404:0306,0.0,0.0,0.0,27.94,4.41,0.0
20190404:0406,0.0,0.0,0.0,27.92,4.07,0.0
20190404:0506,0.0,0.0,0.0,27.84,3.86,0.0
20190404:0606,10.38,27.32,4.8,27.68,3.72,0.0
20190404:0706,160.74,228.75,19.66,28.3,4.14,0.0
20190404:0806,340.14,445.37,34.54,29.43,4.55,0.0
20190404:0906,493.39,645.38,49.43,30.4,4.34,0.0
20190404:1006,501.36,663.17,64.34,30.73,3.93,0.0
20190404:1106,582.1,778.42,79.23,31.5,3.93,0.0
20190404:1206,699.59,945.36,85.75,32.03,4.0,0.0
20190404:1306,681.72,918.49,70.89,31.99,3.79,0.0
20190404:1406,603.45,801.36,55.99,32.02,4.14,0.0
20190404:1506,445.6,583.53,41.09,31.06,4.41,0.0
20190404:1606,255.1,345.43,26.2,30.48,5.03,0.0
20190404:1706,25.16,47.34,11.34,29.57,5.45,0.0
20190404:1806,0.0,0.0,0.0,28.78,5.03,0.0
20190404:1906,0.0,0.0,0.0,28.01,3.93,0.0
20190404:2006,0.0,0.0,0.0,27.86,3.79,0.0
20190404:2106,0.0,0.0,0.0,27.88,3.86,0.0
20190404:2206,0.0,0.0,0.0,28.06,4.28,0.0
20190404:2306,0.0,0.0,0.0,27.87,4.28,0.0
20190405:0006,0.0,0.0,0.0,27.76,4.21,0.0
20190405:0106,0.0,0.0,0.0,27.66,4.07,0.0
20190405:0206,0.0,0.0,0.0,27.56,4.21,0.0
20190405:0306,0.0,0.0,0.0,27.48,3.93,0.0
20190405:0406,0.0,0.0,0.0,27.29,3.59,0.0
20190405:0506,0.0,0.0,0.0,27.1,3.45,0.0
20190405:0606,11.6,29.56,4.92,26.98,2.97,0.0
20190405:0706,174.19,248.02,19.77,27.75,4.21,0.0
20190405:0806,387.18,503.72,34.64,28.57,4.55,0.0
20190405:0906,541.83,704.5,49.53,29.45,4.48,0.0
20190405:1006,645.92,853.14,64.43,30.27,4.34,0.0
20190405:1106,636.57,847.56,79.33,30.72,4.28,0.0
20190405:1206,666.62,893.85,85.73,31.57,4.28,0.0
20190405:1306,678.32,902.75,70.84,31.61,4.76,0.0
20190405:1406,565.14,742.77,55.94,31.56,4.97,0.0
20190405:1506,419.56,549.13,41.04,31.27,4.9,0.0
20190405:1606,216.74,294.32,26.16,30.53,5.24,0.0
20190405:1706,43.87,74.72,11.3,29.56,5.17,0.0
20190405:1806,0.0,0.0,0.0,28.73,4.9,0.0
20190405:1906,0.0,0.0,0.0,28.19,4.41,0.0
20190405:2006,0.0,0.0,0.0,27.96,4.48,0.0
20190405:2106,0.0,0.0,0.0,27.92,4.34,0.0
20190405:2206,0.0,0.0,0.0,27.93,4.34,0.0
20190405:2306,0.0,0.0,0.0,27.84,4.62,0.0
20190406:0006,0.0,0.0,0.0,27.72,4.9,0.0
20190406:0106,0.0,0.0,0.0,27.44,5.1,0.0
20190406:0206,0.0,0.0,0.0,27.4,4.97,0.0
20190406:0306,0.0,0.0,0.0,27.32,4.76,0.0
20190406:0406,0.0,0.0,0.0,27.27,4.55,0.0
20190406:0506,0.0,0.0,0.0,27.24,4.21,0.0
20190406:0606,12.74,31.74,5.03,27.28,3.72,0.0
20190406:0706,171.01,243.74,19.87,27.97,4.14,0.0
20190406:0806,234.51,310.41,34.74,28.97,5.66,0.0
20190406:0906,420.17,545.54,49.62,29.85,5.72,0.0
20190406:1006,687.8,902.47,64.52,30.63,5.72,0.0
20190406:1106,639.56,844.66,79.42,31.22,5.66,0.0
20190406:1206,590.9,781.14,85.68,31.56,5.66,0.0
20190406:1306,629.24,828.5,70.77,31.24,5.72,0.0
20190406:1406,586.95,764.66,55.88,31.15,6.07,0.0
20190406:1506,429.94,558.99,40.99,30.38,5.31,0.0
20190406:1606,239.69,324.88,26.11,30.31,5.03,0.0
20190406:1706,60.84,103.77,11.26,29.66,5.03,0.0
20190406:1806,0.0,0.0,0.0,28.98,4.34,0.0
20190406:1906,0.0,0.0,0.0,28.58,3.93,0.0
20190406:2006,0.0,0.0,0.0,28.4,3.93,0.0
20190406:2106,0.0,0.0,0.0,28.28,3.93,0.0
20190406:2206,0.0,0.0,0.0,28.25,4.0,0.0
20190406:2306,0.0,0.0,0.0,28.18,4.21,0.0
20190407:0006,0.0,0.0,0.0,28.13,4.41,0.0
20190407:0106,0.0,0.0,0.0,28.02,4.69,0.0
20190407:0206,0.0,0.0,0.0,27.9,4.69,0.0
20190407:0306,0.0,0.0,0.0,27.82,4.55,0.0
20190407:0406,0.0,0.0,0.0,27.71,4.48,0.0
20190407:0506,0.0,0.0,0.0,27.68,4.28,0.0
20190407:0606,12.22,30.04,5.14,27.46,3.93,0.0
20190407:0706,172.18,245.56,19.98,28.41,4.97,0.0
20190407:0806,358.6,466.92,34.84,29.21,5.38,0.0
20190407:0906,469.43,609.62,49.71,30.21,5.52,0.0
20190407:1006,483.66,633.39,64.6,30.68,5.45,0.0
20190407:1106,206.89,279.11,79.49,30.9,5.45,0.0
20190407:1206,72.79,110.46,85.59,30.81,5.24,0.0
20190407:1306,67.6,103.56,70.7,30.12,4.83,0.0
20190407:1406,66.88,102.57,55.81,29.94,4.62,0.0
20190407:1506,32.23,57.2,40.93,30.1,4.62,0.0
20190407:1606,40.33,68.05,26.06,29.98,4.9,0.0
20190407:1706,23.05,44.38,11.22,29.59,4.76,0.0
20190407:1806,0.0,0.0,0.0,28.75,4.0,0.0
20190407:1906,0.0,0.0,0.0,27.77,1.38,0.0
20190407:2006,0.0,0.0,0.0,27.77,1.86,0.0
20190407:2106,0.0,0.0,0.0,27.33,1.93,0.0
20190407:2206,0.0,0.0,0.0,26.84,2.41,0.0
20190407:2306,0.0,0.0,0.0,26.73,2.69,0.0
20190408:0006,0.0,0.0,0.0,26.64,3.38,0.0
20190408:0106,0.0,0.0,0.0,26.69,3.66,0.0
20190408:0206,0.0,0.0,0.0,26.78,3.66,0.0
20190408:0306,0.0,0.0,0.0,26.87,3.45,0.0
20190408:0406,0.0,0.0,0.0,26.9,3.52,0.0
20190408:0506,0.0,0.0,0.0,27.1,3.66,0.0
20190408:0606,13.22,33.22,5.26,27.31,3.72,0.0
20190408:0706,173.66,247.43,20.08,27.85,4.07,0.0
20190408:0806,363.95,473.09,34.93,28.81,5.24,0.0
20190408:0906,485.59,629.13,49.8,29.38,5.1,0.0
20190408:1006,676.13,887.93,64.68,29.75,4.9,0.0
20190408:1106,750.22,994.37,79.55,30.03,5.1,0.0
20190408:1206,692.0,911.54,85.48,30.27,5.66,0.0
20190408:1306,688.24,902.73,70.63,30.13,5.59,0.0
20190408:1406,578.46,753.25,55.75,30.18,5.24,0.0
20190408:1506,452.95,587.02,40.87,28.33,3.93,0.0
20190408:1606,260.57,350.59,26.01,27.67,3.86,0.0
20190408:1706,62.1,107.2,11.18,27.52,3.45,0.0
20190408:1806,0.0,0.0,0.0,27.29,2.14,0.0
20190408:1906,0.0,0.0,0.0,28.1,3.52,0.0
20190408:2006,0.0,0.0,0.0,27.91,3.45,0.0
20190408:2106,0.0,0.0,0.0,27.81,3.38,0.0
20190408:2206,0.0,0.0,0.0,27.73,3.17,0.0
20190408:2306,0.0,0.0,0.0,27.58,3.24,0.0
20190409:0006,0.0,0.0,0.0,27.44,3.1,0.0
20190409:0106,0.0,0.0,0.0,27.28,3.1,0.0
20190409:0206,0.0,0.0,0.0,27.16,3.03,0.0
20190409:0306,0.0,0.0,0.0,27.13,2.9,0.0
20190409:0406,0.0,0.0,0.0,27.14,2.9,0.0
20190409:0506,0.0,0.0,0.0,27.14,2.97,0.0
20190409:0606,14.94,36.17,5.37,27.23,2.76,0.0
20190409:0706,167.24,239.21,20.18,27.79,2.14,0.0
20190409:0806,336.92,442.86,35.02,28.87,3.24,0.0
20190409:0906,79.26,118.35,49.88,29.71,3.52,0.0
20190409:1006,611.04,809.79,64.75,30.15,3.72,0.0
20190409:1106,678.33,909.18,79.6,30.7,3.79,0.0
20190409:1206,625.26,837.3,85.34,31.14,3.86,0.0
20190409:1306,623.35,829.3,70.55,31.05,4.14,0.0
20190409:1406,546.55,719.02,55.68,30.71,4.14,0.0
20190409:1506,360.56,473.6,40.82,30.61,4.28,0.0
20190409:1606,214.47,292.42,25.97,30.04,3.93,0.0
20190409:1706,61.44,108.06,11.14,29.58,3.52,0.0
20190409:1806,0.0,0.0,0.0,28.99,3.17,0.0
20190409:1906,0.0,0.0,0.0,28.5,3.38,0.0
20190409:2006,0.0,0.0,0.0,28.28,3.31,0.0
20190409:2106,0.0,0.0,0.0,28.14,2.83,0.0
20190409:2206,0.0,0.0,0.0,27.98,3.17,0.0
20190409:2306,0.0,0.0,0.0,27.88,3.66,0.0
20190410:0006,0.0,0.0,0.0,27.75,3.66,0.0
20190410:0106,0.0,0.0,0.0,27.5,4.07,0.0
20190410:0206,0.0,0.0,0.0,27.34,4.48,0.0
20190410:0306,0.0,0.0,0.0,27.29,4.55,0.0
20190410:0406,0.0,0.0,0.0,27.28,4.14,0.0
20190410:0506,0.0,0.0,0.0,27.3,4.07,0.0
20190410:0606,15.02,35.81,5.48,27.37,3.86,0.0
20190410:0706,147.39,207.99,20.28,27.84,5.38,0.0
20190410:0806,297.85,389.26,35.11,28.76,5.52,0.0
20190410:0906,381.36,496.09,49.96,29.53,5.45,0.0
20190410:1006,547.68,715.99,64.81,29.97,5.17,0.0
20190410:1106,719.5,950.98,79.63,30.41,5.31,0.0
20190410:1206,672.07,886.64,85.17,30.47,5.45,0.0
20190410:1306,679.84,892.25,70.46,30.18,5.45,0.0
20190410:1406,586.11,764.05,55.61,30.42,5.24,0.0
20190410:1506,435.56,566.92,40.76,29.99,4.62,0.0
20190410:1606,250.16,338.54,25.92,28.06,3.45,0.0
20190410:1706,59.92,103.27,11.1,27.63,2.9,0.0
20190410:1806,0.0,0.0,0.0,27.41,3.1,0.0
20190410:1906,0.0,0.0,0.0,27.49,3.24,0.0
20190410:2006,0.0,0.0,0.0,27.49,2.55,0.0
20190410:2106,0.0,0.0,0.0,27.47,2.97,0.0
20190410:2206,0.0,0.0,0.0,27.37,3.1,0.0
20190410:2306,0.0,0.0,0.0,27.23,3.17,0.0
20190411:0006,0.0,0.0,0.0,26.99,3.17,0.0
20190411:0106,0.0,0.0,0.0,26.97,3.31,0.0
20190411:0206,0.0,0.0,0.0,27.01,3.45,0.0
20190411:0306,0.0,0.0,0.0,26.88,3.59,0.0
20190411:0406,0.0,0.0,0.0,26.97,3.79,0.0
20190411:0506,0.0,0.0,0.0,27.14,3.59,0.0
20190411:0606,0.36,6.9,5.58,27.31,3.38,0.0
20190411:0706,25.5,47.34,20.37,26.78,2.34,0.0
20190411:0806,105.26,149.91,35.19,27.21,2.07,0.0
20190411:0906,70.43,106.51,50.03,28.17,2.69,0.0
20190411:1006,109.53,155.83,64.87,28.55,3.17,0.0
20190411:1106,82.85,122.29,79.65,28.63,3.79,0.0
20190411:1206,320.61,421.75,84.99,28.99,4.28,0.0
20190411:1306,172.8,234.73,70.37,29.27,4.9,0.0
20190411:1406,253.86,334.93,55.54,28.85,5.45,0.0
20190411:1506,122.66,171.61,40.7,28.37,4.9,0.0
20190411:1606,180.3,245.29,25.87,27.93,3.59,0.0
20190411:1706,48.39,81.66,11.07,26.8,2.07,0.0
20190411:1806,0.0,0.0,0.0,25.65,0.69,0.0
20190411:1906,0.0,0.0,0.0,27.48,2.21,0.0
20190411:2006,0.0,0.0,0.0,27.36,2.21,0.0
20190411:2106,0.0,0.0,0.0,27.31,2.83,0.0
20190411:2206,0.0,0.0,0.0,27.24,2.76,0.0
20190411:2306,0.0,0.0,0.0,27.23,2.83,0.0
20190412:0006,0.0,0.0,0.0,27.17,3.03,0.0
20190412:0106,0.0,0.0,0.0,27.1,2.97,0.0
20190412:0206,0.0,0.0,0.0,27.02,2.83,0.0
20190412:0306,0.0,0.0,0.0,26.92,2.62,0.0
20190412:0406,0.0,0.0,0.0,26.84,2.55,0.0
20190412:0506,0.0,0.0,0.0,26.78,2.76,0.0
20190412:0606,14.69,33.94,5.69,26.84,2.83,0.0
20190412:0706,171.97,246.35,20.47,27.94,2.21,0.0
20190412:0806,371.6,488.33,35.27,28.97,3.17,0.0
20190412:0906,541.94,713.34,50.1,29.73,3.17,0.0
20190412:1006,624.31,830.67,64.92,30.28,3.45,0.0
20190412:1106,711.28,948.91,79.65,30.17,4.14,0.0
20190412:1206,734.97,978.57,84.78,30.08,4.55,0.0
20190412:1306,578.34,759.27,70.27,29.88,4.83,0.0
20190412:1406,566.81,736.85,55.46,29.74,5.1,0.0
20190412:1506,420.34,544.16,40.64,29.38,5.31,0.0
20190412:1606,216.58,293.74,25.82,29.19,5.03,0.0
20190412:1706,57.02,98.62,11.03,28.87,4.55,0.0
20190412:1806,0.0,0.0,0.0,28.43,4.28,0.0
20190412:1906,0.0,0.0,0.0,27.98,3.66,0.0
20190412:2006,0.0,0.0,0.0,27.83,3.79,0.0
20190412:2106,0.0,0.0,0.0,27.68,3.72,0.0
20190412:2206,0.0,0.0,0.0,27.61,3.52,0.0
20190412:2306,0.0,0.0,0.0,27.51,3.59,0.0
20190413:0006,0.0,0.0,0.0,27.31,3.72,0.0
20190413:0106,0.0,0.0,0.0,26.66,3.79,0.0
20190413:0206,0.0,0.0,0.0,26.64,3.31,0.0
20190413:0306,0.0,0.0,0.0,26.84,3.1,0.0
20190413:0406,0.0,0.0,0.0,26.58,2.76,0.0
20190413:0506,0.0,0.0,0.0,26.4,2.76,0.0
20190413:0606,7.51,20.71,5.79,26.17,2.76,0.0
20190413:0706,50.98,80.87,20.56,26.23,3.24,0.0
20190413:0806,141.32,194.1,35.35,27.16,3.59,0.0
20190413:0906,353.38,461.05,50.16,28.4,4.0,0.0
20190413:1006,425.45,557.2,64.96,29.53,4.48,0.0
20190413:1106,627.67,830.43,79.63,30.23,4.55,0.0
20190413:1206,625.72,828.53,84.56,30.58,4.76,0.0
20190413:1306,436.4,573.33,70.17,30.5,4.97,0.0
20190413:1406,464.88,606.53,55.39,30.23,5.1,0.0
20190413:1506,243.21,323.23,40.58,29.93,4.83,0.0
20190413:1606,67.05,102.57,25.77,29.41,4.41,0.0
20190413:1706,40.74,70.28,10.99,28.98,4.14,0.0
20190413:1806,0.0,0.0,0.0,28.45,3.72,0.0
20190413:1906,0.0,0.0,0.0,26.96,2.9,0.0
20190413:2006,0.0,0.0,0.0,26.95,3.38,0.0
20190413:2106,0.0,0.0,0.0,27.03,3.52,0.0
20190413:2206,0.0,0.0,0.0,27.05,3.17,0.0
20190413:2306,0.0,0.0,0.0,26.98,2.83,0.0
20190414:0006,0.0,0.0,0.0,26.9,2.28,0.0
20190414:0106,0.0,0.0,0.0,26.9,1.93,0.0
20190414:0206,0.0,0.0,0.0,26.87,2.07,0.0
20190414:0306,0.0,0.0,0.0,26.91,2.28,0.0
20190414:0406,0.0,0.0,0.0,26.97,2.21,0.0
20190414:0506,0.0,0.0,0.0,26.94,2.0,0.0
20190414:0606,13.92,31.58,5.89,26.9,2.0,0.0
20190414:0706,60.43,93.57,20.64,27.4,2.34,0.0
20190414:0806,129.36,180.35,35.43,27.74,2.14,0.0
20190414:0906,69.84,105.53,50.22,27.42,2.0,0.0
20190414:1006,49.66,79.89,65.0,28.07,1.93,0.0
20190414:1106,55.66,87.78,79.61,28.41,2.07,0.0
20190414:1206,201.5,271.22,84.33,28.78,3.17,0.0
20190414:1306,239.48,317.51,70.06,27.65,3.24,0.0
20190414:1406,264.65,349.42,55.31,27.54,2.83,0.0
20190414:1506,179.15,242.21,40.51,27.61,2.41,0.0
20190414:1606,210.19,287.1,25.72,27.99,1.86,0.0
20190414:1706,31.77,56.7,10.96,27.77,1.52,0.0
20190414:1806,0.0,0.0,0.0,27.62,1.93,0.0
20190414:1906,0.0,0.0,0.0,27.29,0.9,0.0
20190414:2006,0.0,0.0,0.0,27.27,1.52,0.0
20190414:2106,0.0,0.0,0.0,27.01,1.59,0.0
20190414:2206,0.0,0.0,0.0,26.82,1.66,0.0
20190414:2306,0.0,0.0,0.0,26.75,1.86,0.0
20190415:0006,0.0,0.0,0.0,26.62,2.07,0.0
20190415:0106,0.0,0.0,0.0,26.54,2.28,0.0
20190415:0206,0.0,0.0,0.0,26.47,2.14,0.0
20190415:0306,0.0,0.0,0.0,26.44,2.0,0.0
20190415:0406,0.0,0.0,0.0,26.26,1.66,0.0
20190415:0506,0.0,0.0,0.0,25.92,1.24,0.0
20190415:0606,13.31,30.58,5.99,26.11,0.83,0.0
20190415:0706,152.82,217.32,20.73,27.22,0.97,0.0
20190415:0806,351.81,466.37,35.5,28.43,1.66,0.0
20190415:0906,519.25,685.93,50.28,29.35,2.48,0.0
20190415:1006,590.38,788.29,65.03,29.84,2.76,0.0
20190415:1106,668.38,901.26,79.57,30.36,3.03,0.0
20190415:1206,709.4,957.33,84.09,30.42,3.31,0.0
20190415:1306,688.87,924.12,69.95,30.52,3.45,0.0
20190415:1406,592.72,782.96,55.23,30.47,3.66,0.0
20190415:1506,436.46,571.8,40.45,30.08,3.72,0.0
20190415:1606,237.28,325.33,25.68,29.76,3.59,0.0
20190415:1706,53.08,92.2,10.93,29.23,3.1,0.0
20190415:1806,0.0,0.0,0.0,28.49,2.21,0.0
20190415:1906,0.0,0.0,0.0,27.86,1.93,0.0
20190415:2006,0.0,0.0,0.0,27.51,2.07,0.0
20190415:2106,0.0,0.0,0.0,27.31,2.21,0.0
20190415:2206,0.0,0.0,0.0,27.16,2.34,0.0
20190415:2306,0.0,0.0,0.0,27.06,2.48,0.0
20190416:0006,0.0,0.0,0.0,26.97,2.69,0.0
20190416:0106,0.0,0.0,0.0,26.89,2.83,0.0
20190416:0206,0.0,0.0,0.0,26.82,2.76,0.0
20190416:0306,0.0,0.0,0.0,26.77,2.69,0.0
20190416:0406,0.0,0.0,0.0,26.75,2.62,0.0
20190416:0506,0.0,0.0,0.0,26.75,2.62,0.0
20190416:0606,19.9,44.01,6.09,26.78,2.48,0.0
20190416:0706,175.7,251.78,20.81,27.55,1.79,0.0
20190416:0806,378.66,499.56,35.57,28.75,2.48,0.0
20190416:0906,542.24,716.91,50.33,29.49,2.62,0.0
20190416:1006,625.43,837.85,65.06,30.12,2.76,0.0
20190416:1106,699.55,946.66,79.52,30.55,3.03,0.0
20190416:1206,710.16,959.52,83.84,30.29,3.17,0.0
20190416:1306,682.71,916.14,69.84,30.4,3.31,0.0
20190416:1406,591.0,779.58,55.15,29.85,3.45,0.0
20190416:1506,423.14,554.55,40.39,29.79,3.45,0.0
20190416:1606,231.34,317.15,25.63,29.55,3.45,0.0
20190416:1706,50.77,88.11,10.89,29.21,2.97,0.0
20190416:1806,0.0,0.0,0.0,28.61,2.69,0.0
20190416:1906,0.0,0.0,0.0,28.19,2.34,0.0
20190416:2006,0.0,0.0,0.0,27.93,2.28,0.0
20190416:2106,0.0,0.0,0.0,27.74,2.48,0.0
20190416:2206,0.0,0.0,0.0,27.57,2.55,0.0
20190416:2306,0.0,0.0,0.0,27.47,2.28,0.0
20190417:0006,0.0,0.0,0.0,27.21,2.34,0.0
20190417:0106,0.0,0.0,0.0,26.98,2.34,0.0
20190417:0206,0.0,0.0,0.0,26.83,2.34,0.0
20190417:0306,0.0,0.0,0.0,26.76,2.28,0.0
20190417:0406,0.0,0.0,0.0,26.68,2.14,0.0
20190417:0506,0.0,0.0,0.0,26.56,1.93,0.0
20190417:0606,18.99,41.13,6.19,26.48,1.86,0.0
20190417:0706,161.28,229.81,20.89,27.8,1.86,0.0
20190417:0806,285.2,378.99,35.63,29.05,2.28,0.0
20190417:0906,466.1,617.24,50.38,29.99,2.48,0.0
20190417:1006,418.59,556.97,65.08,30.77,2.97,0.0
20190417:1106,588.82,789.1,79.45,31.14,3.45,0.0
20190417:1206,414.04,550.48,83.58,31.18,3.72,0.0
20190417:1306,584.5,776.38,69.72,30.85,3.93,0.0
20190417:1406,544.86,715.88,55.07,30.65,4.14,0.0
20190417:1506,411.86,539.42,40.33,30.46,4.14,0.0
20190417:1606,201.37,276.83,25.58,30.29,3.79,0.0
20190417:1706,48.75,84.8,10.86,29.72,3.17,0.0
20190417:1806,0.0,0.0,0.0,29.12,3.38,0.0
20190417:1906,0.0,0.0,0.0,28.63,2.69,0.0
20190417:2006,0.0,0.0,0.0,28.28,2.69,0.0
20190417:2106,0.0,0.0,0.0,28.09,2.55,0.0
20190417:2206,0.0,0.0,0.0,27.95,2.83,0.0
20190417:2306,0.0,0.0,0.0,27.85,3.03,0.0
20190418:0006,0.0,0.0,0.0,27.76,3.24,0.0
20190418:0106,0.0,0.0,0.0,27.6,3.31,0.0
20190418:0206,0.0,0.0,0.0,27.47,3.45,0.0
20190418:0306,0.0,0.0,0.0,27.44,3.52,0.0
20190418:0406,0.0,0.0,0.0,27.4,3.45,0.0
20190418:0506,0.0,0.0,0.0,27.38,3.17,0.0
20190418:0606,15.18,33.47,6.28,27.46,2.76,0.0
20190418:0706,163.43,232.48,20.97,28.38,3.45,0.0
20190418:0806,221.06,295.32,35.7,29.44,4.41,0.0
20190418:0906,406.23,532.5,50.42,30.1,4.14,0.0
20190418:1006,469.14,620.4,65.09,30.93,4.0,0.0
20190418:1106,583.99,778.18,79.37,31.44,4.21,0.0
20190418:1206,636.06,847.2,83.31,31.6,4.69,0.0
20190418:1306,594.69,783.43,69.6,29.77,4.28,0.0
20190418:1406,541.81,710.28,54.98,29.45,3.66,0.0
20190418:1506,420.19,548.34,40.27,29.43,3.86,0.0
20190418:1606,225.71,305.7,25.54,27.34,4.28,0.0
20190418:1706,27.98,50.99,10.83,26.85,4.41,0.0
20190418:1806,0.0,0.0,0.0,26.72,3.86,0.0
20190418:1906,0.0,0.0,0.0,28.04,3.59,0.0
20190418:2006,0.0,0.0,0.0,27.87,4.07,0.0
20190418:2106,0.0,0.0,0.0,27.73,4.0,0.0
20190418:2206,0.0,0.0,0.0,27.63,3.93,0.0
20190418:2306,0.0,0.0,0.0,27.56,4.0,0.0
20190419:0006,0.0,0.0,0.0,27.45,3.86,0.0
20190419:0106,0.0,0.0,0.0,27.47,3.79,0.0
20190419:0206,0.0,0.0,0.0,27.44,3.66,0.0
20190419:0306,0.0,0.0,0.0,27.46,3.31,0.0
20190419:0406,0.0,0.0,0.0,27.47,3.03,0.0
20190419:0506,0.0,0.0,0.0,27.54,2.83,0.0
20190419:0606,13.2,30.51,6.37,27.53,2.55,0.0
20190419:0706,169.94,242.62,21.04,28.24,2.83,0.0
20190419:0806,259.26,343.74,35.75,29.28,3.86,0.0
20190419:0906,429.5,562.61,50.46,29.62,3.72,0.0
20190419:1006,580.58,767.05,65.1,29.96,3.79,0.0
20190419:1106,703.07,937.76,79.28,30.22,4.07,0.0
20190419:1206,693.54,925.59,83.04,30.59,4.21,0.0
20190419:1306,665.35,882.58,69.48,30.61,4.28,0.0
20190419:1406,567.49,743.83,54.9,30.67,4.48,0.0
20190419:1506,420.16,548.93,40.2,30.4,4.55,0.0
20190419:1606,211.96,290.78,25.49,30.0,4.48,0.0
20190419:1706,56.26,102.68,10.8,29.51,4.14,0.0
20190419:1806,0.0,0.0,0.0,28.81,3.52,0.0
20190419:1906,0.0,0.0,0.0,28.2,2.9,0.0
20190419:2006,0.0,0.0,0.0,27.93,2.76,0.0
20190419:2106,0.0,0.0,0.0,27.67,2.69,0.0
20190419:2206,0.0,0.0,0.0,27.51,2.97,0.0
20190419:2306,0.0,0.0,0.0,27.41,3.45,0.0
20190420:0006,0.0,0.0,0.0,27.34,3.66,0.0
20190420:0106,0.0,0.0,0.0,27.39,3.72,0.0
20190420:0206,0.0,0.0,0.0,27.32,3.52,0.0
20190420:0306,0.0,0.0,0.0,27.25,3.31,0.0
20190420:0406,0.0,0.0,0.0,27.27,3.1,0.0
20190420:0506,0.0,0.0,0.0,27.26,2.9,0.0
20190420:0606,20.37,44.14,6.46,27.25,2.69,0.0
20190420:0706,165.02,234.68,21.12,27.79,2.62,0.0
20190420:0806,303.63,400.27,35.81,28.92,3.38,0.0
20190420:0906,398.11,523.48,50.5,29.73,3.38,0.0
20190420:1006,461.22,608.48,65.1,30.16,3.79,0.0
20190420:1106,652.13,870.04,79.18,30.43,3.86,0.0
20190420:1206,644.6,861.29,82.77,30.67,3.86,0.0
20190420:1306,596.5,787.78,69.36,29.54,3.86,0.0
20190420:1406,480.95,631.13,54.82,28.68,3.03,0.0
20190420:1506,198.43,266.18,40.14,28.61,4.07,0.0
20190420:1606,123.32,173.01,25.45,28.49,4.97,0.0
20190420:1706,43.1,74.3,10.77,28.13,4.76,0.0
20190420:1806,0.0,0.0,0.0,27.83,3.79,0.0
20190420:1906,0.0,0.0,0.0,27.93,3.24,0.0
20190420:2006,0.0,0.0,0.0,27.8,3.24,0.0
20190420:2106,0.0,0.0,0.0,27.71,3.03,0.0
20190420:2206,0.0,0.0,0.0,27.7,2.83,0.0
20190420:2306,0.0,0.0,0.0,27.59,2.97,0.0
20190421:0006,0.0,0.0,0.0,27.46,3.17,0.0
20190421:0106,0.0,0.0,0.0,27.38,3.24,0.0
20190421:0206,0.0,0.0,0.0,27.27,3.1,0.0
20190421:0306,0.0,0.0,0.0,27.21,2.97,0.0
20190421:0406,0.0,0.0,0.0,27.18,2.76,0.0
20190421:0506,0.0,0.0,0.0,27.17,2.83,0.0
20190421:0606,10.6,26.1,6.54,27.14,2.76,0.0
20190421:0706,134.29,190.51,21.19,28.2,2.83,0.0
20190421:0806,196.44,265.05,35.86,29.26,3.38,0.0
20190421:0906,333.17,441.32,50.53,30.22,3.1,0.0
20190421:1006,510.64,682.09,65.09,30.7,2.76,0.0
20190421:1106,593.12,800.16,79.07,31.26,2.9,0.0
20190421:1206,643.76,867.17,82.49,31.13,3.31,0.0
20190421:1306,602.2,801.58,69.23,31.21,3.93,0.0
20190421:1406,458.15,601.8,54.73,30.66,4.28,0.0
20190421:1506,322.77,425.4,40.08,30.34,4.14,0.0
20190421:1606,79.08,118.22,25.4,29.94,4.0,0.0
20190421:1706,26.84,49.98,10.75,29.52,3.59,0.0
20190421:1806,0.0,0.0,0.0,28.91,3.52,0.0
20190421:1906,0.0,0.0,0.0,28.22,3.79,0.0
20190421:2006,0.0,0.0,0.0,27.95,3.72,0.0
20190421:2106,0.0,0.0,0.0,27.81,3.45,0.0
20190421:2206,0.0,0.0,0.0,27.71,3.59,0.0
20190421:2306,0.0,0.0,0.0,27.54,3.86,0.0
20190422:0006,0.0,0.0,0.0,27.49,3.93,0.0
20190422:0106,0.0,0.0,0.0,27.44,3.86,0.0
20190422:0206,0.0,0.0,0.0,27.37,3.79,0.0
20190422:0306,0.0,0.0,0.0,27.36,3.52,0.0
20190422:0406,0.0,0.0,0.0,27.21,3.38,0.0
20190422:0506,0.0,0.0,0.0,27.13,3.24,0.0
20190422:0606,21.69,45.88,6.62,27.13,3.1,0.0
20190422:0706,169.63,241.83,21.25,28.0,2.9,0.0
20190422:0806,314.59,413.51,35.91,28.96,3.86,0.0
20190422:0906,473.84,619.05,50.55,29.58,3.93,0.0
20190422:1006,587.38,775.32,65.08,30.15,4.0,0.0
20190422:1106,670.36,893.01,78.95,30.43,4.07,0.0
20190422:1206,645.57,860.71,82.21,30.95,4.21,0.0
20190422:1306,638.57,847.51,69.1,29.02,3.24,0.0
20190422:1406,556.63,731.71,54.65,28.77,2.97,0.0
20190422:1506,408.13,530.82,40.02,28.81,4.07,0.0
20190422:1606,212.5,290.75,25.36,28.51,3.79,0.0
20190422:1706,52.63,95.63,10.72,28.26,4.07,0.0
20190422:1806,0.0,0.0,0.0,27.89,3.59,0.0
20190422:1906,0.0,0.0,0.0,27.47,3.66,0.0
20190422:2006,0.0,0.0,0.0,27.31,3.52,0.0
20190422:2106,0.0,0.0,0.0,27.23,3.1,0.0
20190422:2206,0.0,0.0,0.0,27.23,2.69,0.0
20190422:2306,0.0,0.0,0.0,27.24,2.55,0.0
20190423:0006,0.0,0.0,0.0,27.18,2.62,0.0
20190423:0106,0.0,0.0,0.0,27.16,2.62,0.0
20190423:0206,0.0,0.0,0.0,27.09,2.55,0.0
20190423:0306,0.0,0.0,0.0,26.98,2.34,0.0
20190423:0406,0.0,0.0,0.0,26.82,2.28,0.0
20190423:0506,0.0,0.0,0.0,26.59,2.14,0.0
20190423:0606,20.23,42.27,6.7,26.16,1.79,0.0
20190423:0706,104.3,149.45,21.31,26.1,1.31,0.0
20190423:0806,344.94,453.39,35.95,26.91,1.86,0.0
20190423:0906,508.21,670.18,50.57,27.46,1.72,0.0
20190423:1006,520.72,696.5,65.07,28.3,1.59,0.0
20190423:1106,652.58,879.95,78.82,28.88,2.28,0.0
20190423:1206,573.45,767.49,81.93,29.37,2.62,0.0
20190423:1306,490.66,649.77,68.97,29.13,2.83,0.0
20190423:1406,41.18,69.04,54.56,29.15,2.69,0.0
20190423:1506,28.08,51.28,39.96,28.88,3.31,0.0
20190423:1606,21.78,42.41,25.32,28.36,3.24,0.0
20190423:1706,15.03,32.55,10.7,27.62,2.76,0.0
20190423:1806,0.0,0.0,0.0,27.56,2.62,0.0
20190423:1906,0.0,0.0,0.0,26.31,0.76,0.0
20190423:2006,0.0,0.0,0.0,26.37,0.9,0.0
20190423:2106,0.0,0.0,0.0,26.4,1.31,0.0
20190423:2206,0.0,0.0,0.0,26.35,1.79,0.0
20190423:2306,0.0,0.0,0.0,26.18,1.59,0.0
20190424:0006,0.0,0.0,0.0,26.07,1.17,0.0
20190424:0106,0.0,0.0,0.0,25.9,0.76,0.0
20190424:0206,0.0,0.0,0.0,25.87,0.83,0.0
20190424:0306,0.0,0.0,0.0,25.99,0.9,0.0
20190424:0406,0.0,0.0,0.0,25.96,0.41,0.0
20190424:0506,0.0,0.0,0.0,25.85,0.62,0.0
20190424:0606,23.91,50.11,6.78,26.06,0.97,0.0
20190424:0706,153.15,218.13,21.37,27.46,0.9,0.0
20190424:0806,349.09,465.15,35.99,28.31,1.1,0.0
20190424:0906,491.97,654.76,50.59,29.21,1.66,0.0
20190424:1006,628.27,848.1,65.04,29.83,2.07,0.0
20190424:1106,676.09,916.83,78.69,30.37,2.55,0.0
20190424:1206,693.81,937.51,81.65,30.34,2.97,0.0
20190424:1306,642.5,856.34,68.84,30.11,3.31,0.0
20190424:1406,565.94,746.26,54.48,29.84,3.24,0.0
20190424:1506,389.15,508.48,39.9,27.95,2.76,0.0
20190424:1606,225.46,309.37,25.28,26.58,1.93,0.0
20190424:1706,50.36,88.66,10.67,26.49,0.9,0.0
20190424:1806,0.0,0.0,0.0,26.56,2.07,0.0
20190424:1906,0.0,0.0,0.0,27.39,2.07,0.0
20190424:2006,0.0,0.0,0.0,27.39,1.86,0.0
20190424:2106,0.0,0.0,0.0,27.32,1.79,0.0
20190424:2206,0.0,0.0,0.0,27.39,2.28,0.0
20190424:2306,0.0,0.0,0.0,27.32,2.69,0.0
20190425:0006,0.0,0.0,0.0,27.4,2.48,0.0
20190425:0106,0.0,0.0,0.0,27.4,2.21,0.0
20190425:0206,0.0,0.0,0.0,27.16,1.93,0.0
20190425:0306,0.0,0.0,0.0,26.94,1.72,0.0
20190425:0406,0.0,0.0,0.0,26.68,1.79,0.0
20190425:0506,0.0,0.0,0.0,26.42,1.66,0.0
20190425:0606,20.18,42.17,6.86,26.26,1.31,0.0
20190425:0706,178.11,254.98,21.43,27.23,2.28,0.0
20190425:0806,280.51,370.58,36.03,28.02,2.62,0.0
20190425:0906,423.66,555.24,50.6,28.88,3.1,0.0
20190425:1006,363.54,479.5,65.02,29.66,3.59,0.0
20190425:1106,652.44,868.04,78.54,30.09,3.86,0.0
20190425:1206,608.11,807.84,81.38,30.44,4.07,0.0
20190425:1306,616.95,818.22,68.7,30.45,3.86,0.0
20190425:1406,506.77,666.54,54.39,30.42,3.72,0.0
20190425:1506,314.96,415.26,39.84,29.06,2.97,0.0
20190425:1606,118.73,167.95,25.24,28.71,3.17,0.0
20190425:1706,34.18,60.64,10.65,28.52,3.45,0.0
20190425:1806,0.0,0.0,0.0,28.14,3.03,0.0
20190425:1906,0.0,0.0,0.0,27.81,3.45,0.0
20190425:2006,0.0,0.0,0.0,27.75,3.45,0.0
20190425:2106,0.0,0.0,0.0,27.79,3.1,0.0
20190425:2206,0.0,0.0,0.0,27.7,2.62,0.0
20190425:2306,0.0,0.0,0.0,27.51,2.41,0.0
20190426:0006,0.0,0.0,0.0,27.38,2.62,0.0
20190426:0106,0.0,0.0,0.0,27.23,2.62,0.0
20190426:0206,0.0,0.0,0.0,26.97,2.48,0.0
20190426:0306,0.0,0.0,0.0,26.62,2.41,0.0
20190426:0406,0.0,0.0,0.0,26.5,2.69,0.0
20190426:0506,0.0,0.0,0.0,26.57,2.76,0.0
20190426:0606,22.96,47.09,6.93,26.74,2.83,0.0
20190426:0706,147.17,207.88,21.48,27.96,3.66,0.0
20190426:0806,340.14,445.49,36.07,28.69,4.0,0.0
20190426:0906,377.97,494.59,50.61,29.09,3.79,0.0
20190426:1006,612.06,809.05,64.98,29.57,3.52,0.0
20190426:1106,597.69,796.16,78.39,30.2,3.52,0.0
20190426:1206,515.8,685.65,81.1,30.42,3.52,0.0
20190426:1306,470.7,623.64,68.57,28.88,2.55,0.0
20190426:1406,400.38,526.09,54.3,28.75,2.9,0.0
20190426:1506,416.34,543.88,39.78,28.51,3.17,0.0
20190426:1606,224.98,309.65,25.2,28.27,3.79,0.0
20190426:1706,48.2,85.31,10.63,28.13,3.79,0.0
20190426:1806,0.0,0.0,0.0,27.77,2.97,0.0
20190426:1906,0.0,0.0,0.0,27.37,3.1,0.0
20190426:2006,0.0,0.0,0.0,27.14,2.62,0.0
20190426:2106,0.0,0.0,0.0,26.93,2.76,0.0
20190426:2206,0.0,0.0,0.0,26.9,2.76,0.0
20190426:2306,0.0,0.0,0.0,26.83,2.76,0.0
20190427:0006,0.0,0.0,0.0,26.76,2.97,0.0
20190427:0106,0.0,0.0,0.0,26.69,3.03,0.0
20190427:0206,0.0,0.0,0.0,26.73,2.9,0.0
20190427:0306,0.0,0.0,0.0,26.82,2.62,0.0
20190427:0406,0.0,0.0,0.0,26.85,2.48,0.0
20190427:0506,0.0,0.0,0.0,26.86,2.34,0.0
20190427:0606,23.75,50.14,7.0,26.89,2.21,0.0
20190427:0706,176.23,252.4,21.53,28.02,3.24,0.0
20190427:0806,345.78,452.29,36.1,28.71,4.28,0.0
20190427:0906,169.95,231.69,50.62,29.55,4.34,0.0
20190427:1006,479.97,629.9,64.94,29.94,4.41,0.0
20190427:1106,641.31,848.95,78.23,30.28,4.48,0.0
20190427:1206,708.25,940.77,80.82,30.35,4.55,0.0
20190427:1306,647.78,854.48,68.43,30.18,4.41,0.0
20190427:1406,562.42,736.29,54.22,30.44,4.41,0.0
20190427:1506,406.31,532.09,39.72,30.38,4.34,0.0
20190427:1606,210.66,291.78,25.17,30.05,4.0,0.0
20190427:1706,48.3,86.76,10.62,29.56,3.79,0.0
20190427:1806,0.0,0.0,0.0,28.94,3.38,0.0
20190427:1906,0.0,0.0,0.0,28.5,3.31,0.0
20190427:2006,0.0,0.0,0.0,28.27,3.1,0.0
20190427:2106,0.0,0.0,0.0,28.07,2.83,0.0
20190427:2206,0.0,0.0,0.0,27.93,2.76,0.0
20190427:2306,0.0,0.0,0.0,27.79,2.9,0.0
20190428:0006,0.0,0.0,0.0,27.61,3.03,0.0
20190428:0106,0.0,0.0,0.0,27.4,3.17,0.0
20190428:0206,0.0,0.0,0.0,27.17,3.24,0.0
20190428:0306,0.0,0.0,0.0,26.97,3.45,0.0
20190428:0406,0.0,0.0,0.0,26.85,3.59,0.0
20190428:0506,0.0,0.0,0.0,26.83,3.59,0.0
20190428:0606,24.39,50.61,7.06,26.87,3.45,0.0
20190428:0706,177.36,253.29,21.58,27.65,3.72,0.0
20190428:0806,363.39,475.37,36.12,28.26,3.66,0.0
20190428:0906,246.82,328.03,50.62,29.25,3.93,0.0
20190428:1006,502.79,662.36,64.9,30.13,4.0,0.0
20190428:1106,691.52,922.4,78.07,30.45,4.0,0.0
20190428:1206,667.1,889.92,80.54,30.78,4.07,0.0
20190428:1306,628.61,833.54,68.3,30.87,4.14,0.0
20190428:1406,541.16,711.04,54.13,30.99,4.21,0.0
20190428:1506,400.01,524.34,39.67,30.8,4.62,0.0
20190428:1606,215.91,299.25,25.13,30.07,4.69,0.0
20190428:1706,47.24,84.19,10.6,29.51,4.34,0.0
20190428:1806,0.0,0.0,0.0,28.94,3.86,0.0
20190428:1906,0.0,0.0,0.0,28.52,3.59,0.0
20190428:2006,0.0,0.0,0.0,28.24,3.31,0.0
20190428:2106,0.0,0.0,0.0,28.1,3.03,0.0
20190428:2206,0.0,0.0,0.0,28.03,2.97,0.0
20190428:2306,0.0,0.0,0.0,27.98,3.1,0.0
20190429:0006,0.0,0.0,0.0,27.86,3.31,0.0
20190429:0106,0.0,0.0,0.0,27.76,3.31,0.0
20190429:0206,0.0,0.0,0.0,27.68,3.24,0.0
20190429:0306,0.0,0.0,0.0,27.59,3.17,0.0
20190429:0406,0.0,0.0,0.0,27.5,3.24,0.0
20190429:0506,0.0,0.0,0.0,27.5,3.24,0.0
20190429:0606,24.26,50.51,7.13,27.48,3.1,0.0
20190429:0706,141.89,200.52,21.63,28.39,4.14,0.0
20190429:0806,228.7,303.85,36.15,28.94,4.97,0.0
20190429:0906,499.2,648.93,50.62,29.6,4.55,0.0
20190429:1006,508.66,666.85,64.85,29.95,4.55,0.0
20190429:1106,470.86,619.76,77.9,30.03,4.41,0.0
20190429:1206,578.28,764.72,80.27,30.5,4.48,0.0
20190429:1306,618.49,819.35,68.16,29.38,3.38,0.0
20190429:1406,535.45,697.88,54.05,29.73,4.41,0.0
20190429:1506,365.85,475.79,39.61,28.69,4.62,0.0
20190429:1606,221.56,305.4,25.1,28.69,4.97,0.0
20190429:1706,49.68,91.33,10.59,28.62,4.97,0.0
20190429:1806,0.0,0.0,0.0,28.33,4.07,0.0
20190429:1906,0.0,0.0,0.0,27.3,3.66,0.0
20190429:2006,0.0,0.0,0.0,27.4,3.38,0.0
20190429:2106,0.0,0.0,0.0,27.47,3.17,0.0
20190429:2206,0.0,0.0,0.0,27.63,3.1,0.0
20190429:2306,0.0,0.0,0.0,27.57,2.76,0.0
20190430:0006,0.0,0.0,0.0,27.21,2.55,0.0
20190430:0106,0.0,0.0,0.0,27.11,2.48,0.0
20190430:0206,0.0,0.0,0.0,26.86,2.14,0.0
20190430:0306,0.0,0.0,0.0,26.54,2.28,0.0
20190430:0406,0.0,0.0,0.0,26.45,2.69,0.0
20190430:0506,0.0,0.0,0.0,26.22,2.83,0.0
20190430:0606,15.22,33.29,7.19,26.37,3.1,0.0
20190430:0706,76.62,114.01,21.67,27.31,3.38,0.0
20190430:0806,256.29,338.21,36.17,27.97,3.72,0.0
20190430:0906,462.36,600.16,50.61,28.48,4.07,0.0
20190430:1006,628.69,821.03,64.8,29.14,4.62,0.0
20190430:1106,681.85,895.75,77.72,29.69,5.03,0.0
20190430:1206,583.26,764.65,80.0,29.79,5.17,0.0
20190430:1306,611.67,800.98,68.03,29.64,4.76,0.0
20190430:1406,462.26,603.28,53.97,29.55,4.28,0.0
20190430:1506,199.31,267.5,39.56,27.97,2.83,0.0
20190430:1606,163.41,225.18,25.06,27.94,3.24,0.0
20190430:1706,45.54,79.98,10.57,27.68,3.72,0.0
20190430:1806,0.0,0.0,0.0,27.64,3.1,0.0
20190430:1906,0.0,0.0,0.0,28.07,3.45,0.0
20190430:2006,0.0,0.0,0.0,27.92,3.38,0.0
20190430:2106,0.0,0.0,0.0,27.82,3.03,0.0
20190430:2206,0.0,0.0,0.0,27.71,2.76,0.0
20190430:2306,0.0,0.0,0.0,27.64,2.83,0.0
20190501:0006,0.0,0.0,0.0,27.33,2.69,0.0
20190501:0106,0.0,0.0,0.0,27.17,2.55,0.0
20190501:0206,0.0,0.0,0.0,26.77,2.55,0.0
20190501:0306,0.0,0.0,0.0,26.19,2.34,0.0
20190501:0406,0.0,0.0,0.0,26.09,2.21,0.0
20190501:0506,0.0,0.0,0.0,26.24,1.79,0.0
20190501:0606,24.43,53.24,7.25,26.32,1.66,0.0
20190501:0706,178.66,258.13,21.71,26.73,1.52,0.0
20190501:0806,353.72,466.1,36.19,27.5,2.0,0.0
20190501:0906,499.11,655.61,50.6,28.72,2.55,0.0
20190501:1006,576.97,763.92,64.74,29.64,3.17,0.0
20190501:1106,669.95,893.74,77.54,30.22,3.59,0.0
20190501:1206,699.75,934.54,79.73,30.2,3.72,0.0
20190501:1306,620.54,820.08,67.89,30.44,4.07,0.0
20190501:1406,518.37,675.79,53.88,29.52,4.14,0.0
20190501:1506,389.6,509.52,39.51,29.45,3.86,0.0
20190501:1606,212.92,296.09,25.03,29.0,3.52,0.0
20190501:1706,47.44,91.45,10.56,27.16,2.76,0.0
20190501:1806,0.0,0.0,0.0,26.7,2.41,0.0
20190501:1906,0.0,0.0,0.0,27.86,3.72,0.0
20190501:2006,0.0,0.0,0.0,27.45,3.59,0.0
20190501:2106,0.0,0.0,0.0,27.18,3.24,0.0
20190501:2206,0.0,0.0,0.0,27.01,2.76,0.0
20190501:2306,0.0,0.0,0.0,26.83,2.69,0.0
20190502:0006,0.0,0.0,0.0,26.75,2.69,0.0
20190502:0106,0.0,0.0,0.0,26.71,2.69,0.0
20190502:0206,0.0,0.0,0.0,26.6,2.55,0.0
20190502:0306,0.0,0.0,0.0,26.54,2.48,0.0
20190502:0406,0.0,0.0,0.0,26.51,2.41,0.0
20190502:0506,0.0,0.0,0.0,26.44,2.14,0.0
20190502:0606,5.18,16.77,7.3,26.27,2.07,0.0
20190502:0706,63.87,97.64,21.74,26.91,2.62,0.0
20190502:0806,290.37,381.13,36.2,27.68,3.52,0.0
20190502:0906,442.98,575.18,50.58,28.1,3.79,0.0
20190502:1006,629.18,823.48,64.68,28.47,3.86,0.0
20190502:1106,607.87,799.81,77.36,29.02,4.14,0.0
20190502:1206,641.05,847.54,79.46,29.54,4.07,0.0
20190502:1306,541.44,710.14,67.76,29.71,4.41,0.0
20190502:1406,469.23,609.93,53.8,29.33,4.69,0.0
20190502:1506,412.96,535.91,39.46,28.6,4.41,0.0
20190502:1606,214.59,299.14,25.0,28.72,3.03,0.0
20190502:1706,46.83,88.53,10.55,27.65,2.62,0.0
20190502:1806,0.0,0.0,0.0,27.73,2.48,0.0
20190502:1906,0.0,0.0,0.0,27.98,2.48,0.0
20190502:2006,0.0,0.0,0.0,27.82,2.55,0.0
20190502:2106,0.0,0.0,0.0,27.65,2.55,0.0
20190502:2206,0.0,0.0,0.0,27.54,2.48,0.0
20190502:2306,0.0,0.0,0.0,27.25,2.41,0.0
20190503:0006,0.0,0.0,0.0,27.0,2.62,0.0
20190503:0106,0.0,0.0,0.0,26.77,2.41,0.0
20190503:0206,0.0,0.0,0.0,26.3,1.93,0.0
20190503:0306,0.0,0.0,0.0,26.12,1.72,0.0
20190503:0406,0.0,0.0,0.0,26.25,1.59,0.0
20190503:0506,0.0,0.0,0.0,26.43,1.59,0.0
20190503:0606,24.27,52.59,7.35,26.43,1.38,0.0
20190503:0706,158.28,224.88,21.77,27.23,2.28,0.0
20190503:0806,292.32,386.23,36.21,27.7,2.21,0.0
20190503:0906,445.89,584.99,50.57,27.64,2.14,0.0
20190503:1006,265.9,351.42,64.61,27.68,2.9,0.0
20190503:1106,256.53,338.08,77.17,26.95,3.17,0.0
20190503:1206,551.64,723.3,79.2,27.01,3.17,0.0
20190503:1306,496.32,650.13,67.62,27.12,2.83,0.0
20190503:1406,354.5,463.93,53.72,27.46,2.76,0.0
20190503:1506,388.45,507.17,39.41,27.85,2.9,0.0
20190503:1606,217.08,302.69,24.98,27.92,2.62,0.0
20190503:1706,46.3,88.76,10.55,27.87,2.21,0.0
20190503:1806,0.0,0.0,0.0,27.62,2.34,0.0
20190503:1906,0.0,0.0,0.0,27.67,2.9,0.0
20190503:2006,0.0,0.0,0.0,27.5,2.97,0.0
20190503:2106,0.0,0.0,0.0,27.53,2.76,0.0
20190503:2206,0.0,0.0,0.0,27.55,2.28,0.0
20190503:2306,0.0,0.0,0.0,27.53,2.28,0.0
20190504:0006,0.0,0.0,0.0,27.4,2.48,0.0
20190504:0106,0.0,0.0,0.0,27.28,2.41,0.0
20190504:0206,0.0,0.0,0.0,27.03,2.34,0.0
20190504:0306,0.0,0.0,0.0,26.75,2.28,0.0
20190504:0406,0.0,0.0,0.0,26.39,2.14,0.0
20190504:0506,0.0,0.0,0.0,26.53,2.41,0.0
20190504:0606,21.31,42.7,7.4,26.72,2.21,0.0
20190504:0706,147.71,208.57,21.8,26.85,2.48,0.0
20190504:0806,261.04,344.67,36.22,27.45,2.83,0.0
20190504:0906,170.63,231.68,50.54,28.16,3.24,0.0
20190504:1006,428.83,561.67,64.54,28.76,3.72,0.0
20190504:1106,498.24,653.78,76.98,28.91,4.0,0.0
20190504:1206,579.17,761.67,78.94,28.77,3.93,0.0
20190504:1306,359.67,472.2,67.49,28.69,3.66,0.0
20190504:1406,324.06,427.13,53.64,28.86,3.03,0.0
20190504:1506,278.99,368.35,39.36,28.83,3.45,0.0
20190504:1606,201.34,279.36,24.95,28.78,3.93,0.0
20190504:1706,45.92,89.48,10.54,28.52,3.86,0.0
20190504:1806,0.0,0.0,0.0,28.15,3.52,0.0
20190504:1906,0.0,0.0,0.0,27.7,2.55,0.0
20190504:2006,0.0,0.0,0.0,27.51,2.28,0.0
20190504:2106,0.0,0.0,0.0,27.38,1.93,0.0
20190504:2206,0.0,0.0,0.0,27.14,1.59,0.0
20190504:2306,0.0,0.0,0.0,26.76,1.38,0.0
20190505:0006,0.0,0.0,0.0,26.45,1.38,0.0
20190505:0106,0.0,0.0,0.0,26.46,1.59,0.0
20190505:0206,0.0,0.0,0.0,26.5,1.93,0.0
20190505:0306,0.0,0.0,0.0,26.28,2.14,0.0
20190505:0406,0.0,0.0,0.0,26.39,2.21,0.0
20190505:0506,0.0,0.0,0.0,26.49,2.07,0.0
20190505:0606,24.15,53.46,7.45,26.61,2.07,0.0
20190505:0706,167.44,239.79,21.83,27.03,2.34,0.0
20190505:0806,364.63,481.27,36.22,28.23,2.34,0.0
20190505:0906,519.92,687.81,50.52,29.29,2.21,0.0
20190505:1006,448.54,597.2,64.47,30.25,2.55,0.0
20190505:1106,607.09,813.53,76.79,30.88,3.17,0.0
20190505:1206,638.96,855.52,78.69,31.08,3.52,0.0
20190505:1306,640.14,850.93,67.36,31.3,3.93,0.0
20190505:1406,535.58,699.8,53.57,30.07,4.07,0.0
20190505:1506,367.61,481.14,39.31,29.86,4.48,0.0
20190505:1606,204.25,284.72,24.93,29.74,4.69,0.0
20190505:1706,43.43,77.07,10.54,29.32,4.34,0.0
20190505:1806,0.0,0.0,0.0,28.74,3.72,0.0
20190505:1906,0.0,0.0,0.0,28.21,3.17,0.0
20190505:2006,0.0,0.0,0.0,27.91,2.83,0.0
20190505:2106,0.0,0.0,0.0,27.75,2.69,0.0
20190505:2206,0.0,0.0,0.0,27.63,2.83,0.0
20190505:2306,0.0,0.0,0.0,27.5,2.83,0.0
20190506:0006,0.0,0.0,0.0,27.43,2.62,0.0
20190506:0106,0.0,0.0,0.0,27.4,2.55,0.0
20190506:0206,0.0,0.0,0.0,27.34,2.34,0.0
20190506:0306,0.0,0.0,0.0,27.31,2.21,0.0
20190506:0406,0.0,0.0,0.0,27.34,2.28,0.0
20190506:0506,0.0,0.0,0.0,27.34,2.34,0.0
20190506:0606,23.99,48.29,7.49,27.39,2.41,0.0
20190506:0706,156.98,223.82,21.85,28.1,2.76,0.0
20190506:0806,347.87,457.28,36.22,29.01,3.72,0.0
20190506:0906,501.9,655.03,50.49,29.6,3.79,0.0
20190506:1006,608.66,801.87,64.39,30.23,4.0,0.0
20190506:1106,674.32,894.71,76.6,30.43,4.14,0.0
20190506:1206,633.7,841.17,78.43,30.65,4.14,0.0
20190506:1306,538.51,710.32,67.23,30.74,4.28,0.0
20190506:1406,470.43,615.57,53.49,30.45,4.41,0.0
20190506:1506,358.89,470.45,39.26,30.02,4.48,0.0
20190506:1606,195.0,271.24,24.91,29.53,4.07,0.0
20190506:1706,45.32,89.08,10.54,29.01,3.38,0.0
20190506:1806,0.0,0.0,0.0,28.47,3.59,0.0
20190506:1906,0.0,0.0,0.0,28.2,3.66,0.0
20190506:2006,0.0,0.0,0.0,27.95,3.59,0.0
20190506:2106,0.0,0.0,0.0,27.8,3.31,0.0
20190506:2206,0.0,0.0,0.0,27.68,3.1,0.0
20190506:2306,0.0,0.0,0.0,27.59,3.1,0.0
20190507:0006,0.0,0.0,0.0,27.6,3.1,0.0
20190507:0106,0.0,0.0,0.0,27.51,2.97,0.0
20190507:0206,0.0,0.0,0.0,27.33,2.83,0.0
20190507:0306,0.0,0.0,0.0,27.26,2.76,0.0
20190507:0406,0.0,0.0,0.0,26.83,2.69,0.0
20190507:0506,0.0,0.0,0.0,27.05,2.97,0.0
20190507:0606,24.57,54.54,7.53,27.19,2.76,0.0
20190507:0706,147.2,208.87,21.87,28.32,3.24,0.0
20190507:0806,343.04,449.82,36.22,29.02,4.34,0.0
20190507:0906,485.35,631.23,50.46,29.64,4.41,0.0
20190507:1006,550.97,721.57,64.31,29.97,4.55,0.0
20190507:1106,598.19,788.21,76.41,30.28,4.62,0.0
20190507:1206,534.28,704.32,78.18,29.93,4.21,0.0
20190507:1306,462.11,606.8,67.1,29.62,4.07,0.0
20190507:1406,346.12,456.59,53.42,29.36,3.03,0.0
20190507:1506,183.64,249.11,39.22,29.23,3.17,0.0
20190507:1606,149.18,208.04,24.89,28.87,2.69,0.0
20190507:1706,45.14,82.56,10.54,28.72,2.9,0.0
20190507:1806,0.0,0.0,0.0,28.35,2.76,0.0
20190507:1906,0.0,0.0,0.0,28.22,2.0,0.0
20190507:2006,0.0,0.0,0.0,28.04,1.93,0.0
20190507:2106,0.0,0.0,0.0,27.9,1.93,0.0
20190507:2206,0.0,0.0,0.0,27.79,2.21,0.0
20190507:2306,0.0,0.0,0.0,27.7,2.41,0.0
20190508:0006,0.0,0.0,0.0,27.62,2.34,0.0
20190508:0106,0.0,0.0,0.0,27.36,2.28,0.0
20190508:0206,0.0,0.0,0.0,27.25,2.07,0.0
20190508:0306,0.0,0.0,0.0,26.87,2.21,0.0
20190508:0406,0.0,0.0,0.0,26.88,2.21,0.0
20190508:0506,0.0,0.0,0.0,26.8,2.14,0.0
20190508:0606,23.32,46.63,7.57,26.81,2.07,0.0
20190508:0706,147.1,208.59,21.89,27.93,2.9,0.0
20190508:0806,337.57,443.75,36.21,28.92,3.79,0.0
20190508:0906,506.75,660.58,50.43,29.63,3.93,0.0
20190508:1006,618.38,813.56,64.23,30.19,4.14,0.0
20190508:1106,680.0,899.14,76.21,30.37,4.48,0.0
20190508:1206,674.98,892.41,77.94,30.72,4.69,0.0
20190508:1306,622.88,818.58,66.97,30.3,4.48,0.0
20190508:1406,531.78,693.78,53.34,30.41,4.48,0.0
20190508:1506,387.5,508.41,39.18,30.3,4.21,0.0
20190508:1606,208.52,293.95,24.87,30.17,4.0,0.0
20190508:1706,44.39,88.76,10.54,29.58,3.72,0.0
20190508:1806,0.0,0.0,0.0,28.89,3.59,0.0
20190508:1906,0.0,0.0,0.0,28.33,3.03,0.0
20190508:2006,0.0,0.0,0.0,28.05,2.97,0.0
20190508:2106,0.0,0.0,0.0,27.93,3.17,0.0
20190508:2206,0.0,0.0,0.0,27.78,3.03,0.0
20190508:2306,0.0,0.0,0.0,27.65,3.03,0.0
20190509:0006,0.0,0.0,0.0,27.54,3.03,0.0
20190509:0106,0.0,0.0,0.0,27.46,2.97,0.0
20190509:0206,0.0,0.0,0.0,27.42,2.83,0.0
20190509:0306,0.0,0.0,0.0,27.36,2.62,0.0
20190509:0406,0.0,0.0,0.0,27.25,2.48,0.0
20190509:0506,0.0,0.0,0.0,27.14,2.69,0.0
20190509:0606,25.21,52.11,7.6,27.19,2.97,0.0
20190509:0706,158.14,225.91,21.9,28.03,2.83,0.0
20190509:0806,222.16,297.14,36.21,29.04,3.52,0.0
20190509:0906,38.15,65.09,50.39,29.64,3.79,0.0
20190509:1006,48.44,78.9,64.14,30.3,3.86,0.0
20190509:1106,54.42,86.79,76.02,30.47,3.66,0.0
20190509:1206,54.44,86.79,77.7,30.47,4.0,0.0
20190509:1306,55.88,88.76,66.84,30.74,4.0,0.0
20190509:1406,61.36,95.67,53.27,30.18,3.59,0.0
20190509:1506,182.48,248.06,39.14,29.5,3.03,0.0
20190509:1606,77.66,116.18,24.85,29.25,3.31,0.0
20190509:1706,44.05,79.74,10.54,29.0,3.24,0.0
20190509:1806,0.0,0.0,0.0,28.51,3.17,0.0
20190509:1906,0.0,0.0,0.0,27.77,2.34,0.0
20190509:2006,0.0,0.0,0.0,27.54,2.28,0.0
20190509:2106,0.0,0.0,0.0,27.37,2.34,0.0
20190509:2206,0.0,0.0,0.0,27.24,2.48,0.0
20190509:2306,0.0,0.0,0.0,27.13,2.55,0.0
20190510:0006,0.0,0.0,0.0,27.12,2.9,0.0
20190510:0106,0.0,0.0,0.0,27.1,3.1,0.0
20190510:0206,0.0,0.0,0.0,27.03,2.76,0.0
20190510:0306,0.0,0.0,0.0,26.88,2.48,0.0
20190510:0406,0.0,0.0,0.0,26.8,2.28,0.0
20190510:0506,0.0,0.0,0.0,26.69,2.0,0.0
20190510:0606,24.41,53.13,7.63,26.65,1.79,0.0
20190510:0706,145.2,207.3,21.92,27.81,0.97,0.0
20190510:0806,364.3,485.65,36.2,29.0,1.72,0.0
20190510:0906,516.88,684.6,50.35,29.85,2.34,0.0
20190510:1006,619.29,827.35,64.05,30.29,2.76,0.0
20190510:1106,670.34,901.09,75.82,30.59,3.03,0.0
20190510:1206,661.56,886.1,77.46,30.79,3.38,0.0
20190510:1306,617.73,820.5,66.72,30.96,3.66,0.0
20190510:1406,478.39,629.9,53.2,30.79,3.66,0.0
20190510:1506,302.93,401.1,39.1,30.37,3.86,0.0
20190510:1606,196.91,276.19,24.84,30.22,4.21,0.0
20190510:1706,43.9,86.95,10.55,29.7,3.66,0.0
20190510:1806,0.0,0.0,0.0,29.04,3.79,0.0
20190510:1906,0.0,0.0,0.0,28.38,3.17,0.0
20190510:2006,0.0,0.0,0.0,28.09,3.31,0.0
20190510:2106,0.0,0.0,0.0,27.95,2.83,0.0
20190510:2206,0.0,0.0,0.0,27.9,2.41,0.0
20190510:2306,0.0,0.0,0.0,27.8,2.21,0.0
20190511:0006,0.0,0.0,0.0,27.32,1.52,0.0
20190511:0106,0.0,0.0,0.0,26.91,1.38,0.0
20190511:0206,0.0,0.0,0.0,26.88,1.52,0.0
20190511:0306,0.0,0.0,0.0,26.57,1.24,0.0
20190511:0406,0.0,0.0,0.0,26.49,1.1,0.0
20190511:0506,0.0,0.0,0.0,27.25,0.69,0.0
20190511:0606,25.0,52.09,7.66,27.31,0.34,0.0
20190511:0706,146.32,209.72,21.92,28.06,0.62,0.0
20190511:0806,338.93,451.82,36.18,28.34,1.31,0.0
20190511:0906,416.27,549.38,50.3,28.19,1.79,0.0
20190511:1006,565.11,755.89,63.96,28.38,1.66,0.0
20190511:1106,642.91,868.62,75.63,29.08,1.93,0.0
20190511:1206,67.5,103.56,77.23,29.63,1.79,0.0
20190511:1306,49.89,80.87,66.6,30.13,2.14,0.0
20190511:1406,154.36,213.03,53.13,29.81,3.17,0.0
20190511:1506,262.11,347.51,39.07,29.24,3.66,0.0
20190511:1606,161.59,224.22,24.82,28.58,3.59,0.0
20190511:1706,40.94,72.0,10.55,28.17,3.59,0.0
20190511:1806,0.0,0.0,0.0,27.83,3.17,0.0
20190511:1906,0.0,0.0,0.0,27.98,2.14,0.0
20190511:2006,0.0,0.0,0.0,27.77,2.0,0.0
20190511:2106,0.0,0.0,0.0,27.39,1.31,0.0
20190511:2206,0.0,0.0,0.0,27.23,0.9,0.0
20190511:2306,0.0,0.0,0.0,26.81,1.1,0.0
20190512:0006,0.0,0.0,0.0,26.69,1.24,0.0
20190512:0106,0.0,0.0,0.0,26.49,1.24,0.0
20190512:0206,0.0,0.0,0.0,26.34,1.24,0.0
20190512:0306,0.0,0.0,0.0,26.3,1.24,0.0
20190512:0406,0.0,0.0,0.0,26.63,0.9,0.0
20190512:0506,0.0,0.0,0.0,27.08,0.55,0.0
20190512:0606,25.76,52.64,7.69,26.46,0.76,0.0
20190512:0706,152.08,217.75,21.93,28.06,1.72,0.0
20190512:0806,353.22,468.32,36.16,29.06,2.48,0.0
20190512:0906,439.87,580.73,50.26,29.71,2.55,0.0
20190512:1006,457.85,609.76,63.87,30.34,2.55,0.0
20190512:1106,628.78,846.58,75.43,30.5,2.62,0.0
20190512:1206,568.25,763.18,77.0,30.7,2.69,0.0
20190512:1306,615.77,825.31,66.48,30.88,2.76,0.0
20190512:1406,508.03,672.94,53.07,30.66,2.76,0.0
20190512:1506,371.31,490.55,39.03,30.0,2.97,0.0
20190512:1606,202.17,285.26,24.81,29.76,3.59,0.0
20190512:1706,44.08,85.33,10.56,29.36,3.59,0.0
20190512:1806,0.0,0.0,0.0,28.72,3.45,0.0
20190512:1906,0.0,0.0,0.0,28.09,3.31,0.0
20190512:2006,0.0,0.0,0.0,27.87,3.52,0.0
20190512:2106,0.0,0.0,0.0,27.77,2.76,0.0
20190512:2206,0.0,0.0,0.0,27.68,1.72,0.0
20190512:2306,0.0,0.0,0.0,27.64,0.62,0.0
20190513:0006,0.0,0.0,0.0,27.54,0.21,0.0
20190513:0106,0.0,0.0,0.0,26.66,0.97,0.0
20190513:0206,0.0,0.0,0.0,26.73,0.76,0.0
20190513:0306,0.0,0.0,0.0,26.67,1.38,0.0
20190513:0406,0.0,0.0,0.0,26.49,1.31,0.0
20190513:0506,0.0,0.0,0.0,26.35,1.38,0.0
20190513:0606,17.83,36.76,7.71,26.33,1.03,0.0
20190513:0706,84.48,123.27,21.93,25.59,2.69,0.0
20190513:0806,139.38,191.03,36.15,25.95,2.76,0.0
20190513:0906,332.7,432.65,50.21,26.11,2.83,0.0
20190513:1006,151.17,206.13,63.77,26.58,2.9,0.0
20190513:1106,592.37,785.79,75.24,27.08,2.21,0.0
20190513:1206,517.66,692.06,76.78,27.64,1.52,0.0
20190513:1306,340.19,451.43,66.36,27.87,1.52,0.0
20190513:1406,277.77,370.31,53.01,27.95,1.17,0.0
20190513:1506,123.23,173.58,39.0,28.1,0.97,0.0
20190513:1606,81.68,121.09,24.8,28.12,1.24,0.0
20190513:1706,40.77,71.82,10.58,28.03,1.66,0.0
20190513:1806,0.0,0.0,0.0,27.73,2.28,0.0
20190513:1906,0.0,0.0,0.0,27.57,3.31,0.0
20190513:2006,0.0,0.0,0.0,27.47,3.38,0.0
20190513:2106,0.0,0.0,0.0,27.41,2.83,0.0
20190513:2206,0.0,0.0,0.0,26.96,1.17,0.0
20190513:2306,0.0,0.0,0.0,27.31,0.14,0.0
20190514:0006,0.0,0.0,0.0,26.69,0.62,0.0
20190514:0106,0.0,0.0,0.0,26.25,0.83,0.0
20190514:0206,0.0,0.0,0.0,26.09,0.76,0.0
20190514:0306,0.0,0.0,0.0,25.89,0.9,0.0
20190514:0406,0.0,0.0,0.0,25.96,1.66,0.0
20190514:0506,0.0,0.0,0.0,26.09,1.72,0.0
20190514:0606,25.53,53.49,7.73,26.28,1.66,0.0
20190514:0706,135.03,190.9,21.93,26.8,2.07,0.0
20190514:0806,269.84,357.28,36.12,27.7,2.41,0.0
20190514:0906,290.39,384.08,50.16,28.69,2.76,0.0
20190514:1006,245.41,327.86,63.67,29.21,2.83,0.0
20190514:1106,83.07,123.28,75.05,29.58,2.55,0.0
20190514:1206,145.35,202.18,76.56,30.11,2.76,0.0
20190514:1306,368.47,487.53,66.25,30.32,3.59,0.0
20190514:1406,317.32,416.4,52.94,28.27,3.45,0.0
20190514:1506,251.05,332.31,38.97,27.75,2.83,0.0
20190514:1606,167.79,232.17,24.8,27.16,2.41,0.0
20190514:1706,43.97,79.28,10.59,27.1,2.28,0.0
20190514:1806,0.0,0.0,0.0,27.05,2.07,0.0
20190514:1906,0.0,0.0,0.0,26.88,2.97,0.0
20190514:2006,0.0,0.0,0.0,26.58,3.45,0.0
20190514:2106,0.0,0.0,0.0,26.52,3.59,0.0
20190514:2206,0.0,0.0,0.0,26.52,3.79,0.0
20190514:2306,0.0,0.0,0.0,26.52,3.38,0.0
20190515:0006,0.0,0.0,0.0,26.22,2.9,0.0
20190515:0106,0.0,0.0,0.0,25.92,2.28,0.0
20190515:0206,0.0,0.0,0.0,25.32,1.86,0.0
20190515:0306,0.0,0.0,0.0,25.37,1.45,0.0
20190515:0406,0.0,0.0,0.0,25.43,1.03,0.0
20190515:0506,0.0,0.0,0.0,25.47,0.97,0.0
20190515:0606,5.76,17.75,7.75,25.78,1.31,0.0
20190515:0706,17.15,35.5,21.93,26.44,2.41,0.0
20190515:0806,67.58,102.57,36.1,27.14,1.79,0.0
20190515:0906,158.33,216.97,50.11,27.86,1.79,0.0
20190515:1006,243.89,325.88,63.58,28.38,2.0,0.0
20190515:1106,483.27,643.78,74.85,29.04,2.21,0.0
20190515:1206,571.3,767.17,76.35,29.79,2.28,0.0
20190515:1306,596.63,787.85,66.13,29.88,3.52,0.0
20190515:1406,501.27,647.95,52.89,28.68,4.62,0.0
20190515:1506,382.9,494.41,38.94,27.7,5.17,0.0
20190515:1606,203.97,284.86,24.79,27.25,4.41,0.0
20190515:1706,43.95,84.03,10.6,26.94,3.66,0.0
20190515:1806,0.0,0.0,0.0,26.68,3.59,0.0
20190515:1906,0.0,0.0,0.0,26.25,3.17,0.0
20190515:2006,0.0,0.0,0.0,26.3,3.17,0.0
20190515:2106,0.0,0.0,0.0,26.46,2.55,0.0
20190515:2206,0.0,0.0,0.0,26.63,2.0,0.0
20190515:2306,0.0,0.0,0.0,26.58,2.0,0.0
20190516:0006,0.0,0.0,0.0,26.32,2.14,0.0
20190516:0106,0.0,0.0,0.0,25.8,2.14,0.0
20190516:0206,0.0,0.0,0.0,25.4,2.0,0.0
20190516:0306,0.0,0.0,0.0,25.52,1.72,0.0
20190516:0406,0.0,0.0,0.0,25.8,1.79,0.0
20190516:0506,0.0,0.0,0.0,25.74,2.14,0.0
20190516:0606,25.24,49.68,7.76,25.77,2.48,0.0
20190516:0706,154.15,217.58,21.93,25.74,3.52,0.0
20190516:0806,259.96,341.28,36.07,26.62,3.52,0.0
20190516:0906,519.93,672.97,50.05,27.56,3.52,0.0
20190516:1006,625.16,816.75,63.47,28.17,3.72,0.0
20190516:1106,604.87,797.87,74.67,29.11,3.66,0.0
20190516:1206,644.95,854.47,76.14,29.66,3.66,0.0
20190516:1306,405.25,533.48,66.02,29.75,3.79,0.0
20190516:1406,205.05,275.71,52.83,29.49,4.14,0.0
20190516:1506,173.32,235.52,38.92,29.24,4.34,0.0
20190516:1606,101.33,145.8,24.79,28.64,3.79,0.0
20190516:1706,28.44,52.18,10.62,28.17,3.31,0.0
20190516:1806,0.0,0.0,0.0,27.81,2.76,0.0
20190516:1906,0.0,0.0,0.0,27.18,2.34,0.0
20190516:2006,0.0,0.0,0.0,26.91,2.97,0.0
20190516:2106,0.0,0.0,0.0,26.8,3.31,0.0
20190516:2206,0.0,0.0,0.0,26.85,2.76,0.0
20190516:2306,0.0,0.0,0.0,26.82,2.28,0.0
20190517:0006,0.0,0.0,0.0,26.81,2.0,0.0
20190517:0106,0.0,0.0,0.0,26.71,1.66,0.0
20190517:0206,0.0,0.0,0.0,26.3,0.9,0.0
20190517:0306,0.0,0.0,0.0,26.65,0.55,0.0
20190517:0406,0.0,0.0,0.0,26.41,0.55,0.0
20190517:0506,0.0,0.0,0.0,26.1,0.62,0.0
20190517:0606,20.58,41.12,7.78,25.76,0.76,0.0
20190517:0706,93.18,135.22,21.92,26.74,1.93,0.0
20190517:0806,195.88,263.31,36.04,27.6,2.41,0.0
20190517:0906,481.26,627.32,50.0,28.14,2.97,0.0
20190517:1006,328.75,433.67,63.37,28.76,3.03,0.0
20190517:1106,652.37,887.63,74.48,28.72,1.45,0.0
20190517:1206,570.6,773.04,75.93,29.26,1.45,0.0
20190517:1306,601.18,804.06,65.92,29.63,2.28,0.0
20190517:1406,421.69,553.6,52.77,29.1,3.03,0.0
20190517:1506,295.45,388.61,38.89,27.57,2.69,0.0
20190517:1606,202.52,284.51,24.79,27.5,3.17,0.0
20190517:1706,43.1,83.87,10.64,27.64,3.24,0.0
20190517:1806,0.0,0.0,0.0,27.51,3.03,0.0
20190517:1906,0.0,0.0,0.0,27.28,3.38,0.0
20190517:2006,0.0,0.0,0.0,27.31,3.38,0.0
20190517:2106,0.0,0.0,0.0,27.37,2.76,0.0
20190517:2206,0.0,0.0,0.0,27.42,2.14,0.0
20190517:2306,0.0,0.0,0.0,27.08,1.52,0.0
20190518:0006,0.0,0.0,0.0,26.81,0.83,0.0
20190518:0106,0.0,0.0,0.0,27.23,0.55,0.0
20190518:0206,0.0,0.0,0.0,26.45,0.76,0.0
20190518:0306,0.0,0.0,0.0,26.19,1.24,0.0
20190518:0406,0.0,0.0,0.0,26.04,1.24,0.0
20190518:0506,0.0,0.0,0.0,26.0,1.1,0.0
20190518:0606,17.13,35.74,7.78,26.37,0.83,0.0
20190518:0706,162.96,239.18,21.91,27.51,0.69,0.0
20190518:0806,293.22,392.19,36.01,27.94,0.9,0.0
20190518:0906,460.36,614.98,49.94,28.83,1.03,0.0
20190518:1006,518.83,696.55,63.27,29.47,1.59,0.0
20190518:1106,637.33,863.31,74.29,30.26,2.07,0.0
20190518:1206,657.86,888.73,75.74,30.62,2.55,0.0
20190518:1306,612.78,818.12,65.82,30.6,2.9,0.0
20190518:1406,520.79,685.67,52.72,30.4,3.24,0.0
20190518:1506,377.44,498.92,38.87,30.52,3.38,0.0
20190518:1606,199.89,283.83,24.79,30.0,3.52,0.0
20190518:1706,42.94,83.29,10.66,29.31,3.38,0.0
20190518:1806,0.0,0.0,0.0,28.55,3.17,0.0
20190518:1906,0.0,0.0,0.0,28.07,2.9,0.0
20190518:2006,0.0,0.0,0.0,27.79,2.69,0.0
20190518:2106,0.0,0.0,0.0,27.63,2.48,0.0
20190518:2206,0.0,0.0,0.0,27.5,2.48,0.0
20190518:2306,0.0,0.0,0.0,27.34,2.55,0.0
20190519:0006,0.0,0.0,0.0,27.21,2.69,0.0
20190519:0106,0.0,0.0,0.0,27.03,2.9,0.0
20190519:0206,0.0,0.0,0.0,26.88,3.1,0.0
20190519:0306,0.0,0.0,0.0,26.79,3.17,0.0
20190519:0406,0.0,0.0,0.0,26.73,2.97,0.0
20190519:0506,0.0,0.0,0.0,26.8,2.55,0.0
20190519:0606,25.95,52.77,7.79,26.81,2.28,0.0
20190519:0706,146.72,209.13,21.9,27.51,2.62,0.0
20190519:0806,250.51,332.8,35.98,27.7,2.34,0.0
20190519:0906,419.08,551.18,49.88,28.53,2.34,0.0
20190519:1006,571.95,761.64,63.17,29.27,2.28,0.0
20190519:1106,437.94,583.68,74.11,29.87,2.41,0.0
20190519:1206,381.51,507.63,75.54,30.12,2.69,0.0
20190519:1306,314.18,418.12,65.71,30.45,3.17,0.0
20190519:1406,339.0,447.84,52.67,30.53,3.93,0.0
20190519:1506,275.61,364.98,38.85,30.15,4.69,0.0
20190519:1606,145.04,202.81,24.79,29.64,4.97,0.0
20190519:1706,42.03,74.11,10.68,29.12,4.62,0.0
20190519:1806,0.0,0.0,0.0,28.52,3.72,0.0
20190519:1906,0.0,0.0,0.0,28.21,3.45,0.0
20190519:2006,0.0,0.0,0.0,27.93,3.17,0.0
20190519:2106,0.0,0.0,0.0,27.79,3.24,0.0
20190519:2206,0.0,0.0,0.0,27.73,3.24,0.0
20190519:2306,0.0,0.0,0.0,27.63,3.24,0.0
20190520:0006,0.0,0.0,0.0,27.5,3.03,0.0
20190520:0106,0.0,0.0,0.0,27.29,2.97,0.0
20190520:0206,0.0,0.0,0.0,26.95,2.97,0.0
20190520:0306,0.0,0.0,0.0,26.33,3.38,0.0
20190520:0406,0.0,0.0,0.0,25.94,3.31,0.0
20190520:0506,0.0,0.0,0.0,25.93,2.76,0.0
20190520:0606,22.52,44.37,7.79,26.25,2.14,0.0
20190520:0706,38.75,65.09,21.88,26.5,2.62,0.0
20190520:0806,25.48,47.34,35.94,27.04,3.59,0.0
20190520:0906,38.04,64.11,49.81,26.51,3.93,0.0
20190520:1006,48.46,77.91,63.06,27.15,3.52,0.0
20190520:1106,53.68,84.82,73.93,27.52,3.03,0.0
20190520:1206,73.7,110.46,75.36,27.94,3.38,0.0
20190520:1306,199.44,267.27,65.62,28.0,3.66,0.0
20190520:1406,311.79,405.55,52.63,26.26,3.38,0.0
20190520:1506,316.56,410.63,38.83,26.49,4.14,0.0
20190520:1606,172.6,238.42,24.79,26.91,3.17,0.0
20190520:1706,44.41,80.16,10.7,27.05,3.17,0.0
20190520:1806,0.0,0.0,0.0,27.09,2.97,0.0
20190520:1906,0.0,0.0,0.0,26.93,3.45,0.0
20190520:2006,0.0,0.0,0.0,26.93,3.45,0.0
20190520:2106,0.0,0.0,0.0,26.97,3.03,0.0
20190520:2206,0.0,0.0,0.0,26.99,3.03,0.0
20190520:2306,0.0,0.0,0.0,26.85,3.24,0.0
20190521:0006,0.0,0.0,0.0,26.67,3.1,0.0
20190521:0106,0.0,0.0,0.0,26.46,2.83,0.0
20190521:0206,0.0,0.0,0.0,26.15,2.55,0.0
20190521:0306,0.0,0.0,0.0,25.89,2.21,0.0
20190521:0406,0.0,0.0,0.0,25.7,2.0,0.0
20190521:0506,0.0,0.0,0.0,25.43,2.34,0.0
20190521:0606,25.49,51.03,7.8,25.4,1.59,0.0
20190521:0706,0.0,0.0,0.0,26.31,1.52,0.0
20190521:0806,201.22,270.1,35.91,27.08,1.79,0.0
20190521:0906,139.43,193.3,49.75,27.92,1.79,0.0
20190521:1006,159.43,218.95,62.96,28.45,1.79,0.0
20190521:1106,493.83,662.23,73.75,29.17,1.72,0.0
20190521:1206,308.91,413.41,75.17,29.57,1.72,0.0
20190521:1306,332.8,444.17,65.52,29.68,1.93,0.0
20190521:1406,295.38,390.94,52.58,28.48,2.41,0.0
20190521:1506,212.58,284.61,38.82,27.98,2.48,0.0
20190521:1606,141.79,197.73,24.8,27.62,2.48,0.0
20190521:1706,32.21,57.46,10.73,27.6,2.55,0.0
20190521:1806,0.0,0.0,0.0,27.35,2.28,0.0
20190521:1906,0.0,0.0,0.0,27.03,2.07,0.0
20190521:2006,0.0,0.0,0.0,26.98,1.79,0.0
20190521:2106,0.0,0.0,0.0,26.92,1.72,0.0
20190521:2206,0.0,0.0,0.0,26.93,1.93,0.0
20190521:2306,0.0,0.0,0.0,26.88,2.41,0.0
20190522:0006,0.0,0.0,0.0,26.81,2.41,0.0
20190522:0106,0.0,0.0,0.0,26.58,2.34,0.0
20190522:0206,0.0,0.0,0.0,25.91,1.86,0.0
20190522:0306,0.0,0.0,0.0,25.93,1.86,0.0
20190522:0406,0.0,0.0,0.0,25.96,1.86,0.0
20190522:0506,0.0,0.0,0.0,26.0,1.93,0.0
20190522:0606,24.19,51.45,7.79,25.71,1.03,0.0
20190522:0706,0.0,0.0,0.0,25.83,1.66,0.0
20190522:0806,307.98,405.79,35.87,25.75,1.45,0.0
20190522:0906,299.53,395.63,49.69,26.26,1.03,0.0
20190522:1006,357.81,477.17,62.85,26.5,0.34,0.0
20190522:1106,640.5,872.47,73.58,27.25,0.9,0.0
20190522:1206,618.9,838.22,75.0,28.38,1.38,0.0
20190522:1306,610.73,810.75,65.43,28.67,2.48,0.0
20190522:1406,523.53,676.34,52.54,27.49,3.72,0.0
20190522:1506,380.43,496.33,38.81,27.07,2.83,0.0
20190522:1606,156.0,216.83,24.81,27.05,1.66,0.0
20190522:1706,37.9,66.31,10.75,26.97,1.24,0.0
20190522:1806,0.0,0.0,0.0,26.84,1.24,0.0
20190522:1906,0.0,0.0,0.0,27.33,1.45,0.0
20190522:2006,0.0,0.0,0.0,27.19,1.66,0.0
20190522:2106,0.0,0.0,0.0,27.01,1.59,0.0
20190522:2206,0.0,0.0,0.0,26.83,1.52,0.0
20190522:2306,0.0,0.0,0.0,26.63,1.52,0.0
20190523:0006,0.0,0.0,0.0,26.55,1.52,0.0
20190523:0106,0.0,0.0,0.0,26.23,1.24,0.0
20190523:0206,0.0,0.0,0.0,26.02,0.97,0.0
20190523:0306,0.0,0.0,0.0,26.3,0.69,0.0
20190523:0406,0.0,0.0,0.0,26.48,0.55,0.0
20190523:0506,0.0,0.0,0.0,25.81,0.9,0.0
20190523:0606,23.69,52.33,7.79,25.54,1.03,0.0
20190523:0706,161.53,238.81,21.82,27.25,0.97,0.0
20190523:0806,345.74,466.8,35.83,28.15,0.34,0.0
20190523:0906,466.48,628.79,49.62,29.0,0.48,0.0
20190523:1006,576.24,782.75,62.75,29.73,1.1,0.0
20190523:1106,567.13,764.69,73.41,30.29,2.07,0.0
20190523:1206,658.59,886.24,74.82,30.34,2.69,0.0
20190523:1306,612.75,812.59,65.35,30.57,3.45,0.0
20190523:1406,523.56,681.29,52.5,28.22,3.31,0.0
20190523:1506,382.26,500.25,38.8,28.11,3.17,0.0
20190523:1606,203.73,287.73,24.82,28.09,3.72,0.0
20190523:1706,42.59,85.64,10.78,27.88,3.1,0.0
20190523:1806,0.0,0.0,0.0,27.59,2.69,0.0
20190523:1906,0.0,0.0,0.0,27.54,3.52,0.0
20190523:2006,0.0,0.0,0.0,27.46,3.17,0.0
20190523:2106,0.0,0.0,0.0,27.34,2.97,0.0
20190523:2206,0.0,0.0,0.0,27.23,2.9,0.0
20190523:2306,0.0,0.0,0.0,26.83,2.83,0.0
20190524:0006,0.0,0.0,0.0,26.53,2.76,0.0
20190524:0106,0.0,0.0,0.0,26.48,2.76,0.0
20190524:0206,0.0,0.0,0.0,26.54,2.62,0.0
20190524:0306,0.0,0.0,0.0,26.36,2.07,0.0
20190524:0406,0.0,0.0,0.0,25.9,1.1,0.0
20190524:0506,0.0,0.0,0.0,25.48,1.1,0.0
20190524:0606,23.73,46.61,7.78,25.59,1.17,0.0
20190524:0706,117.44,167.11,21.8,26.45,1.79,0.0
20190524:0806,173.16,234.39,35.78,27.13,2.34,0.0
20190524:0906,432.45,564.34,49.55,27.91,2.83,0.0
20190524:1006,585.6,772.65,62.64,28.57,2.69,0.0
20190524:1106,635.55,849.72,73.24,29.01,2.41,0.0
20190524:1206,415.87,552.34,74.66,29.43,2.48,0.0
20190524:1306,85.89,126.24,65.27,28.45,2.55,0.0
20190524:1406,0.0,0.0,0.0,27.84,2.41,0.0
20190524:1506,206.12,276.1,38.79,28.21,3.17,0.0
20190524:1606,153.35,213.68,24.83,28.32,2.97,0.0
20190524:1706,34.5,61.17,10.81,28.08,2.62,0.0
20190524:1806,0.0,0.0,0.0,27.84,2.21,0.0
20190524:1906,0.0,0.0,0.0,27.26,0.97,0.0
20190524:2006,0.0,0.0,0.0,26.95,0.97,0.0
20190524:2106,0.0,0.0,0.0,26.98,1.52,0.0
20190524:2206,0.0,0.0,0.0,26.91,2.07,0.0
20190524:2306,0.0,0.0,0.0,26.83,2.28,0.0
20190525:0006,0.0,0.0,0.0,26.72,2.34,0.0
20190525:0106,0.0,0.0,0.0,26.58,2.14,0.0
20190525:0206,0.0,0.0,0.0,26.43,1.86,0.0
20190525:0306,0.0,0.0,0.0,26.3,1.93,0.0
20190525:0406,0.0,0.0,0.0,26.1,1.86,0.0
20190525:0506,0.0,0.0,0.0,25.8,1.66,0.0
20190525:0606,24.89,51.18,7.78,25.42,1.1,0.0
20190525:0706,153.15,220.78,21.77,26.38,1.86,0.0
20190525:0806,339.26,447.6,35.74,27.32,2.41,0.0
20190525:0906,436.09,570.76,49.48,27.94,2.48,0.0
20190525:1006,453.04,597.44,62.54,28.89,2.76,0.0
20190525:1106,591.97,786.53,73.07,29.29,2.9,0.0
20190525:1206,597.07,794.31,74.5,29.54,2.97,0.0
20190525:1306,575.28,758.15,65.19,28.94,3.1,0.0
20190525:1406,443.75,575.77,52.43,28.3,4.07,0.0
20190525:1506,337.35,440.17,38.78,27.44,3.52,0.0
20190525:1606,179.41,249.42,24.84,27.4,2.9,0.0
20190525:1706,39.55,68.95,10.84,27.23,3.38,0.0
20190525:1806,0.0,0.0,0.0,26.85,2.83,0.0
20190525:1906,0.0,0.0,0.0,27.45,2.21,0.0
20190525:2006,0.0,0.0,0.0,27.29,2.48,0.0
20190525:2106,0.0,0.0,0.0,27.25,2.14,0.0
20190525:2206,0.0,0.0,0.0,27.26,1.86,0.0
20190525:2306,0.0,0.0,0.0,27.23,2.14,0.0
20190526:0006,0.0,0.0,0.0,27.01,2.28,0.0
20190526:0106,0.0,0.0,0.0,26.75,2.07,0.0
20190526:0206,0.0,0.0,0.0,26.39,1.86,0.0
20190526:0306,0.0,0.0,0.0,25.86,1.79,0.0
20190526:0406,0.0,0.0,0.0,25.72,2.21,0.0
20190526:0506,0.0,0.0,0.0,25.8,2.07,0.0
20190526:0606,19.86,39.77,7.76,25.85,2.21,0.0
20190526:0706,49.27,78.9,21.75,26.88,3.17,0.0
20190526:0806,208.78,278.35,35.69,27.87,4.28,0.0
20190526:0906,442.07,572.7,49.42,28.41,4.21,0.0
20190526:1006,537.25,701.18,62.43,28.91,4.0,0.0
20190526:1106,379.79,499.98,72.91,29.28,3.66,0.0
20190526:1206,398.63,523.14,74.35,28.43,3.45,0.0
20190526:1306,614.96,810.55,65.11,27.81,2.69,0.0
20190526:1406,511.67,662.75,52.4,27.33,3.24,0.0
20190526:1506,75.53,112.43,38.78,27.35,3.79,0.0
20190526:1606,57.53,89.75,24.86,27.74,4.14,0.0
20190526:1706,41.0,71.23,10.87,27.75,3.79,0.0
20190526:1806,0.0,0.0,0.0,27.34,2.76,0.0
20190526:1906,0.0,0.0,0.0,27.22,2.97,0.0
20190526:2006,0.0,0.0,0.0,27.12,2.97,0.0
20190526:2106,0.0,0.0,0.0,27.06,3.03,0.0
20190526:2206,0.0,0.0,0.0,27.04,2.97,0.0
20190526:2306,0.0,0.0,0.0,26.54,3.17,0.0
20190527:0006,0.0,0.0,0.0,26.0,3.45,0.0
20190527:0106,0.0,0.0,0.0,26.0,3.1,0.0
20190527:0206,0.0,0.0,0.0,26.14,2.48,0.0
20190527:0306,0.0,0.0,0.0,26.25,2.41,0.0
20190527:0406,0.0,0.0,0.0,25.97,1.93,0.0
20190527:0506,0.0,0.0,0.0,25.83,1.86,0.0
20190527:0606,21.81,42.97,7.75,25.93,2.14,0.0
20190527:0706,116.28,165.22,21.72,26.17,2.28,0.0
20190527:0806,160.37,217.49,35.65,26.88,3.52,0.0
20190527:0906,268.62,353.47,49.35,27.58,3.38,0.0
20190527:1006,567.87,742.45,62.33,28.03,3.24,0.0
20190527:1106,601.77,794.34,72.76,28.31,3.03,0.0
20190527:1206,488.04,640.0,74.2,28.52,3.66,0.0
20190527:1306,518.18,676.63,65.04,28.39,3.79,0.0
20190527:1406,521.93,675.57,52.37,28.33,4.0,0.0
20190527:1506,376.94,491.44,38.78,28.37,4.14,0.0
20190527:1606,202.27,286.05,24.88,28.35,4.62,0.0
20190527:1706,42.35,85.34,10.91,28.02,4.69,0.0
20190527:1806,0.0,0.0,0.0,27.61,4.48,0.0
20190527:1906,0.0,0.0,0.0,27.3,3.52,0.0
20190527:2006,0.0,0.0,0.0,27.15,3.45,0.0
20190527:2106,0.0,0.0,0.0,27.08,3.31,0.0
20190527:2206,0.0,0.0,0.0,26.99,3.17,0.0
20190527:2306,0.0,0.0,0.0,26.91,2.83,0.0
20190528:0006,0.0,0.0,0.0,26.73,2.41,0.0
20190528:0106,0.0,0.0,0.0,26.52,2.48,0.0
20190528:0206,0.0,0.0,0.0,26.11,2.62,0.0
20190528:0306,0.0,0.0,0.0,25.97,2.9,0.0
20190528:0406,0.0,0.0,0.0,25.79,2.9,0.0
20190528:0506,0.0,0.0,0.0,25.65,2.48,0.0
20190528:0606,24.65,50.63,7.74,25.51,1.66,0.0
20190528:0706,158.52,235.02,21.69,26.82,1.31,0.0
20190528:0806,325.21,432.59,35.6,27.94,1.79,0.0
20190528:0906,176.56,240.51,49.28,28.75,2.21,0.0
20190528:1006,306.64,406.71,62.23,29.42,2.9,0.0
20190528:1106,408.22,538.02,72.6,29.68,3.72,0.0
20190528:1206,510.32,671.86,74.05,29.84,4.07,0.0
20190528:1306,550.33,719.45,64.97,29.68,4.48,0.0
20190528:1406,417.86,543.8,52.35,29.52,4.9,0.0
20190528:1506,371.41,484.65,38.78,29.55,5.31,0.0
20190528:1606,198.71,281.03,24.9,29.07,5.52,0.0
20190528:1706,43.11,85.09,10.94,28.44,5.1,0.0
20190528:1806,0.0,0.0,0.0,27.98,4.76,0.0
20190528:1906,0.0,0.0,0.0,27.49,3.79,0.0
20190528:2006,0.0,0.0,0.0,27.29,3.17,0.0
20190528:2106,0.0,0.0,0.0,27.22,2.83,0.0
20190528:2206,0.0,0.0,0.0,27.09,3.38,0.0
20190528:2306,0.0,0.0,0.0,26.98,3.45,0.0
20190529:0006,0.0,0.0,0.0,26.87,3.24,0.0
20190529:0106,0.0,0.0,0.0,26.72,3.24,0.0
20190529:0206,0.0,0.0,0.0,26.55,3.03,0.0
20190529:0306,0.0,0.0,0.0,26.44,2.48,0.0
20190529:0406,0.0,0.0,0.0,26.4,2.21,0.0
20190529:0506,0.0,0.0,0.0,25.83,1.72,0.0
20190529:0606,24.79,48.39,7.72,25.71,1.31,0.0
20190529:0706,141.86,202.64,21.65,26.27,1.86,0.0
20190529:0806,281.7,373.73,35.55,26.83,1.52,0.0
20190529:0906,335.3,444.61,49.21,27.57,1.1,0.0
20190529:1006,286.84,383.08,62.12,28.25,1.17,0.0
20190529:1106,109.08,155.83,72.45,29.02,2.34,0.0
20190529:1206,178.91,242.62,73.92,28.9,3.66,0.0
20190529:1306,48.96,78.9,64.91,28.07,3.03,0.0
20190529:1406,39.99,67.06,52.33,27.87,3.38,0.0
20190529:1506,37.03,63.12,38.78,27.86,4.14,0.0
20190529:1606,45.28,73.97,24.92,27.91,4.55,0.0
20190529:1706,23.97,45.37,10.98,27.84,4.62,0.0
20190529:1806,0.0,0.0,0.0,27.61,4.28,0.0
20190529:1906,0.0,0.0,0.0,27.01,4.28,0.0
20190529:2006,0.0,0.0,0.0,26.82,3.52,0.0
20190529:2106,0.0,0.0,0.0,26.03,2.83,0.0
20190529:2206,0.0,0.0,0.0,25.7,2.97,0.0
20190529:2306,0.0,0.0,0.0,25.62,2.9,0.0
20190530:0006,0.0,0.0,0.0,25.66,2.34,0.0
20190530:0106,0.0,0.0,0.0,25.54,2.0,0.0
20190530:0206,0.0,0.0,0.0,25.35,1.31,0.0
20190530:0306,0.0,0.0,0.0,25.18,0.97,0.0
20190530:0406,0.0,0.0,0.0,25.07,1.17,0.0
20190530:0506,0.0,0.0,0.0,24.97,1.17,0.0
20190530:0606,19.94,39.7,7.7,24.68,0.83,0.0
20190530:0706,128.39,182.58,21.62,25.08,0.21,0.0
20190530:0806,179.48,241.37,35.5,25.04,0.97,0.0
20190530:0906,44.96,72.98,49.13,25.51,1.86,0.0
20190530:1006,47.21,75.94,62.02,25.66,1.86,0.0
20190530:1106,126.57,175.55,72.31,26.0,2.07,0.0
20190530:1206,510.96,669.95,73.79,26.53,2.55,0.0
20190530:1306,49.23,78.9,64.85,27.14,3.59,0.0
20190530:1406,505.19,644.04,52.31,26.3,4.83,0.0
20190530:1506,341.88,444.01,38.79,26.19,3.24,0.0
20190530:1606,151.95,209.52,24.94,26.21,3.24,0.0
20190530:1706,38.74,66.74,11.02,26.09,3.72,0.0
20190530:1806,0.0,0.0,0.0,26.22,3.31,0.0
20190530:1906,0.0,0.0,0.0,26.64,2.55,0.0
20190530:2006,0.0,0.0,0.0,26.52,2.07,0.0
20190530:2106,0.0,0.0,0.0,26.46,1.79,0.0
20190530:2206,0.0,0.0,0.0,26.34,2.0,0.0
20190530:2306,0.0,0.0,0.0,26.16,2.07,0.0
20190531:0006,0.0,0.0,0.0,26.05,2.21,0.0
20190531:0106,0.0,0.0,0.0,25.86,2.28,0.0
20190531:0206,0.0,0.0,0.0,25.62,1.66,0.0
20190531:0306,0.0,0.0,0.0,25.14,1.45,0.0
20190531:0406,0.0,0.0,0.0,25.18,1.79,0.0
20190531:0506,0.0,0.0,0.0,25.14,1.93,0.0
20190531:0606,23.66,49.33,7.68,24.94,2.07,0.0
20190531:0706,142.56,202.95,21.58,25.04,1.86,0.0
20190531:0806,24.26,45.37,35.45,25.35,2.41,0.0
20190531:0906,51.77,81.86,49.06,26.02,2.69,0.0
20190531:1006,47.18,75.94,61.92,26.03,2.9,0.0
20190531:1106,52.43,82.84,72.17,26.51,3.1,0.0
20190531:1206,113.22,159.77,73.66,27.74,3.52,0.0
20190531:1306,90.56,131.17,64.79,26.98,3.1,0.0
20190531:1406,196.64,262.94,52.29,26.9,2.9,0.0
20190531:1506,231.39,306.76,38.79,27.27,2.97,0.0
20190531:1606,116.25,163.71,24.96,26.85,3.17,0.0
20190531:1706,43.09,74.88,11.05,26.45,3.03,0.0
20190531:1806,0.0,0.0,0.0,25.66,3.1,0.0
20190531:1906,0.0,0.0,0.0,24.99,3.1,0.0
20190531:2006,0.0,0.0,0.0,25.07,2.9,0.0
20190531:2106,0.0,0.0,0.0,25.33,2.55,0.0
20190531:2206,0.0,0.0,0.0,25.63,2.69,0.0
20190531:2306,0.0,0.0,0.0,25.59,2.83,0.0
20190601:0006,0.0,0.0,0.0,25.22,2.76,0.0
20190601:0106,0.0,0.0,0.0,24.86,2.41,0.0
20190601:0206,0.0,0.0,0.0,24.62,2.41,0.0
20190601:0306,0.0,0.0,0.0,24.55,2.55,0.0
20190601:0406,0.0,0.0,0.0,24.46,2.34,0.0
20190601:0506,0.0,0.0,0.0,24.36,2.34,0.0
20190601:0606,2.1,10.85,7.65,24.33,2.28,0.0
20190601:0706,22.9,43.39,21.55,24.79,2.0,0.0
20190601:0806,42.74,70.02,35.4,25.32,2.07,0.0
20190601:0906,64.89,98.62,48.99,26.01,2.14,0.0
20190601:1006,247.39,326.62,61.83,26.81,2.83,0.0
20190601:1106,662.19,867.62,72.03,27.13,3.38,0.0
20190601:1206,559.76,732.38,73.54,27.56,3.45,0.0
20190601:1306,613.06,795.83,64.74,27.38,3.86,0.0
20190601:1406,498.07,646.56,52.28,27.65,3.17,0.0
20190601:1506,320.31,417.26,38.8,26.41,3.17,0.0
20190601:1606,164.72,227.08,24.99,26.53,3.59,0.0
20190601:1706,36.97,64.02,11.09,26.61,3.52,0.0
20190601:1806,0.0,0.0,0.0,26.41,3.03,0.0
20190601:1906,0.0,0.0,0.0,26.46,3.17,0.0
20190601:2006,0.0,0.0,0.0,26.19,3.24,0.0
20190601:2106,0.0,0.0,0.0,25.76,3.24,0.0
20190601:2206,0.0,0.0,0.0,25.46,3.31,0.0
20190601:2306,0.0,0.0,0.0,25.32,3.17,0.0
20190602:0006,0.0,0.0,0.0,25.18,3.1,0.0
20190602:0106,0.0,0.0,0.0,25.06,2.9,0.0
20190602:0206,0.0,0.0,0.0,25.02,2.55,0.0
20190602:0306,0.0,0.0,0.0,25.17,2.48,0.0
20190602:0406,0.0,0.0,0.0,24.99,2.48,0.0
20190602:0506,0.0,0.0,0.0,24.71,2.48,0.0
20190602:0606,19.16,38.78,7.63,24.89,2.21,0.0
20190602:0706,155.45,228.98,21.51,25.71,2.76,0.0
20190602:0806,272.78,358.67,35.34,26.6,3.17,0.0
20190602:0906,377.65,491.34,48.92,27.02,2.97,0.0
20190602:1006,514.33,672.53,61.73,27.77,3.03,0.0
20190602:1106,502.3,660.66,71.9,28.3,3.1,0.0
20190602:1206,631.56,833.42,73.43,28.73,3.31,0.0
20190602:1306,534.96,697.89,64.69,27.87,3.52,0.0
20190602:1406,470.57,611.45,52.27,27.32,2.97,0.0
20190602:1506,358.21,468.28,38.81,27.28,2.9,0.0
20190602:1606,147.49,204.82,25.02,27.45,3.24,0.0
20190602:1706,31.48,56.4,11.13,27.42,2.83,0.0
20190602:1806,0.0,0.0,0.0,27.23,2.62,0.0
20190602:1906,0.0,0.0,0.0,26.89,2.28,0.0
20190602:2006,0.0,0.0,0.0,26.84,2.14,0.0
20190602:2106,0.0,0.0,0.0,26.81,2.0,0.0
20190602:2206,0.0,0.0,0.0,26.54,1.66,0.0
20190602:2306,0.0,0.0,0.0,26.38,1.66,0.0
20190603:0006,0.0,0.0,0.0,26.39,1.86,0.0
20190603:0106,0.0,0.0,0.0,26.22,2.07,0.0
20190603:0206,0.0,0.0,0.0,26.05,2.07,0.0
20190603:0306,0.0,0.0,0.0,25.89,1.93,0.0
20190603:0406,0.0,0.0,0.0,25.72,1.79,0.0
20190603:0506,0.0,0.0,0.0,25.54,1.66,0.0
20190603:0606,23.17,46.11,7.6,25.54,1.66,0.0
20190603:0706,151.62,223.08,21.47,26.02,1.45,0.0
20190603:0806,292.66,387.72,35.29,26.73,1.72,0.0
20190603:0906,461.74,604.87,48.85,27.73,2.14,0.0
20190603:1006,551.59,727.1,61.64,28.26,2.48,0.0
20190603:1106,611.02,809.69,71.78,28.87,2.9,0.0
20190603:1206,557.6,735.54,73.33,29.33,3.52,0.0
20190603:1306,481.55,631.64,64.65,29.32,3.79,0.0
20190603:1406,512.27,667.68,52.26,29.22,3.66,0.0
20190603:1506,363.21,476.49,38.83,29.01,3.72,0.0
20190603:1606,193.24,273.02,25.05,28.72,4.07,0.0
20190603:1706,44.57,85.16,11.18,28.15,3.93,0.0
20190603:1806,0.0,0.0,0.0,27.58,3.52,0.0
20190603:1906,0.0,0.0,0.0,27.15,3.1,0.0
20190603:2006,0.0,0.0,0.0,26.94,2.97,0.0
20190603:2106,0.0,0.0,0.0,26.81,2.83,0.0
20190603:2206,0.0,0.0,0.0,26.66,2.76,0.0
20190603:2306,0.0,0.0,0.0,26.42,2.62,0.0
20190604:0006,0.0,0.0,0.0,26.28,2.55,0.0
20190604:0106,0.0,0.0,0.0,26.22,2.55,0.0
20190604:0206,0.0,0.0,0.0,25.98,2.69,0.0
20190604:0306,0.0,0.0,0.0,25.78,2.97,0.0
20190604:0406,0.0,0.0,0.0,25.72,2.69,0.0
20190604:0506,0.0,0.0,0.0,25.63,2.28,0.0
20190604:0606,5.21,16.77,7.57,25.38,1.93,0.0
20190604:0706,25.51,47.34,21.43,26.68,2.14,0.0
20190604:0806,26.84,49.31,35.24,27.37,1.86,0.0
20190604:0906,48.13,77.91,48.78,28.09,1.86,0.0
20190604:1006,233.51,313.03,61.54,28.68,2.0,0.0
20190604:1106,90.41,132.16,71.65,28.86,2.62,0.0
20190604:1206,166.01,225.85,73.22,28.33,3.72,0.0
20190604:1306,438.87,569.55,64.61,27.4,4.07,0.0
20190604:1406,315.21,410.45,52.26,27.44,4.34,0.0
20190604:1506,290.59,380.0,38.84,27.94,4.83,0.0
20190604:1606,198.09,278.74,25.08,27.6,4.62,0.0
20190604:1706,10.53,25.64,11.22,27.31,4.28,0.0
20190604:1806,0.0,0.0,0.0,27.06,3.93,0.0
20190604:1906,0.0,0.0,0.0,26.73,4.34,0.0
20190604:2006,0.0,0.0,0.0,26.55,4.34,0.0
20190604:2106,0.0,0.0,0.0,26.46,4.34,0.0
20190604:2206,0.0,0.0,0.0,26.31,4.07,0.0
20190604:2306,0.0,0.0,0.0,26.05,3.59,0.0
20190605:0006,0.0,0.0,0.0,25.75,3.45,0.0
20190605:0106,0.0,0.0,0.0,25.59,4.07,0.0
20190605:0206,0.0,0.0,0.0,25.5,4.0,0.0
20190605:0306,0.0,0.0,0.0,25.39,3.38,0.0
20190605:0406,0.0,0.0,0.0,25.35,3.03,0.0
20190605:0506,0.0,0.0,0.0,25.21,3.1,0.0
20190605:0606,18.51,37.64,7.54,25.08,2.83,0.0
20190605:0706,111.67,158.75,21.38,26.11,4.34,0.0
20190605:0806,218.11,289.09,35.18,26.58,3.52,0.0
20190605:0906,298.07,389.44,48.71,27.16,3.59,0.0
20190605:1006,370.05,479.91,61.45,27.44,4.62,0.0
20190605:1106,395.76,512.63,71.54,27.31,4.83,0.0
20190605:1206,422.05,545.39,73.13,27.4,5.31,0.0
20190605:1306,431.66,557.54,64.58,27.96,5.59,0.0
20190605:1406,417.71,537.57,52.26,28.43,6.28,0.0
20190605:1506,228.6,302.34,38.86,28.54,6.28,0.0
20190605:1606,78.17,116.12,25.11,28.38,5.79,0.0
20190605:1706,40.81,70.35,11.26,27.9,5.72,0.0
20190605:1806,0.0,0.0,0.0,27.45,5.72,0.0
20190605:1906,0.0,0.0,0.0,26.84,4.76,0.0
20190605:2006,0.0,0.0,0.0,26.75,4.62,0.0
20190605:2106,0.0,0.0,0.0,26.71,4.41,0.0
20190605:2206,0.0,0.0,0.0,26.7,4.34,0.0
20190605:2306,0.0,0.0,0.0,26.59,4.34,0.0
20190606:0006,0.0,0.0,0.0,26.49,4.41,0.0
20190606:0106,0.0,0.0,0.0,26.4,4.41,0.0
20190606:0206,0.0,0.0,0.0,26.37,4.41,0.0
20190606:0306,0.0,0.0,0.0,26.39,4.28,0.0
20190606:0406,0.0,0.0,0.0,26.3,4.21,0.0
20190606:0506,0.0,0.0,0.0,26.2,4.21,0.0
20190606:0606,23.14,46.92,7.51,26.11,4.14,0.0
20190606:0706,147.97,215.84,21.34,26.81,5.1,0.0
20190606:0806,257.45,337.84,35.13,27.5,5.86,0.0
20190606:0906,230.31,304.67,48.64,28.32,5.45,0.0
20190606:1006,446.58,578.56,61.36,29.11,5.79,0.0
20190606:1106,487.39,632.19,71.43,29.42,6.21,0.0
20190606:1206,57.86,90.73,73.04,29.56,6.41,0.0
20190606:1306,243.96,321.92,64.55,28.59,6.0,0.0
20190606:1406,216.14,286.18,52.26,28.17,6.83,0.0
20190606:1506,156.48,212.33,38.88,27.54,6.0,0.0
20190606:1606,50.74,80.87,25.14,27.48,5.45,0.0
20190606:1706,14.41,31.56,11.31,27.36,5.24,0.0
20190606:1806,0.0,0.0,0.0,27.19,5.03,0.0
20190606:1906,0.0,0.0,0.0,26.33,3.52,0.0
20190606:2006,0.0,0.0,0.0,26.18,3.59,0.0
20190606:2106,0.0,0.0,0.0,26.15,3.72,0.0
20190606:2206,0.0,0.0,0.0,25.98,4.0,0.0
20190606:2306,0.0,0.0,0.0,25.71,4.28,0.0
20190607:0006,0.0,0.0,0.0,25.42,4.55,0.0
20190607:0106,0.0,0.0,0.0,25.26,4.41,0.0
20190607:0206,0.0,0.0,0.0,24.84,3.66,0.0
20190607:0306,0.0,0.0,0.0,24.7,3.66,0.0
20190607:0406,0.0,0.0,0.0,24.74,3.38,0.0
20190607:0506,0.0,0.0,0.0,24.64,3.31,0.0
20190607:0606,23.02,46.82,7.47,24.7,3.24,0.0
20190607:0706,130.78,185.24,21.3,25.24,3.66,0.0
20190607:0806,307.01,400.43,35.07,25.85,3.93,0.0
20190607:0906,111.92,156.81,48.58,26.03,4.14,0.0
20190607:1006,402.79,519.55,61.28,26.43,4.34,0.0
20190607:1106,654.74,842.73,71.32,26.35,4.69,0.0
20190607:1206,639.72,823.75,72.96,26.34,4.62,0.0
20190607:1306,457.52,589.75,64.52,26.38,4.28,0.0
20190607:1406,301.52,390.64,52.26,26.18,4.55,0.0
20190607:1506,218.63,288.19,38.91,26.56,4.9,0.0
20190607:1606,148.78,204.88,25.18,26.43,4.55,0.0
20190607:1706,23.46,44.38,11.35,26.24,4.14,0.0
20190607:1806,0.0,0.0,0.0,26.06,3.93,0.0
20190607:1906,0.0,0.0,0.0,26.22,3.45,0.0
20190607:2006,0.0,0.0,0.0,26.08,3.45,0.0
20190607:2106,0.0,0.0,0.0,25.97,3.45,0.0
20190607:2206,0.0,0.0,0.0,26.01,3.45,0.0
20190607:2306,0.0,0.0,0.0,25.9,3.45,0.0
20190608:0006,0.0,0.0,0.0,25.71,3.59,0.0
20190608:0106,0.0,0.0,0.0,25.63,3.52,0.0
20190608:0206,0.0,0.0,0.0,25.46,3.17,0.0
20190608:0306,0.0,0.0,0.0,25.26,3.24,0.0
20190608:0406,0.0,0.0,0.0,25.13,3.17,0.0
20190608:0506,0.0,0.0,0.0,25.08,3.1,0.0
20190608:0606,22.6,44.61,7.44,25.0,3.1,0.0
20190608:0706,139.85,200.45,21.25,25.53,3.38,0.0
20190608:0806,316.85,415.53,35.02,26.22,3.17,0.0
20190608:0906,412.45,534.68,48.51,26.56,2.9,0.0
20190608:1006,504.76,657.16,61.19,27.41,3.31,0.0
20190608:1106,230.72,306.5,71.22,28.05,3.72,0.0
20190608:1206,318.61,417.45,72.89,28.37,4.41,0.0
20190608:1306,493.37,640.83,64.5,28.23,4.41,0.0
20190608:1406,470.41,607.6,52.27,28.22,4.48,0.0
20190608:1506,340.14,442.76,38.93,28.09,4.83,0.0
20190608:1606,187.43,261.24,25.22,27.72,4.28,0.0
20190608:1706,44.88,87.2,11.4,27.37,3.66,0.0
20190608:1806,0.0,0.0,0.0,26.92,3.86,0.0
20190608:1906,0.0,0.0,0.0,26.47,3.52,0.0
20190608:2006,0.0,0.0,0.0,26.31,3.17,0.0
20190608:2106,0.0,0.0,0.0,26.18,3.1,0.0
20190608:2206,0.0,0.0,0.0,26.06,3.1,0.0
20190608:2306,0.0,0.0,0.0,25.9,3.1,0.0
20190609:0006,0.0,0.0,0.0,25.73,3.24,0.0
20190609:0106,0.0,0.0,0.0,25.66,3.31,0.0
20190609:0206,0.0,0.0,0.0,25.44,3.24,0.0
20190609:0306,0.0,0.0,0.0,25.32,3.24,0.0
20190609:0406,0.0,0.0,0.0,25.09,3.45,0.0
20190609:0506,0.0,0.0,0.0,25.12,3.31,0.0
20190609:0606,20.34,40.57,7.4,25.18,2.62,0.0
20190609:0706,67.93,102.25,21.21,25.62,3.31,0.0
20190609:0806,286.39,376.55,34.96,26.36,2.97,0.0
20190609:0906,304.56,398.51,48.44,26.81,2.76,0.0
20190609:1006,396.85,518.38,61.11,27.14,2.83,0.0
20190609:1106,163.19,221.91,71.12,27.66,3.24,0.0
20190609:1206,154.62,210.07,72.82,26.53,3.45,0.0
20190609:1306,239.73,316.12,64.48,26.76,3.52,0.0
20190609:1406,186.83,250.24,52.28,26.87,3.52,0.0
20190609:1506,295.72,385.38,38.96,26.18,3.38,0.0
20190609:1606,41.86,69.04,25.25,26.12,3.24,0.0
20190609:1706,11.88,27.61,11.45,25.98,3.52,0.0
20190609:1806,0.0,0.0,0.0,25.81,3.59,0.0
20190609:1906,0.0,0.0,0.0,25.94,3.38,0.0
20190609:2006,0.0,0.0,0.0,25.93,3.1,0.0
20190609:2106,0.0,0.0,0.0,25.74,3.1,0.0
20190609:2206,0.0,0.0,0.0,25.42,2.97,0.0
20190609:2306,0.0,0.0,0.0,25.35,2.76,0.0
20190610:0006,0.0,0.0,0.0,25.2,2.69,0.0
20190610:0106,0.0,0.0,0.0,25.13,2.69,0.0
20190610:0206,0.0,0.0,0.0,25.08,2.69,0.0
20190610:0306,0.0,0.0,0.0,25.06,2.76,0.0
20190610:0406,0.0,0.0,0.0,24.92,2.83,0.0
20190610:0506,0.0,0.0,0.0,24.84,2.9,0.0
20190610:0606,20.35,40.53,7.36,24.96,2.97,0.0
20190610:0706,19.3,38.46,21.16,25.66,3.1,0.0
20190610:0806,48.64,77.91,34.91,26.41,3.52,0.0
20190610:0906,42.5,70.02,48.38,26.68,3.59,0.0
20190610:1006,95.41,137.09,61.03,26.99,3.79,0.0
20190610:1106,89.08,129.2,71.03,26.95,3.66,0.0
20190610:1206,103.18,146.95,72.76,27.33,3.79,0.0
20190610:1306,150.05,205.14,64.47,27.68,4.28,0.0
20190610:1406,138.76,190.35,52.3,26.82,4.55,0.0
20190610:1506,321.16,416.52,38.99,26.91,4.76,0.0
20190610:1606,177.16,244.34,25.29,26.79,4.21,0.0
20190610:1706,41.0,70.01,11.49,26.62,4.41,0.0
20190610:1806,0.0,0.0,0.0,26.44,4.41,0.0
20190610:1906,0.0,0.0,0.0,26.33,3.59,0.0
20190610:2006,0.0,0.0,0.0,26.23,3.38,0.0
20190610:2106,0.0,0.0,0.0,26.08,3.1,0.0
20190610:2206,0.0,0.0,0.0,25.97,3.17,0.0
20190610:2306,0.0,0.0,0.0,25.86,3.24,0.0
20190611:0006,0.0,0.0,0.0,25.74,3.1,0.0
20190611:0106,0.0,0.0,0.0,25.65,3.03,0.0
20190611:0206,0.0,0.0,0.0,25.44,3.03,0.0
20190611:0306,0.0,0.0,0.0,25.25,2.97,0.0
20190611:0406,0.0,0.0,0.0,25.14,2.97,0.0
20190611:0506,0.0,0.0,0.0,25.09,2.9,0.0
20190611:0606,21.24,42.45,7.32,25.11,2.55,0.0
20190611:0706,132.59,189.58,21.11,25.83,3.24,0.0
20190611:0806,90.95,131.17,34.85,26.35,3.79,0.0
20190611:0906,230.15,303.62,48.31,26.9,4.0,0.0
20190611:1006,64.46,98.62,60.96,27.74,3.72,0.0
20190611:1106,203.31,272.2,70.94,28.03,3.59,0.0
20190611:1206,567.15,743.3,72.7,28.3,3.66,0.0
20190611:1306,565.49,737.49,64.46,28.57,3.93,0.0
20190611:1406,424.91,552.04,52.31,28.79,4.41,0.0
20190611:1506,375.56,487.98,39.02,28.31,4.97,0.0
20190611:1606,201.56,283.23,25.33,27.81,5.31,0.0
20190611:1706,48.65,85.61,11.54,27.24,5.31,0.0
20190611:1806,0.0,0.0,0.0,26.74,4.55,0.0
20190611:1906,0.0,0.0,0.0,26.37,4.0,0.0
20190611:2006,0.0,0.0,0.0,26.17,3.72,0.0
20190611:2106,0.0,0.0,0.0,26.08,3.52,0.0
20190611:2206,0.0,0.0,0.0,26.0,3.31,0.0
20190611:2306,0.0,0.0,0.0,25.85,3.24,0.0
20190612:0006,0.0,0.0,0.0,25.74,3.31,0.0
20190612:0106,0.0,0.0,0.0,25.64,3.31,0.0
20190612:0206,0.0,0.0,0.0,25.52,3.38,0.0
20190612:0306,0.0,0.0,0.0,25.35,3.17,0.0
20190612:0406,0.0,0.0,0.0,25.21,2.83,0.0
20190612:0506,0.0,0.0,0.0,25.04,2.28,0.0
20190612:0606,0.03,5.92,7.28,24.97,2.21,0.0
20190612:0706,125.41,178.61,21.06,25.68,2.76,0.0
20190612:0806,0.0,0.0,0.0,26.35,2.62,0.0
20190612:0906,167.17,226.69,48.25,27.04,2.48,0.0
20190612:1006,191.19,256.42,60.88,26.77,2.48,0.0
20190612:1106,281.64,369.58,70.86,26.28,2.62,0.0
20190612:1206,382.32,497.3,72.65,26.91,3.72,0.0
20190612:1306,340.4,442.93,64.46,27.19,4.14,0.0
20190612:1406,200.02,266.86,52.33,27.62,4.48,0.0
20190612:1506,335.34,435.97,39.05,27.57,4.62,0.0
20190612:1606,182.18,251.46,25.37,27.08,4.55,0.0
20190612:1706,48.24,83.51,11.59,26.93,4.34,0.0
20190612:1806,0.0,0.0,0.0,26.62,3.79,0.0
20190612:1906,0.0,0.0,0.0,26.35,3.86,0.0
20190612:2006,0.0,0.0,0.0,26.17,3.66,0.0
20190612:2106,0.0,0.0,0.0,26.05,3.66,0.0
20190612:2206,0.0,0.0,0.0,26.04,3.59,0.0
20190612:2306,0.0,0.0,0.0,25.94,3.66,0.0
20190613:0006,0.0,0.0,0.0,25.89,3.59,0.0
20190613:0106,0.0,0.0,0.0,25.79,3.38,0.0
20190613:0206,0.0,0.0,0.0,25.68,3.24,0.0
20190613:0306,0.0,0.0,0.0,25.58,3.17,0.0
20190613:0406,0.0,0.0,0.0,25.49,3.24,0.0
20190613:0506,0.0,0.0,0.0,25.4,3.1,0.0
20190613:0606,20.85,43.9,7.24,25.37,2.83,0.0
20190613:0706,142.42,208.0,21.02,25.51,3.03,0.0
20190613:0806,318.27,417.6,34.74,26.17,3.31,0.0
20190613:0906,365.96,475.9,48.19,26.98,3.1,0.0
20190613:1006,416.94,546.55,60.81,27.73,2.69,0.0
20190613:1106,492.02,647.24,70.79,28.23,2.97,0.0
20190613:1206,267.2,353.28,72.61,27.94,3.1,0.0
20190613:1306,424.66,553.08,64.46,26.55,2.9,0.0
20190613:1406,442.0,570.91,52.35,26.8,3.59,0.0
20190613:1506,75.69,112.43,39.08,26.99,4.0,0.0
20190613:1606,198.73,278.58,25.42,27.38,4.62,0.0
20190613:1706,48.85,84.14,11.64,27.28,4.48,0.0
20190613:1806,0.0,0.0,0.0,26.83,4.0,0.0
20190613:1906,0.0,0.0,0.0,26.38,3.38,0.0
20190613:2006,0.0,0.0,0.0,26.32,3.1,0.0
20190613:2106,0.0,0.0,0.0,26.18,2.83,0.0
20190613:2206,0.0,0.0,0.0,25.97,2.28,0.0
20190613:2306,0.0,0.0,0.0,25.67,2.34,0.0
20190614:0006,0.0,0.0,0.0,25.39,2.62,0.0
20190614:0106,0.0,0.0,0.0,25.29,2.83,0.0
20190614:0206,0.0,0.0,0.0,25.13,2.34,0.0
20190614:0306,0.0,0.0,0.0,24.88,1.93,0.0
20190614:0406,0.0,0.0,0.0,24.83,1.79,0.0
20190614:0506,0.0,0.0,0.0,24.79,1.52,0.0
20190614:0606,21.34,43.06,7.2,24.8,1.66,0.0
20190614:0706,128.09,183.81,20.97,24.85,0.76,0.0
20190614:0806,255.56,341.29,34.69,25.34,0.21,0.0
20190614:0906,41.85,69.04,48.13,25.6,0.9,0.0
20190614:1006,46.3,74.95,60.75,26.32,1.93,0.0
20190614:1106,51.62,81.86,70.72,26.56,2.55,0.0
20190614:1206,52.18,82.84,72.57,27.47,3.31,0.0
20190614:1306,164.3,222.89,64.46,27.56,3.79,0.0
20190614:1406,424.05,548.14,52.38,27.64,4.28,0.0
20190614:1506,217.4,288.08,39.12,27.48,4.62,0.0
20190614:1606,112.78,159.23,25.46,27.4,4.97,0.0
20190614:1706,49.48,88.27,11.69,26.76,4.21,0.0
20190614:1806,0.0,0.0,0.0,26.33,4.0,0.0
20190614:1906,0.0,0.0,0.0,25.82,3.66,0.0
20190614:2006,0.0,0.0,0.0,25.79,3.45,0.0
20190614:2106,0.0,0.0,0.0,25.68,2.9,0.0
20190614:2206,0.0,0.0,0.0,25.74,2.69,0.0
20190614:2306,0.0,0.0,0.0,25.65,2.28,0.0
20190615:0006,0.0,0.0,0.0,25.54,2.28,0.0
20190615:0106,0.0,0.0,0.0,25.07,1.59,0.0
20190615:0206,0.0,0.0,0.0,24.85,1.45,0.0
20190615:0306,0.0,0.0,0.0,24.54,1.24,0.0
20190615:0406,0.0,0.0,0.0,24.5,0.97,0.0
20190615:0506,0.0,0.0,0.0,24.59,1.03,0.0
20190615:0606,20.61,43.45,7.15,24.69,1.1,0.0
20190615:0706,141.06,207.75,20.92,24.91,1.1,0.0
20190615:0806,107.07,150.9,34.63,25.23,1.93,0.0
20190615:0906,235.21,309.87,48.07,25.59,2.34,0.0
20190615:1006,46.36,74.95,60.68,25.98,1.66,0.0
20190615:1106,51.73,81.86,70.66,25.7,1.1,0.0
20190615:1206,52.79,82.84,72.54,24.97,2.28,0.0
20190615:1306,48.95,77.91,64.47,24.98,2.48,0.0
20190615:1406,39.74,66.08,52.41,25.4,3.1,0.0
20190615:1506,344.76,445.14,39.16,25.36,3.59,0.0
20190615:1606,197.52,273.7,25.5,25.5,4.07,0.0
20190615:1706,47.98,90.39,11.73,25.54,4.34,0.0
20190615:1806,0.0,0.0,0.0,25.42,3.79,0.0
20190615:1906,0.0,0.0,0.0,25.32,2.34,0.0
20190615:2006,0.0,0.0,0.0,25.29,2.07,0.0
20190615:2106,0.0,0.0,0.0,25.3,2.21,0.0
20190615:2206,0.0,0.0,0.0,25.15,2.48,0.0
20190615:2306,0.0,0.0,0.0,25.03,2.62,0.0
20190616:0006,0.0,0.0,0.0,24.85,2.9,0.0
20190616:0106,0.0,0.0,0.0,24.76,2.97,0.0
20190616:0206,0.0,0.0,0.0,24.74,2.9,0.0
20190616:0306,0.0,0.0,0.0,24.62,2.9,0.0
20190616:0406,0.0,0.0,0.0,24.37,2.76,0.0
20190616:0506,0.0,0.0,0.0,24.3,2.48,0.0
20190616:0606,19.84,42.31,7.11,24.26,2.14,0.0
20190616:0706,129.38,185.18,20.87,25.11,2.62,0.0
20190616:0806,312.35,410.37,34.58,26.09,3.1,0.0
20190616:0906,460.58,594.72,48.01,26.81,3.24,0.0
20190616:1006,495.79,646.31,60.62,27.75,3.31,0.0
20190616:1106,476.32,627.37,70.6,28.4,2.9,0.0
20190616:1206,587.04,778.05,72.52,28.74,2.76,0.0
20190616:1306,392.82,517.94,64.48,29.23,3.1,0.0
20190616:1406,492.71,641.24,52.44,29.02,3.72,0.0
20190616:1506,367.46,479.93,39.2,28.44,4.0,0.0
20190616:1606,197.93,277.85,25.55,28.0,4.07,0.0
20190616:1706,48.67,91.19,11.78,27.65,4.14,0.0
20190616:1806,0.0,0.0,0.0,27.04,3.86,0.0
20190616:1906,0.0,0.0,0.0,26.56,3.38,0.0
20190616:2006,0.0,0.0,0.0,26.36,3.45,0.0
20190616:2106,0.0,0.0,0.0,26.25,3.79,0.0
20190616:2206,0.0,0.0,0.0,26.07,3.66,0.0
20190616:2306,0.0,0.0,0.0,25.98,3.59,0.0
20190617:0006,0.0,0.0,0.0,25.83,3.72,0.0
20190617:0106,0.0,0.0,0.0,25.7,3.66,0.0
20190617:0206,0.0,0.0,0.0,25.56,3.59,0.0
20190617:0306,0.0,0.0,0.0,25.42,3.31,0.0
20190617:0406,0.0,0.0,0.0,25.23,3.1,0.0
20190617:0506,0.0,0.0,0.0,25.15,2.97,0.0
20190617:0606,20.09,42.26,7.06,25.09,2.76,0.0
20190617:0706,143.14,213.13,20.82,25.96,3.52,0.0
20190617:0806,307.85,405.16,34.53,26.91,3.59,0.0
20190617:0906,402.01,521.49,47.96,27.83,3.86,0.0
20190617:1006,297.9,390.88,60.56,28.27,4.21,0.0
20190617:1106,615.08,799.91,70.54,28.4,4.55,0.0
20190617:1206,654.12,850.52,72.5,28.5,4.83,0.0
20190617:1306,597.97,773.12,64.5,28.59,5.03,0.0
20190617:1406,508.37,653.06,52.47,28.31,5.17,0.0
20190617:1506,316.09,411.85,39.24,28.07,5.17,0.0
20190617:1606,202.69,284.25,25.59,27.7,4.9,0.0
20190617:1706,50.96,90.0,11.83,27.21,4.62,0.0
20190617:1806,0.0,0.0,0.0,26.67,4.14,0.0
20190617:1906,0.0,0.0,0.0,26.48,3.52,0.0
20190617:2006,0.0,0.0,0.0,26.3,3.45,0.0
20190617:2106,0.0,0.0,0.0,26.13,3.24,0.0
20190617:2206,0.0,0.0,0.0,25.93,2.97,0.0
20190617:2306,0.0,0.0,0.0,25.79,2.9,0.0
20190618:0006,0.0,0.0,0.0,25.65,2.76,0.0
20190618:0106,0.0,0.0,0.0,25.51,2.55,0.0
20190618:0206,0.0,0.0,0.0,25.46,2.21,0.0
20190618:0306,0.0,0.0,0.0,25.34,2.0,0.0
20190618:0406,0.0,0.0,0.0,25.33,1.72,0.0
20190618:0506,0.0,0.0,0.0,25.15,1.59,0.0
20190618:0606,20.07,41.49,7.02,25.1,1.45,0.0
20190618:0706,123.36,177.45,20.77,25.49,1.1,0.0
20190618:0806,23.43,44.38,34.48,26.06,1.1,0.0
20190618:0906,40.12,67.06,47.9,26.84,1.38,0.0
20190618:1006,46.01,74.95,60.51,27.48,1.72,0.0
20190618:1106,85.93,126.24,70.5,28.28,2.34,0.0
20190618:1206,230.98,308.47,72.49,28.55,2.9,0.0
20190618:1306,480.92,630.04,64.52,28.41,3.31,0.0
20190618:1406,358.87,468.35,52.51,28.07,3.66,0.0
20190618:1506,341.5,446.46,39.28,28.05,3.72,0.0
20190618:1606,206.87,291.39,25.64,27.74,3.86,0.0
20190618:1706,50.49,91.92,11.88,27.32,3.79,0.0
20190618:1806,0.0,0.0,0.0,26.8,3.52,0.0
20190618:1906,0.0,0.0,0.0,26.45,2.83,0.0
20190618:2006,0.0,0.0,0.0,26.18,2.83,0.0
20190618:2106,0.0,0.0,0.0,25.98,2.76,0.0
20190618:2206,0.0,0.0,0.0,25.89,2.62,0.0
20190618:2306,0.0,0.0,0.0,25.82,2.48,0.0
20190619:0006,0.0,0.0,0.0,25.76,2.55,0.0
20190619:0106,0.0,0.0,0.0,25.63,2.69,0.0
20190619:0206,0.0,0.0,0.0,25.58,2.76,0.0
20190619:0306,0.0,0.0,0.0,25.55,2.76,0.0
20190619:0406,0.0,0.0,0.0,25.44,2.69,0.0
20190619:0506,0.0,0.0,0.0,25.44,2.48,0.0
20190619:0606,19.56,41.13,6.97,25.49,2.14,0.0
20190619:0706,139.01,204.33,20.72,26.0,2.9,0.0
20190619:0806,309.92,408.49,34.43,26.72,3.17,0.0
20190619:0906,469.25,608.47,47.85,27.61,3.24,0.0
20190619:1006,591.02,771.93,60.46,28.26,3.45,0.0
20190619:1106,529.69,694.46,70.46,28.79,3.79,0.0
20190619:1206,522.95,684.36,72.48,28.93,4.21,0.0
20190619:1306,464.55,604.87,64.55,28.83,4.62,0.0
20190619:1406,513.33,661.49,52.55,28.7,4.97,0.0
20190619:1506,354.69,461.07,39.32,28.4,5.24,0.0
20190619:1606,203.54,285.29,25.69,28.02,5.31,0.0
20190619:1706,49.72,93.82,11.93,27.42,5.17,0.0
20190619:1806,0.0,0.0,0.0,26.8,4.83,0.0
20190619:1906,0.0,0.0,0.0,26.5,4.14,0.0
20190619:2006,0.0,0.0,0.0,26.26,4.14,0.0
20190619:2106,0.0,0.0,0.0,26.17,4.21,0.0
20190619:2206,0.0,0.0,0.0,26.12,4.28,0.0
20190619:2306,0.0,0.0,0.0,26.09,4.14,0.0
20190620:0006,0.0,0.0,0.0,26.02,3.93,0.0
20190620:0106,0.0,0.0,0.0,25.86,3.86,0.0
20190620:0206,0.0,0.0,0.0,25.79,3.86,0.0
20190620:0306,0.0,0.0,0.0,25.72,3.72,0.0
20190620:0406,0.0,0.0,0.0,25.66,3.45,0.0
20190620:0506,0.0,0.0,0.0,25.49,3.24,0.0
20190620:0606,19.85,40.59,6.92,25.58,3.03,0.0
20190620:0706,141.54,212.15,20.67,25.46,2.34,0.0
20190620:0806,321.03,423.55,34.38,26.01,2.48,0.0
20190620:0906,330.44,431.12,47.8,26.46,2.55,0.0
20190620:1006,51.49,81.86,60.41,27.1,2.83,0.0
20190620:1106,51.51,81.86,70.42,27.12,3.31,0.0
20190620:1206,52.27,82.84,72.49,27.22,3.66,0.0
20190620:1306,48.5,77.91,64.58,26.91,3.17,0.0
20190620:1406,47.13,75.94,52.59,26.22,2.83,0.0
20190620:1506,88.66,128.21,39.37,26.08,3.59,0.0
20190620:1606,129.47,179.62,25.73,26.28,4.21,0.0
20190620:1706,43.47,73.09,11.98,26.2,4.07,0.0
20190620:1806,0.0,0.0,0.0,25.98,4.0,0.0
20190620:1906,0.0,0.0,0.0,25.81,2.97,0.0
20190620:2006,0.0,0.0,0.0,25.67,3.24,0.0
20190620:2106,0.0,0.0,0.0,25.54,3.1,0.0
20190620:2206,0.0,0.0,0.0,25.56,3.24,0.0
20190620:2306,0.0,0.0,0.0,25.47,2.9,0.0
20190621:0006,0.0,0.0,0.0,25.42,2.97,0.0
20190621:0106,0.0,0.0,0.0,25.36,3.1,0.0
20190621:0206,0.0,0.0,0.0,25.28,2.83,0.0
20190621:0306,0.0,0.0,0.0,25.2,2.34,0.0
20190621:0406,0.0,0.0,0.0,25.22,2.48,0.0
20190621:0506,0.0,0.0,0.0,25.1,2.41,0.0
20190621:0606,19.77,39.88,6.87,24.99,2.07,0.0
20190621:0706,131.45,190.36,20.63,25.04,1.86,0.0
20190621:0806,103.79,146.95,34.33,25.33,1.79,0.0
20190621:0906,308.54,404.22,47.75,25.33,1.38,0.0
20190621:1006,51.02,80.87,60.37,25.53,1.24,0.0
20190621:1106,352.53,463.5,70.39,25.97,1.52,0.0
20190621:1206,513.74,673.15,72.49,25.94,2.28,0.0
20190621:1306,344.94,449.12,64.62,26.25,3.03,0.0
20190621:1406,364.1,470.74,52.63,26.21,3.66,0.0
20190621:1506,301.96,392.09,39.42,26.1,3.93,0.0
20190621:1606,197.8,273.63,25.78,26.08,4.07,0.0
20190621:1706,41.81,70.38,12.03,25.95,3.59,0.0
20190621:1806,0.0,0.0,0.0,25.86,3.31,0.0
20190621:1906,0.0,0.0,0.0,25.84,3.1,0.0
20190621:2006,0.0,0.0,0.0,25.79,3.17,0.0
20190621:2106,0.0,0.0,0.0,25.66,3.38,0.0
20190621:2206,0.0,0.0,0.0,25.62,3.52,0.0
20190621:2306,0.0,0.0,0.0,25.51,3.38,0.0
20190622:0006,0.0,0.0,0.0,25.44,3.31,0.0
20190622:0106,0.0,0.0,0.0,25.38,3.31,0.0
20190622:0206,0.0,0.0,0.0,25.35,3.1,0.0
20190622:0306,0.0,0.0,0.0,25.19,2.9,0.0
20190622:0406,0.0,0.0,0.0,25.11,2.62,0.0
20190622:0506,0.0,0.0,0.0,25.0,2.48,0.0
20190622:0606,18.45,37.92,6.82,24.65,2.07,0.0
20190622:0706,143.03,216.27,20.58,25.43,2.41,0.0
20190622:0806,275.42,366.23,34.28,25.76,1.03,0.0
20190622:0906,471.63,617.35,47.71,26.34,1.59,0.0
20190622:1006,479.06,624.7,60.33,26.79,2.69,0.0
20190622:1106,484.98,631.62,70.37,26.75,3.24,0.0
20190622:1206,240.29,317.35,72.51,26.63,2.97,0.0
20190622:1306,540.58,706.33,64.65,26.87,2.76,0.0
20190622:1406,86.74,126.24,52.68,26.81,3.45,0.0
20190622:1506,127.35,176.54,39.46,26.82,3.72,0.0
20190622:1606,156.2,214.91,25.83,26.66,3.38,0.0
20190622:1706,51.04,86.92,12.08,26.53,3.38,0.0
20190622:1806,0.0,0.0,0.0,26.24,3.45,0.0
20190622:1906,0.0,0.0,0.0,25.94,3.59,0.0
20190622:2006,0.0,0.0,0.0,25.76,3.45,0.0
20190622:2106,0.0,0.0,0.0,25.64,3.86,0.0
20190622:2206,0.0,0.0,0.0,25.54,4.48,0.0
20190622:2306,0.0,0.0,0.0,25.52,5.45,0.0
20190623:0006,0.0,0.0,0.0,25.57,6.21,0.0
20190623:0106,0.0,0.0,0.0,25.65,5.52,0.0
20190623:0206,0.0,0.0,0.0,25.7,4.28,0.0
20190623:0306,0.0,0.0,0.0,25.61,4.21,0.0
20190623:0406,0.0,0.0,0.0,25.23,3.31,0.0
20190623:0506,0.0,0.0,0.0,25.12,2.34,0.0
20190623:0606,18.17,37.15,6.78,24.61,2.14,0.0
20190623:0706,59.79,91.72,20.53,24.94,2.34,0.0
20190623:0806,324.82,426.93,34.23,25.19,2.55,0.0
20190623:0906,449.08,579.42,47.66,25.46,2.55,0.0
20190623:1006,273.7,357.92,60.29,25.62,2.76,0.0
20190623:1106,283.87,371.41,70.35,25.87,2.76,0.0
20190623:1206,272.34,357.1,72.53,26.09,2.83,0.0
20190623:1306,389.82,505.64,64.7,26.24,3.38,0.0
20190623:1406,296.63,385.13,52.72,25.89,3.79,0.0
20190623:1506,382.72,494.06,39.51,26.16,3.93,0.0
20190623:1606,205.61,285.34,25.88,26.24,4.48,0.0
20190623:1706,50.62,97.39,12.13,26.11,4.62,0.0
20190623:1806,0.0,0.0,0.0,25.72,4.28,0.0
20190623:1906,0.0,0.0,0.0,25.83,3.59,0.0
20190623:2006,0.0,0.0,0.0,25.7,3.52,0.0
20190623:2106,0.0,0.0,0.0,25.61,3.52,0.0
20190623:2206,0.0,0.0,0.0,25.51,3.66,0.0
20190623:2306,0.0,0.0,0.0,25.32,3.72,0.0
20190624:0006,0.0,0.0,0.0,25.17,3.66,0.0
20190624:0106,0.0,0.0,0.0,25.16,3.72,0.0
20190624:0206,0.0,0.0,0.0,25.03,3.72,0.0
20190624:0306,0.0,0.0,0.0,24.81,3.59,0.0
20190624:0406,0.0,0.0,0.0,24.61,3.24,0.0
20190624:0506,0.0,0.0,0.0,24.32,2.76,0.0
20190624:0606,19.64,39.58,6.73,24.28,2.34,0.0
20190624:0706,127.51,183.58,20.48,25.2,3.86,0.0
20190624:0806,223.41,294.96,34.19,25.72,3.45,0.0
20190624:0906,387.01,499.99,47.62,26.2,3.31,0.0
20190624:1006,394.01,511.18,60.25,26.61,3.45,0.0
20190624:1106,356.22,463.5,70.33,27.0,3.86,0.0
20190624:1206,544.4,705.87,72.56,27.15,4.21,0.0
20190624:1306,48.81,77.91,64.75,25.83,4.07,0.0
20190624:1406,40.41,67.06,52.78,26.09,5.1,0.0
20190624:1506,28.52,51.28,39.56,26.2,5.66,0.0
20190624:1606,27.77,50.3,25.93,26.33,5.66,0.0
20190624:1706,8.12,21.7,12.17,26.07,5.1,0.0
20190624:1806,0.0,0.0,0.0,25.71,4.76,0.0
20190624:1906,0.0,0.0,0.0,25.01,3.93,0.0
20190624:2006,0.0,0.0,0.0,24.94,4.41,0.0
20190624:2106,0.0,0.0,0.0,24.93,4.83,0.0
20190624:2206,0.0,0.0,0.0,25.01,4.9,0.0
20190624:2306,0.0,0.0,0.0,25.01,4.34,0.0
20190625:0006,0.0,0.0,0.0,25.01,3.24,0.0
20190625:0106,0.0,0.0,0.0,24.7,2.34,0.0
20190625:0206,0.0,0.0,0.0,24.14,1.45,0.0
20190625:0306,0.0,0.0,0.0,23.95,1.38,0.0
20190625:0406,0.0,0.0,0.0,23.99,1.31,0.0
20190625:0506,0.0,0.0,0.0,23.8,0.69,0.0
20190625:0606,11.9,27.57,6.68,24.11,0.41,0.0
20190625:0706,124.77,179.49,20.43,24.81,2.41,0.0
20190625:0806,228.85,301.87,34.14,25.03,2.55,0.0
20190625:0906,174.33,233.44,47.58,25.51,3.24,0.0
20190625:1006,538.08,692.48,60.22,25.73,3.52,0.0
20190625:1106,136.19,186.4,70.33,25.58,3.79,0.0
20190625:1206,52.64,82.84,72.59,25.99,4.48,0.0
20190625:1306,424.26,544.49,64.8,25.4,4.34,0.0
20190625:1406,40.59,67.06,52.83,25.06,3.86,0.0
20190625:1506,28.69,51.28,39.61,24.82,3.17,0.0
20190625:1606,214.48,297.27,25.98,24.86,3.38,0.0
20190625:1706,53.36,94.72,12.22,25.12,3.59,0.0
20190625:1806,0.0,0.0,0.0,25.17,3.66,0.0
20190625:1906,0.0,0.0,0.0,24.86,3.1,0.0
20190625:2006,0.0,0.0,0.0,24.82,3.31,0.0
20190625:2106,0.0,0.0,0.0,24.88,3.31,0.0
20190625:2206,0.0,0.0,0.0,24.81,3.38,0.0
20190625:2306,0.0,0.0,0.0,24.83,3.31,0.0
20190626:0006,0.0,0.0,0.0,24.79,3.24,0.0
20190626:0106,0.0,0.0,0.0,24.73,3.17,0.0
20190626:0206,0.0,0.0,0.0,24.64,3.24,0.0
20190626:0306,0.0,0.0,0.0,24.53,3.31,0.0
20190626:0406,0.0,0.0,0.0,24.63,3.24,0.0
20190626:0506,0.0,0.0,0.0,24.55,2.69,0.0
20190626:0606,13.18,29.52,6.63,24.59,2.07,0.0
20190626:0706,9.42,23.67,20.39,24.59,1.72,0.0
20190626:0806,55.08,85.8,34.1,24.78,1.24,0.0
20190626:0906,35.98,61.15,47.55,25.02,1.03,0.0
20190626:1006,45.72,73.97,60.2,25.3,1.1,0.0
20190626:1106,51.79,81.86,70.33,25.44,0.97,0.0
20190626:1206,52.48,82.84,72.63,25.69,0.9,0.0
20190626:1306,48.65,77.91,64.85,25.83,1.17,0.0
20190626:1406,53.31,83.83,52.88,25.76,1.72,0.0
20190626:1506,41.06,68.05,39.67,26.15,2.28,0.0
20190626:1606,36.63,62.13,26.03,25.99,3.31,0.0
20190626:1706,20.69,40.44,12.27,25.75,3.59,0.0
20190626:1806,0.0,0.0,0.0,25.41,3.52,0.0
20190626:1906,0.0,0.0,0.0,24.97,2.62,0.0
20190626:2006,0.0,0.0,0.0,24.9,3.24,0.0
20190626:2106,0.0,0.0,0.0,24.88,3.59,0.0
20190626:2206,0.0,0.0,0.0,24.84,3.66,0.0
20190626:2306,0.0,0.0,0.0,24.76,3.52,0.0
20190627:0006,0.0,0.0,0.0,24.56,3.38,0.0
20190627:0106,0.0,0.0,0.0,24.47,2.83,0.0
20190627:0206,0.0,0.0,0.0,24.35,2.55,0.0
20190627:0306,0.0,0.0,0.0,24.32,2.62,0.0
20190627:0406,0.0,0.0,0.0,24.19,2.48,0.0
20190627:0506,0.0,0.0,0.0,24.13,2.21,0.0
20190627:0606,18.96,38.84,6.58,24.07,1.93,0.0
20190627:0706,101.58,145.44,20.34,24.19,2.69,0.0
20190627:0806,233.58,306.47,34.06,24.73,3.38,0.0
20190627:0906,56.6,87.78,47.51,25.57,3.93,0.0
20190627:1006,61.93,94.68,60.18,26.06,4.41,0.0
20190627:1106,462.73,596.17,70.33,26.38,4.62,0.0
20190627:1206,123.47,171.61,72.68,26.94,4.55,0.0
20190627:1306,592.59,765.26,64.91,27.12,4.21,0.0
20190627:1406,393.09,508.07,52.94,26.64,3.79,0.0
20190627:1506,232.47,305.36,39.72,26.32,4.34,0.0
20190627:1606,194.92,265.68,26.08,25.31,4.76,0.0
20190627:1706,52.78,100.42,12.31,24.99,4.0,0.0
20190627:1806,0.0,0.0,0.0,24.84,4.21,0.0
20190627:1906,0.0,0.0,0.0,24.8,2.55,0.0
20190627:2006,0.0,0.0,0.0,24.82,2.41,0.0
20190627:2106,0.0,0.0,0.0,24.72,2.83,0.0
20190627:2206,0.0,0.0,0.0,24.81,2.76,0.0
20190627:2306,0.0,0.0,0.0,24.82,2.97,0.0
20190628:0006,0.0,0.0,0.0,24.74,2.97,0.0
20190628:0106,0.0,0.0,0.0,24.5,3.03,0.0
20190628:0206,0.0,0.0,0.0,24.44,2.76,0.0
20190628:0306,0.0,0.0,0.0,24.34,2.28,0.0
20190628:0406,0.0,0.0,0.0,24.12,2.0,0.0
20190628:0506,0.0,0.0,0.0,24.13,1.93,0.0
20190628:0606,17.49,37.14,6.53,24.2,2.0,0.0
20190628:0706,20.16,39.45,20.3,24.1,2.34,0.0
20190628:0806,22.98,43.39,34.02,24.19,2.41,0.0
20190628:0906,36.2,61.15,47.48,24.11,2.34,0.0
20190628:1006,46.07,73.97,60.16,24.16,2.28,0.0
20190628:1106,52.15,81.86,70.34,24.51,2.34,0.0
20190628:1206,52.99,82.84,72.73,24.42,2.97,0.0
20190628:1306,111.95,155.83,64.97,24.36,3.66,0.0
20190628:1406,154.71,208.1,53.0,24.45,3.72,0.0
20190628:1506,339.87,436.99,39.77,24.6,3.66,0.0
20190628:1606,141.82,194.22,26.13,24.72,3.24,0.0
20190628:1706,43.67,72.48,12.36,24.73,2.62,0.0
20190628:1806,0.0,0.0,0.0,24.64,2.55,0.0
20190628:1906,0.0,0.0,0.0,24.74,2.76,0.0
20190628:2006,0.0,0.0,0.0,24.77,2.62,0.0
20190628:2106,0.0,0.0,0.0,24.83,2.62,0.0
20190628:2206,0.0,0.0,0.0,24.81,2.62,0.0
20190628:2306,0.0,0.0,0.0,24.74,2.41,0.0
20190629:0006,0.0,0.0,0.0,24.64,2.34,0.0
20190629:0106,0.0,0.0,0.0,24.42,2.21,0.0
20190629:0206,0.0,0.0,0.0,24.24,2.0,0.0
20190629:0306,0.0,0.0,0.0,23.96,1.79,0.0
20190629:0406,0.0,0.0,0.0,23.75,1.72,0.0
20190629:0506,0.0,0.0,0.0,23.59,1.72,0.0
20190629:0606,16.87,36.12,6.48,23.67,1.66,0.0
20190629:0706,127.11,184.03,20.25,24.77,2.21,0.0
20190629:0806,272.0,359.02,33.98,25.44,2.0,0.0
20190629:0906,337.06,441.44,47.45,26.17,1.72,0.0
20190629:1006,363.7,478.58,60.14,26.69,1.66,0.0
20190629:1106,542.88,718.55,70.36,26.8,1.86,0.0
20190629:1206,484.17,638.18,72.79,27.52,2.41,0.0
20190629:1306,555.37,727.57,65.04,27.68,2.97,0.0
20190629:1406,514.73,668.53,53.06,27.69,3.17,0.0
20190629:1506,341.86,446.2,39.83,27.53,3.45,0.0
20190629:1606,195.57,269.56,26.18,27.22,3.72,0.0
20190629:1706,54.76,99.4,12.4,26.73,3.86,0.0
20190629:1806,0.0,0.0,0.0,26.14,3.72,0.0
20190629:1906,0.0,0.0,0.0,25.65,3.17,0.0
20190629:2006,0.0,0.0,0.0,25.4,3.03,0.0
20190629:2106,0.0,0.0,0.0,25.25,2.83,0.0
20190629:2206,0.0,0.0,0.0,25.16,2.83,0.0
20190629:2306,0.0,0.0,0.0,25.02,2.97,0.0
20190630:0006,0.0,0.0,0.0,24.79,3.03,0.0
20190630:0106,0.0,0.0,0.0,24.7,3.1,0.0
20190630:0206,0.0,0.0,0.0,24.56,3.03,0.0
20190630:0306,0.0,0.0,0.0,24.55,2.76,0.0
20190630:0406,0.0,0.0,0.0,24.54,2.48,0.0
20190630:0506,0.0,0.0,0.0,24.54,2.28,0.0
20190630:0606,17.37,36.87,6.43,24.55,2.21,0.0
20190630:0706,75.1,111.4,20.21,25.31,2.97,0.0
20190630:0806,208.63,277.04,33.94,25.93,3.1,0.0
20190630:0906,143.98,197.25,47.42,26.5,2.69,0.0
20190630:1006,45.38,73.97,60.13,27.19,2.76,0.0
20190630:1106,51.58,81.86,70.38,26.65,2.34,0.0
20190630:1206,496.9,650.67,72.86,26.14,2.41,0.0
20190630:1306,523.14,685.47,65.11,26.94,2.55,0.0
20190630:1406,345.42,450.78,53.12,27.21,3.1,0.0
20190630:1506,252.43,332.24,39.88,26.95,3.31,0.0
20190630:1606,201.74,277.25,26.23,26.01,3.52,0.0
20190630:1706,55.06,92.2,12.45,25.8,3.45,0.0
20190630:1806,0.0,0.0,0.0,25.55,3.17,0.0
20190630:1906,0.0,0.0,0.0,25.73,2.97,0.0
20190630:2006,0.0,0.0,0.0,25.6,3.03,0.0
20190630:2106,0.0,0.0,0.0,25.56,3.03,0.0
20190630:2206,0.0,0.0,0.0,25.46,2.9,0.0
20190630:2306,0.0,0.0,0.0,25.37,2.9,0.0
20190701:0006,0.0,0.0,0.0,25.22,2.9,0.0
20190701:0106,0.0,0.0,0.0,25.09,2.97,0.0
20190701:0206,0.0,0.0,0.0,25.01,2.62,0.0
20190701:0306,0.0,0.0,0.0,24.67,2.28,0.0
20190701:0406,0.0,0.0,0.0,24.48,1.79,0.0
20190701:0506,0.0,0.0,0.0,24.08,1.66,0.0
20190701:0606,0.0,4.93,6.38,24.16,1.66,0.0
20190701:0706,58.25,89.75,20.17,24.82,2.07,0.0
20190701:0806,247.27,326.71,33.91,25.48,2.14,0.0
20190701:0906,35.8,61.15,47.4,26.18,2.07,0.0
20190701:1006,45.45,73.97,60.12,26.77,2.34,0.0
20190701:1106,51.42,81.86,70.41,27.39,2.97,0.0
20190701:1206,52.86,83.83,72.93,27.85,3.52,0.0
20190701:1306,49.02,78.9,65.19,28.05,4.07,0.0
20190701:1406,328.48,426.57,53.19,27.13,4.34,0.0
20190701:1506,294.09,382.91,39.94,27.17,4.76,0.0
20190701:1606,206.62,285.28,26.27,27.13,4.9,0.0
20190701:1706,54.18,100.43,12.49,26.54,4.48,0.0
20190701:1806,0.0,0.0,0.0,26.19,4.0,0.0
20190701:1906,0.0,0.0,0.0,25.77,4.14,0.0
20190701:2006,0.0,0.0,0.0,25.62,4.07,0.0
20190701:2106,0.0,0.0,0.0,25.45,3.93,0.0
20190701:2206,0.0,0.0,0.0,25.4,3.38,0.0
20190701:2306,0.0,0.0,0.0,25.25,2.62,0.0
20190702:0006,0.0,0.0,0.0,25.12,2.34,0.0
20190702:0106,0.0,0.0,0.0,25.07,2.48,0.0
20190702:0206,0.0,0.0,0.0,25.02,2.41,0.0
20190702:0306,0.0,0.0,0.0,24.93,2.48,0.0
20190702:0406,0.0,0.0,0.0,24.85,2.62,0.0
20190702:0506,0.0,0.0,0.0,24.91,2.41,0.0
20190702:0606,17.27,36.37,6.33,24.94,2.21,0.0
20190702:0706,0.0,0.0,0.0,25.49,2.48,0.0
20190702:0806,240.18,317.72,33.88,26.54,3.24,0.0
20190702:0906,408.13,529.2,47.37,27.24,3.31,0.0
20190702:1006,338.16,442.21,60.12,27.79,3.59,0.0
20190702:1106,592.59,771.68,70.44,27.81,4.0,0.0
20190702:1206,483.95,630.1,73.01,28.11,4.34,0.0
20190702:1306,603.95,782.13,65.26,28.28,4.62,0.0
20190702:1406,390.22,505.71,53.25,28.2,4.83,0.0
20190702:1506,312.97,408.29,40.0,28.15,4.83,0.0
20190702:1606,204.28,282.47,26.32,27.68,4.62,0.0
20190702:1706,54.62,103.14,12.53,27.18,4.28,0.0
20190702:1806,0.0,0.0,0.0,26.68,4.07,0.0
20190702:1906,0.0,0.0,0.0,26.28,3.66,0.0
20190702:2006,0.0,0.0,0.0,26.13,3.45,0.0
20190702:2106,0.0,0.0,0.0,25.9,3.45,0.0
20190702:2206,0.0,0.0,0.0,25.74,3.45,0.0
20190702:2306,0.0,0.0,0.0,25.61,3.03,0.0
20190703:0006,0.0,0.0,0.0,25.48,2.83,0.0
20190703:0106,0.0,0.0,0.0,25.33,2.83,0.0
20190703:0206,0.0,0.0,0.0,25.31,2.83,0.0
20190703:0306,0.0,0.0,0.0,25.35,2.76,0.0
20190703:0406,0.0,0.0,0.0,25.36,2.69,0.0
20190703:0506,0.0,0.0,0.0,25.23,2.55,0.0
20190703:0606,15.96,34.72,6.28,25.25,2.41,0.0
20190703:0706,0.0,0.0,0.0,25.63,3.79,0.0
20190703:0806,185.52,248.15,33.84,26.28,3.66,0.0
20190703:0906,456.27,587.64,47.35,26.75,3.59,0.0
20190703:1006,386.08,502.22,60.12,27.24,3.59,0.0
20190703:1106,329.1,430.37,70.48,27.48,3.66,0.0
20190703:1206,541.22,706.21,73.09,27.8,3.86,0.0
20190703:1306,369.01,481.36,65.34,27.69,3.79,0.0
20190703:1406,97.89,140.05,53.32,26.79,3.79,0.0
20190703:1506,224.29,296.17,40.05,26.84,4.07,0.0
20190703:1606,190.51,260.55,26.37,26.82,4.07,0.0
20190703:1706,46.7,77.34,12.57,26.51,3.72,0.0
20190703:1806,0.0,0.0,0.0,25.93,3.52,0.0
20190703:1906,0.0,0.0,0.0,25.79,3.17,0.0
20190703:2006,0.0,0.0,0.0,25.68,3.17,0.0
20190703:2106,0.0,0.0,0.0,25.55,3.03,0.0
20190703:2206,0.0,0.0,0.0,25.46,2.9,0.0
20190703:2306,0.0,0.0,0.0,25.38,2.83,0.0
20190704:0006,0.0,0.0,0.0,25.29,2.76,0.0
20190704:0106,0.0,0.0,0.0,25.19,2.83,0.0
20190704:0206,0.0,0.0,0.0,25.06,2.76,0.0
20190704:0306,0.0,0.0,0.0,24.96,2.76,0.0
20190704:0406,0.0,0.0,0.0,24.79,2.76,0.0
20190704:0506,0.0,0.0,0.0,24.62,2.76,0.0
20190704:0606,16.42,34.57,6.24,24.67,2.83,0.0
20190704:0706,65.58,99.27,20.04,25.29,2.48,0.0
20190704:0806,83.07,121.31,33.81,25.74,2.28,0.0
20190704:0906,70.27,105.53,47.34,26.46,2.76,0.0
20190704:1006,60.42,92.71,60.13,25.56,2.83,0.0
20190704:1106,51.9,81.86,70.53,25.66,3.31,0.0
20190704:1206,53.34,83.83,73.18,26.04,3.38,0.0
20190704:1306,49.35,78.9,65.43,26.69,3.79,0.0
20190704:1406,41.17,68.05,53.39,25.79,3.17,0.0
20190704:1506,47.18,75.94,40.11,26.05,2.97,0.0
20190704:1606,78.21,115.39,26.42,26.36,3.17,0.0
20190704:1706,23.46,44.38,12.61,26.1,3.1,0.0
20190704:1806,0.0,0.0,0.0,25.76,2.9,0.0
20190704:1906,0.0,0.0,0.0,25.55,3.17,0.0
20190704:2006,0.0,0.0,0.0,25.44,3.17,0.0
20190704:2106,0.0,0.0,0.0,25.4,3.38,0.0
20190704:2206,0.0,0.0,0.0,25.42,3.24,0.0
20190704:2306,0.0,0.0,0.0,25.19,3.31,0.0
20190705:0006,0.0,0.0,0.0,24.91,2.97,0.0
20190705:0106,0.0,0.0,0.0,24.76,2.76,0.0
20190705:0206,0.0,0.0,0.0,24.58,2.34,0.0
20190705:0306,0.0,0.0,0.0,24.58,2.07,0.0
20190705:0406,0.0,0.0,0.0,24.6,1.86,0.0
20190705:0506,0.0,0.0,0.0,24.66,1.66,0.0
20190705:0606,15.37,32.93,6.19,24.76,1.66,0.0
20190705:0706,79.72,117.6,20.0,25.25,1.72,0.0
20190705:0806,43.39,71.01,33.79,25.81,2.14,0.0
20190705:0906,86.0,125.25,47.32,26.41,2.62,0.0
20190705:1006,63.86,97.64,60.13,27.01,2.9,0.0
20190705:1106,88.06,128.21,70.58,27.25,3.03,0.0
20190705:1206,52.92,83.83,73.28,27.53,3.17,0.0
20190705:1306,69.98,105.53,65.52,27.46,3.45,0.0
20190705:1406,79.58,117.36,53.46,27.02,3.72,0.0
20190705:1506,144.79,198.07,40.17,26.79,3.66,0.0
20190705:1606,176.25,240.49,26.46,26.27,3.45,0.0
20190705:1706,43.43,72.2,12.65,25.9,3.45,0.0
20190705:1806,0.0,0.0,0.0,25.68,3.31,0.0
20190705:1906,0.0,0.0,0.0,25.66,2.28,0.0
20190705:2006,0.0,0.0,0.0,25.58,2.34,0.0
20190705:2106,0.0,0.0,0.0,25.55,2.34,0.0
20190705:2206,0.0,0.0,0.0,25.51,2.48,0.0
20190705:2306,0.0,0.0,0.0,25.41,2.34,0.0
20190706:0006,0.0,0.0,0.0,25.25,2.41,0.0
20190706:0106,0.0,0.0,0.0,25.05,2.69,0.0
20190706:0206,0.0,0.0,0.0,24.83,2.83,0.0
20190706:0306,0.0,0.0,0.0,24.77,2.83,0.0
20190706:0406,0.0,0.0,0.0,24.73,2.69,0.0
20190706:0506,0.0,0.0,0.0,24.63,2.55,0.0
20190706:0606,15.89,33.71,6.14,24.65,2.48,0.0
20190706:0706,135.93,206.13,19.97,24.98,3.52,0.0
20190706:0806,267.84,350.72,33.76,25.63,4.07,0.0
20190706:0906,481.07,617.17,47.31,26.6,4.0,0.0
20190706:1006,131.64,182.46,60.15,27.62,3.79,0.0
20190706:1106,68.95,104.54,70.63,28.19,3.52,0.0
20190706:1206,225.45,300.7,73.38,28.52,3.59,0.0
20190706:1306,123.98,173.58,65.61,28.53,4.07,0.0
20190706:1406,95.71,138.07,53.53,28.18,4.34,0.0
20190706:1506,269.27,352.79,40.22,27.58,4.55,0.0
20190706:1606,163.99,224.42,26.51,27.23,4.62,0.0
20190706:1706,57.62,98.02,12.68,26.58,4.48,0.0
20190706:1806,0.0,0.0,0.0,26.05,4.76,0.0
20190706:1906,0.0,0.0,0.0,25.72,4.69,0.0
20190706:2006,0.0,0.0,0.0,25.5,4.62,0.0
20190706:2106,0.0,0.0,0.0,25.42,4.62,0.0
20190706:2206,0.0,0.0,0.0,25.4,4.69,0.0
20190706:2306,0.0,0.0,0.0,25.31,4.41,0.0
20190707:0006,0.0,0.0,0.0,25.07,3.93,0.0
20190707:0106,0.0,0.0,0.0,24.9,3.66,0.0
20190707:0206,0.0,0.0,0.0,24.83,3.72,0.0
20190707:0306,0.0,0.0,0.0,24.9,3.52,0.0
20190707:0406,0.0,0.0,0.0,24.71,3.45,0.0
20190707:0506,0.0,0.0,0.0,24.61,3.45,0.0
20190707:0606,15.22,32.73,6.09,24.72,2.97,0.0
20190707:0706,104.56,150.24,19.93,25.25,4.28,0.0
20190707:0806,246.99,324.42,33.74,25.89,4.14,0.0
20190707:0906,315.79,409.45,47.3,26.23,3.79,0.0
20190707:1006,321.95,417.81,60.16,26.62,4.34,0.0
20190707:1106,508.68,652.95,70.7,26.46,5.24,0.0
20190707:1206,639.47,821.11,73.49,26.84,5.38,0.0
20190707:1306,561.96,718.87,65.7,27.17,5.93,0.0
20190707:1406,427.97,548.06,53.6,27.33,6.07,0.0
20190707:1506,345.37,444.2,40.28,27.29,6.83,0.0
20190707:1606,174.13,236.95,26.56,27.13,6.41,0.0
20190707:1706,50.18,82.25,12.72,26.72,6.48,0.0
20190707:1806,0.0,0.0,0.0,26.0,5.79,0.0
20190707:1906,0.0,0.0,0.0,25.85,5.45,0.0
20190707:2006,0.0,0.0,0.0,25.49,4.55,0.0
20190707:2106,0.0,0.0,0.0,25.34,4.69,0.0
20190707:2206,0.0,0.0,0.0,25.37,4.97,0.0
20190707:2306,0.0,0.0,0.0,25.35,5.1,0.0
20190708:0006,0.0,0.0,0.0,25.28,5.1,0.0
20190708:0106,0.0,0.0,0.0,25.14,5.17,0.0
20190708:0206,0.0,0.0,0.0,25.0,5.03,0.0
20190708:0306,0.0,0.0,0.0,24.97,5.03,0.0
20190708:0406,0.0,0.0,0.0,25.02,4.48,0.0
20190708:0506,0.0,0.0,0.0,24.79,4.21,0.0
20190708:0606,15.22,32.7,6.05,24.75,4.14,0.0
20190708:0706,124.48,179.91,19.9,24.57,3.52,0.0
20190708:0806,325.11,423.73,33.71,24.66,3.86,0.0
20190708:0906,323.32,416.32,47.3,25.19,4.07,0.0
20190708:1006,310.24,401.11,60.18,25.96,4.83,0.0
20190708:1106,437.09,561.96,70.76,26.47,5.24,0.0
20190708:1206,641.77,822.35,73.61,26.6,5.52,0.0
20190708:1306,643.02,820.6,65.8,26.5,5.66,0.0
20190708:1406,526.39,668.56,53.68,26.78,5.86,0.0
20190708:1506,323.81,416.01,40.34,26.48,6.76,0.0
20190708:1606,205.68,279.62,26.6,26.49,6.62,0.0
20190708:1706,57.12,94.56,12.75,26.33,5.93,0.0
20190708:1806,0.0,0.0,0.0,25.95,4.9,0.0
20190708:1906,0.0,0.0,0.0,25.66,4.34,0.0
20190708:2006,0.0,0.0,0.0,25.37,4.48,0.0
20190708:2106,0.0,0.0,0.0,25.23,4.62,0.0
20190708:2206,0.0,0.0,0.0,24.92,4.48,0.0
20190708:2306,0.0,0.0,0.0,24.75,3.86,0.0
20190709:0006,0.0,0.0,0.0,24.68,3.45,0.0
20190709:0106,0.0,0.0,0.0,24.57,3.66,0.0
20190709:0206,0.0,0.0,0.0,24.49,3.66,0.0
20190709:0306,0.0,0.0,0.0,24.53,3.79,0.0
20190709:0406,0.0,0.0,0.0,24.57,3.59,0.0
20190709:0506,0.0,0.0,0.0,24.54,3.66,0.0
20190709:0606,14.07,30.93,6.01,24.55,3.79,0.0
20190709:0706,125.85,182.83,19.86,24.8,3.79,0.0
20190709:0806,322.42,421.02,33.69,25.35,4.21,0.0
20190709:0906,269.82,351.11,47.29,25.8,4.0,0.0
20190709:1006,190.23,253.47,60.2,26.2,3.93,0.0
20190709:1106,212.95,281.08,70.84,26.25,4.76,0.0
20190709:1206,552.97,708.5,73.73,25.39,4.76,0.0
20190709:1306,432.77,554.95,65.9,24.88,4.07,0.0
20190709:1406,349.63,448.34,53.75,25.11,4.62,0.0
20190709:1506,273.95,354.86,40.39,25.57,4.9,0.0
20190709:1606,176.86,239.61,26.64,26.04,5.24,0.0
20190709:1706,50.45,82.33,12.78,25.79,4.97,0.0
20190709:1806,0.0,0.0,0.0,25.39,4.14,0.0
20190709:1906,0.0,0.0,0.0,25.49,3.79,0.0
20190709:2006,0.0,0.0,0.0,25.38,3.72,0.0
20190709:2106,0.0,0.0,0.0,25.27,3.52,0.0
20190709:2206,0.0,0.0,0.0,25.14,3.59,0.0
20190709:2306,0.0,0.0,0.0,24.94,3.52,0.0
20190710:0006,0.0,0.0,0.0,24.67,3.1,0.0
20190710:0106,0.0,0.0,0.0,24.49,2.9,0.0
20190710:0206,0.0,0.0,0.0,24.37,2.83,0.0
20190710:0306,0.0,0.0,0.0,24.32,2.55,0.0
20190710:0406,0.0,0.0,0.0,24.21,2.55,0.0
20190710:0506,0.0,0.0,0.0,24.21,2.76,0.0
20190710:0606,12.4,28.32,5.96,24.29,2.83,0.0
20190710:0706,119.7,172.82,19.83,25.35,4.28,0.0
20190710:0806,197.1,261.97,33.67,26.15,4.34,0.0
20190710:0906,244.31,321.04,47.29,27.09,4.41,0.0
20190710:1006,157.23,214.02,60.23,27.7,4.34,0.0
20190710:1106,390.9,508.79,70.91,27.98,4.48,0.0
20190710:1206,565.11,734.43,73.85,27.97,4.55,0.0
20190710:1306,408.68,530.76,66.0,27.82,4.48,0.0
20190710:1406,253.31,333.2,53.82,27.94,4.97,0.0
20190710:1506,362.17,466.77,40.45,26.47,4.55,0.0
20190710:1606,221.81,304.79,26.69,26.0,4.14,0.0
20190710:1706,55.43,90.32,12.81,25.64,4.48,0.0
20190710:1806,0.0,0.0,0.0,25.45,4.55,0.0
20190710:1906,0.0,0.0,0.0,25.7,4.48,0.0
20190710:2006,0.0,0.0,0.0,25.47,4.28,0.0
20190710:2106,0.0,0.0,0.0,25.4,4.0,0.0
20190710:2206,0.0,0.0,0.0,25.33,3.93,0.0
20190710:2306,0.0,0.0,0.0,25.22,3.66,0.0
20190711:0006,0.0,0.0,0.0,25.07,3.86,0.0
20190711:0106,0.0,0.0,0.0,24.99,3.93,0.0
20190711:0206,0.0,0.0,0.0,24.97,4.0,0.0
20190711:0306,0.0,0.0,0.0,24.9,4.07,0.0
20190711:0406,0.0,0.0,0.0,24.87,4.0,0.0
20190711:0506,0.0,0.0,0.0,24.81,3.72,0.0
20190711:0606,15.2,32.64,5.92,24.71,3.52,0.0
20190711:0706,98.42,142.0,19.8,25.23,3.31,0.0
20190711:0806,302.48,396.15,33.66,25.66,3.79,0.0
20190711:0906,370.74,478.77,47.3,25.99,3.38,0.0
20190711:1006,389.96,507.3,60.26,26.4,2.9,0.0
20190711:1106,465.72,605.45,71.0,26.58,3.38,0.0
20190711:1206,475.99,618.24,73.99,26.45,3.52,0.0
20190711:1306,408.64,527.51,66.1,25.37,3.45,0.0
20190711:1406,304.87,394.38,53.9,25.35,3.86,0.0
20190711:1506,29.33,52.27,40.51,25.57,4.83,0.0
20190711:1606,39.72,66.08,26.73,25.72,4.55,0.0
20190711:1706,17.93,36.49,12.84,25.67,4.14,0.0
20190711:1806,0.0,0.0,0.0,25.55,4.14,0.0
20190711:1906,0.0,0.0,0.0,24.8,2.62,0.0
20190711:2006,0.0,0.0,0.0,24.54,2.62,0.0
20190711:2106,0.0,0.0,0.0,24.74,3.1,0.0
20190711:2206,0.0,0.0,0.0,24.93,3.38,0.0
20190711:2306,0.0,0.0,0.0,24.93,3.72,0.0
20190712:0006,0.0,0.0,0.0,24.9,3.86,0.0
20190712:0106,0.0,0.0,0.0,24.89,3.59,0.0
20190712:0206,0.0,0.0,0.0,24.66,2.48,0.0
20190712:0306,0.0,0.0,0.0,23.81,1.45,0.0
20190712:0406,0.0,0.0,0.0,23.43,1.03,0.0
20190712:0506,0.0,0.0,0.0,23.25,0.9,0.0
20190712:0606,0.78,7.89,5.88,23.17,1.03,0.0
20190712:0706,25.99,47.34,19.77,23.29,3.24,0.0
20190712:0806,136.0,184.63,33.64,23.39,3.17,0.0
20190712:0906,130.76,178.51,47.3,23.48,2.55,0.0
20190712:1006,116.7,161.74,60.3,23.77,2.0,0.0
20190712:1106,74.94,110.46,71.09,23.88,1.17,0.0
20190712:1206,53.76,83.83,74.12,23.79,0.83,0.0
20190712:1306,63.1,95.67,66.21,23.85,0.9,0.0
20190712:1406,154.04,208.1,53.98,23.88,1.38,0.0
20190712:1506,82.95,120.32,40.56,23.83,1.52,0.0
20190712:1606,95.22,135.62,26.77,23.98,1.79,0.0
20190712:1706,19.45,38.46,12.87,24.16,2.41,0.0
20190712:1806,0.0,0.0,0.0,24.07,2.69,0.0
20190712:1906,0.0,0.0,0.0,24.21,2.97,0.0
20190712:2006,0.0,0.0,0.0,24.23,3.17,0.0
20190712:2106,0.0,0.0,0.0,24.23,3.24,0.0
20190712:2206,0.0,0.0,0.0,24.18,2.97,0.0
20190712:2306,0.0,0.0,0.0,24.25,2.83,0.0
20190713:0006,0.0,0.0,0.0,24.04,2.9,0.0
20190713:0106,0.0,0.0,0.0,23.9,2.9,0.0
20190713:0206,0.0,0.0,0.0,23.89,2.97,0.0
20190713:0306,0.0,0.0,0.0,23.89,2.9,0.0
20190713:0406,0.0,0.0,0.0,23.81,2.62,0.0
20190713:0506,0.0,0.0,0.0,23.76,2.48,0.0
20190713:0606,15.29,32.8,5.84,23.48,2.28,0.0
20190713:0706,112.05,160.99,19.75,24.4,2.14,0.0
20190713:0806,246.82,325.94,33.63,25.3,2.07,0.0
20190713:0906,384.32,499.64,47.31,25.89,2.21,0.0
20190713:1006,466.44,609.56,60.34,26.5,2.34,0.0
20190713:1106,642.5,843.76,71.18,26.83,2.9,0.0
20190713:1206,669.94,874.59,74.27,26.8,3.66,0.0
20190713:1306,621.05,801.39,66.32,26.37,4.07,0.0
20190713:1406,466.57,599.34,54.05,26.45,4.21,0.0
20190713:1506,388.64,499.38,40.62,26.34,4.62,0.0
20190713:1606,223.5,305.15,26.81,25.85,4.62,0.0
20190713:1706,59.42,111.27,12.89,25.63,4.41,0.0
20190713:1806,0.0,0.0,0.0,25.26,3.93,0.0
20190713:1906,0.0,0.0,0.0,25.02,3.1,0.0
20190713:2006,0.0,0.0,0.0,24.96,2.9,0.0
20190713:2106,0.0,0.0,0.0,24.9,2.69,0.0
20190713:2206,0.0,0.0,0.0,24.81,2.34,0.0
20190713:2306,0.0,0.0,0.0,24.75,2.14,0.0
20190714:0006,0.0,0.0,0.0,24.64,2.0,0.0
20190714:0106,0.0,0.0,0.0,24.5,2.0,0.0
20190714:0206,0.0,0.0,0.0,24.35,1.93,0.0
20190714:0306,0.0,0.0,0.0,24.13,1.86,0.0
20190714:0406,0.0,0.0,0.0,23.99,1.93,0.0
20190714:0506,0.0,0.0,0.0,23.81,2.07,0.0
20190714:0606,14.12,31.44,5.8,23.96,2.14,0.0
20190714:0706,129.18,188.98,19.72,24.53,3.17,0.0
20190714:0806,282.8,370.31,33.62,25.19,3.24,0.0
20190714:0906,450.24,581.08,47.32,26.1,2.9,0.0
20190714:1006,530.12,691.79,60.38,27.13,2.83,0.0
20190714:1106,578.17,760.13,71.28,27.65,2.97,0.0
20190714:1206,568.09,744.44,74.42,27.88,3.52,0.0
20190714:1306,641.28,833.67,66.43,27.85,4.21,0.0
20190714:1406,382.64,496.19,54.13,27.96,4.62,0.0
20190714:1506,401.33,518.56,40.67,27.74,4.69,0.0
20190714:1606,170.27,232.03,26.84,27.11,4.62,0.0
20190714:1706,59.79,98.98,12.91,26.45,4.48,0.0
20190714:1806,0.0,0.0,0.0,25.91,4.14,0.0
20190714:1906,0.0,0.0,0.0,25.53,3.52,0.0
20190714:2006,0.0,0.0,0.0,25.4,3.72,0.0
20190714:2106,0.0,0.0,0.0,25.29,3.38,0.0
20190714:2206,0.0,0.0,0.0,25.24,2.97,0.0
20190714:2306,0.0,0.0,0.0,25.13,2.97,0.0
20190715:0006,0.0,0.0,0.0,25.09,3.1,0.0
20190715:0106,0.0,0.0,0.0,25.0,3.17,0.0
20190715:0206,0.0,0.0,0.0,24.95,3.31,0.0
20190715:0306,0.0,0.0,0.0,24.9,3.45,0.0
20190715:0406,0.0,0.0,0.0,24.83,3.52,0.0
20190715:0506,0.0,0.0,0.0,24.77,3.24,0.0
20190715:0606,12.37,28.3,5.76,24.56,3.1,0.0
20190715:0706,94.29,136.27,19.7,24.96,3.79,0.0
20190715:0806,39.79,66.08,33.61,25.3,4.21,0.0
20190715:0906,241.33,314.7,47.33,25.53,4.83,0.0
20190715:1006,294.33,380.83,60.43,25.69,4.83,0.0
20190715:1106,132.93,182.46,71.39,26.04,4.83,0.0
20190715:1206,356.36,460.24,74.57,25.96,4.48,0.0
20190715:1306,437.7,563.01,66.54,25.83,4.34,0.0
20190715:1406,328.11,422.66,54.2,25.74,4.76,0.0
20190715:1506,43.55,71.01,40.72,25.56,4.97,0.0
20190715:1606,42.03,69.04,26.88,25.56,4.97,0.0
20190715:1706,20.04,39.45,12.93,25.38,4.9,0.0
20190715:1806,0.0,0.0,0.0,25.22,4.62,0.0
20190715:1906,0.0,0.0,0.0,24.87,4.07,0.0
20190715:2006,0.0,0.0,0.0,24.77,3.72,0.0
20190715:2106,0.0,0.0,0.0,24.75,3.38,0.0
20190715:2206,0.0,0.0,0.0,24.73,3.17,0.0
20190715:2306,0.0,0.0,0.0,24.71,3.1,0.0
20190716:0006,0.0,0.0,0.0,24.66,2.97,0.0
20190716:0106,0.0,0.0,0.0,24.62,2.9,0.0
20190716:0206,0.0,0.0,0.0,24.45,2.83,0.0
20190716:0306,0.0,0.0,0.0,24.47,2.97,0.0
20190716:0406,0.0,0.0,0.0,24.26,2.83,0.0
20190716:0506,0.0,0.0,0.0,24.01,2.48,0.0
20190716:0606,3.09,12.82,5.72,24.0,2.55,0.0
20190716:0706,47.6,75.94,19.67,24.11,2.07,0.0
20190716:0806,143.36,195.3,33.61,24.96,2.41,0.0
20190716:0906,75.27,111.45,47.35,25.58,2.48,0.0
20190716:1006,46.3,74.95,60.48,26.4,2.41,0.0
20190716:1106,52.31,82.84,71.5,26.83,2.62,0.0
20190716:1206,92.99,134.13,74.73,26.87,3.1,0.0
20190716:1306,220.1,290.84,66.66,26.06,3.31,0.0
20190716:1406,296.18,385.57,54.28,26.46,3.86,0.0
20190716:1506,306.23,398.13,40.77,26.62,3.86,0.0
20190716:1606,153.13,209.5,26.91,26.52,3.79,0.0
20190716:1706,50.18,81.71,12.95,26.21,3.72,0.0
20190716:1806,0.0,0.0,0.0,25.74,3.24,0.0
20190716:1906,0.0,0.0,0.0,25.14,2.34,0.0
20190716:2006,0.0,0.0,0.0,24.97,2.0,0.0
20190716:2106,0.0,0.0,0.0,24.86,2.0,0.0
20190716:2206,0.0,0.0,0.0,24.75,2.28,0.0
20190716:2306,0.0,0.0,0.0,24.62,2.41,0.0
20190717:0006,0.0,0.0,0.0,24.56,2.41,0.0
20190717:0106,0.0,0.0,0.0,24.5,2.41,0.0
20190717:0206,0.0,0.0,0.0,24.36,2.41,0.0
20190717:0306,0.0,0.0,0.0,24.23,2.34,0.0
20190717:0406,0.0,0.0,0.0,24.14,2.41,0.0
20190717:0506,0.0,0.0,0.0,24.06,2.48,0.0
20190717:0606,13.38,30.02,5.69,24.06,2.76,0.0
20190717:0706,133.71,201.27,19.65,24.92,2.62,0.0
20190717:0806,307.34,404.37,33.61,25.88,2.9,0.0
20190717:0906,418.23,544.09,47.37,26.78,2.48,0.0
20190717:1006,567.3,746.54,60.53,27.34,2.21,0.0
20190717:1106,631.41,838.21,71.62,27.85,2.41,0.0
20190717:1206,256.12,339.86,74.9,28.21,2.97,0.0
20190717:1306,594.42,777.84,66.78,28.31,3.59,0.0
20190717:1406,527.85,683.37,54.36,28.36,4.07,0.0
20190717:1506,389.88,504.61,40.83,27.76,4.41,0.0
20190717:1606,212.46,289.51,26.94,27.04,4.48,0.0
20190717:1706,62.36,108.86,12.97,26.45,4.41,0.0
20190717:1806,0.0,0.0,0.0,25.86,4.62,0.0
20190717:1906,0.0,0.0,0.0,25.38,4.14,0.0
20190717:2006,0.0,0.0,0.0,25.09,4.34,0.0
20190717:2106,0.0,0.0,0.0,24.92,4.28,0.0
20190717:2206,0.0,0.0,0.0,24.78,4.14,0.0
20190717:2306,0.0,0.0,0.0,24.73,4.21,0.0
20190718:0006,0.0,0.0,0.0,24.66,4.14,0.0
20190718:0106,0.0,0.0,0.0,24.65,4.34,0.0
20190718:0206,0.0,0.0,0.0,24.59,4.76,0.0
20190718:0306,0.0,0.0,0.0,24.6,4.9,0.0
20190718:0406,0.0,0.0,0.0,24.55,4.76,0.0
20190718:0506,0.0,0.0,0.0,24.48,4.55,0.0
20190718:0606,12.06,28.27,5.65,24.49,4.69,0.0
20190718:0706,85.96,125.25,19.64,25.09,5.24,0.0
20190718:0806,184.62,245.64,33.61,25.81,5.17,0.0
20190718:0906,252.44,329.57,47.39,26.5,5.1,0.0
20190718:1006,238.21,313.07,60.59,27.01,5.1,0.0
20190718:1106,311.43,405.28,71.74,27.43,5.24,0.0
20190718:1206,119.24,166.68,75.07,27.58,5.38,0.0
20190718:1306,205.46,272.2,66.89,26.88,5.45,0.0
20190718:1406,102.38,144.98,54.43,26.32,5.79,0.0
20190718:1506,139.35,190.19,40.87,26.25,5.93,0.0
20190718:1606,216.12,292.47,26.97,26.27,6.07,0.0
20190718:1706,62.37,108.18,12.98,26.12,5.45,0.0
20190718:1806,0.0,0.0,0.0,25.66,5.1,0.0
20190718:1906,0.0,0.0,0.0,25.13,4.76,0.0
20190718:2006,0.0,0.0,0.0,24.93,4.48,0.0
20190718:2106,0.0,0.0,0.0,24.87,4.21,0.0
20190718:2206,0.0,0.0,0.0,24.89,4.07,0.0
20190718:2306,0.0,0.0,0.0,24.88,4.07,0.0
20190719:0006,0.0,0.0,0.0,24.85,4.07,0.0
20190719:0106,0.0,0.0,0.0,24.76,4.28,0.0
20190719:0206,0.0,0.0,0.0,24.58,4.34,0.0
20190719:0306,0.0,0.0,0.0,24.49,4.48,0.0
20190719:0406,0.0,0.0,0.0,24.37,4.21,0.0
20190719:0506,0.0,0.0,0.0,24.43,4.07,0.0
20190719:0606,10.22,25.0,5.62,24.51,4.0,0.0
20190719:0706,61.88,94.37,19.62,25.14,4.48,0.0
20190719:0806,172.86,231.47,33.61,25.96,4.83,0.0
20190719:0906,254.64,332.42,47.41,26.55,5.03,0.0
20190719:1006,162.05,218.95,60.65,26.88,4.9,0.0
20190719:1106,123.12,171.61,71.86,27.57,4.76,0.0
20190719:1206,238.4,314.42,75.25,27.59,4.9,0.0
20190719:1306,381.37,493.72,67.01,27.23,4.83,0.0
20190719:1406,467.86,598.95,54.51,27.14,5.45,0.0
20190719:1506,258.63,337.13,40.92,26.71,5.52,0.0
20190719:1606,218.14,296.46,27.0,26.46,4.76,0.0
20190719:1706,49.46,80.36,12.99,25.84,4.97,0.0
20190719:1806,0.0,0.0,0.0,25.43,4.55,0.0
20190719:1906,0.0,0.0,0.0,25.11,3.59,0.0
20190719:2006,0.0,0.0,0.0,25.03,3.45,0.0
20190719:2106,0.0,0.0,0.0,24.97,2.9,0.0
20190719:2206,0.0,0.0,0.0,24.91,2.83,0.0
20190719:2306,0.0,0.0,0.0,24.79,3.03,0.0
20190720:0006,0.0,0.0,0.0,24.66,3.24,0.0
20190720:0106,0.0,0.0,0.0,24.6,3.59,0.0
20190720:0206,0.0,0.0,0.0,24.41,3.86,0.0
20190720:0306,0.0,0.0,0.0,24.25,4.0,0.0
20190720:0406,0.0,0.0,0.0,24.13,3.66,0.0
20190720:0506,0.0,0.0,0.0,24.26,3.59,0.0
20190720:0606,12.46,28.76,5.59,24.2,3.45,0.0
20190720:0706,76.67,113.13,19.6,24.77,3.72,0.0
20190720:0806,192.35,254.61,33.61,25.25,4.97,0.0
20190720:0906,80.39,117.36,47.44,25.35,5.17,0.0
20190720:1006,80.16,117.36,60.71,25.75,4.41,0.0
20190720:1106,119.14,165.69,72.0,26.11,4.41,0.0
20190720:1206,174.69,233.74,75.43,26.12,4.83,0.0
20190720:1306,408.82,524.45,67.13,25.65,4.9,0.0
20190720:1406,441.37,561.03,54.58,24.91,5.03,0.0
20190720:1506,321.38,413.34,40.97,24.86,4.0,0.0
20190720:1606,127.53,175.94,27.03,25.07,3.59,0.0
20190720:1706,33.33,57.72,13.0,24.83,3.31,0.0
20190720:1806,0.0,0.0,0.0,24.75,3.1,0.0
20190720:1906,0.0,0.0,0.0,24.43,3.66,0.0
20190720:2006,0.0,0.0,0.0,24.37,3.52,0.0
20190720:2106,0.0,0.0,0.0,24.29,3.1,0.0
20190720:2206,0.0,0.0,0.0,24.32,3.03,0.0
20190720:2306,0.0,0.0,0.0,24.39,2.97,0.0
20190721:0006,0.0,0.0,0.0,24.26,3.24,0.0
20190721:0106,0.0,0.0,0.0,24.25,3.31,0.0
20190721:0206,0.0,0.0,0.0,24.22,3.03,0.0
20190721:0306,0.0,0.0,0.0,24.26,2.9,0.0
20190721:0406,0.0,0.0,0.0,24.14,2.83,0.0
20190721:0506,0.0,0.0,0.0,24.0,2.9,0.0
20190721:0606,8.22,21.7,5.56,23.93,2.76,0.0
20190721:0706,126.46,183.51,19.59,24.39,3.38,0.0
20190721:0806,177.48,236.88,33.62,25.21,3.79,0.0
20190721:0906,201.79,267.47,47.47,26.11,4.0,0.0
20190721:1006,468.9,605.71,60.78,26.84,4.07,0.0
20190721:1106,662.38,860.51,72.13,27.25,4.28,0.0
20190721:1206,676.22,880.07,75.61,27.51,4.41,0.0
20190721:1306,629.51,813.88,67.25,27.32,4.48,0.0
20190721:1406,532.13,682.01,54.65,27.14,4.69,0.0
20190721:1506,408.03,525.21,41.01,27.18,4.69,0.0
20190721:1606,230.26,314.26,27.05,26.58,4.62,0.0
20190721:1706,62.42,111.86,13.01,26.28,5.1,0.0
20190721:1806,0.0,0.0,0.0,25.73,4.69,0.0
20190721:1906,0.0,0.0,0.0,25.22,3.86,0.0
20190721:2006,0.0,0.0,0.0,24.97,3.52,0.0
20190721:2106,0.0,0.0,0.0,24.9,3.31,0.0
20190721:2206,0.0,0.0,0.0,24.84,3.17,0.0
20190721:2306,0.0,0.0,0.0,24.75,3.1,0.0
20190722:0006,0.0,0.0,0.0,24.68,3.03,0.0
20190722:0106,0.0,0.0,0.0,24.43,3.1,0.0
20190722:0206,0.0,0.0,0.0,24.17,3.24,0.0
20190722:0306,0.0,0.0,0.0,24.1,3.45,0.0
20190722:0406,0.0,0.0,0.0,24.11,3.59,0.0
20190722:0506,0.0,0.0,0.0,24.06,3.52,0.0
20190722:0606,11.85,27.99,5.53,24.02,3.03,0.0
20190722:0706,128.82,188.19,19.58,24.68,2.83,0.0
20190722:0806,263.71,345.55,33.62,25.37,3.31,0.0
20190722:0906,358.86,465.04,47.5,26.22,3.1,0.0
20190722:1006,585.29,762.66,60.85,27.01,3.03,0.0
20190722:1106,622.63,816.83,72.27,27.24,3.17,0.0
20190722:1206,561.76,735.24,75.81,27.53,3.52,0.0
20190722:1306,605.9,788.5,67.38,27.77,4.0,0.0
20190722:1406,552.32,709.87,54.73,27.17,4.34,0.0
20190722:1506,412.9,531.55,41.06,26.96,4.41,0.0
20190722:1606,233.87,318.37,27.07,26.14,4.55,0.0
20190722:1706,62.97,113.32,13.01,25.69,4.34,0.0
20190722:1806,0.0,0.0,0.0,25.16,3.72,0.0
20190722:1906,0.0,0.0,0.0,25.09,4.0,0.0
20190722:2006,0.0,0.0,0.0,24.84,3.93,0.0
20190722:2106,0.0,0.0,0.0,24.74,3.93,0.0
20190722:2206,0.0,0.0,0.0,24.8,3.79,0.0
20190722:2306,0.0,0.0,0.0,24.69,3.66,0.0
20190723:0006,0.0,0.0,0.0,24.43,3.66,0.0
20190723:0106,0.0,0.0,0.0,24.3,3.66,0.0
20190723:0206,0.0,0.0,0.0,24.25,3.86,0.0
20190723:0306,0.0,0.0,0.0,24.11,3.59,0.0
20190723:0406,0.0,0.0,0.0,23.86,3.45,0.0
20190723:0506,0.0,0.0,0.0,23.61,3.31,0.0
20190723:0606,2.11,10.85,5.5,23.71,2.55,0.0
20190723:0706,74.29,110.21,19.57,24.52,2.55,0.0
20190723:0806,193.88,258.36,33.64,25.38,2.48,0.0
20190723:0906,404.72,522.96,47.54,25.71,2.76,0.0
20190723:1006,232.71,306.3,60.92,25.7,3.03,0.0
20190723:1106,126.64,175.55,72.42,26.32,2.9,0.0
20190723:1206,83.66,122.29,76.0,26.49,3.03,0.0
20190723:1306,237.29,313.33,67.5,27.03,3.66,0.0
20190723:1406,265.5,346.92,54.8,26.56,4.28,0.0
20190723:1506,230.78,303.13,41.1,26.5,4.69,0.0
20190723:1606,163.96,222.47,27.09,26.19,4.69,0.0
20190723:1706,59.16,95.78,13.01,25.79,4.62,0.0
20190723:1806,0.0,0.0,0.0,25.3,4.0,0.0
20190723:1906,0.0,0.0,0.0,25.15,3.38,0.0
20190723:2006,0.0,0.0,0.0,24.98,3.24,0.0
20190723:2106,0.0,0.0,0.0,24.85,3.03,0.0
20190723:2206,0.0,0.0,0.0,24.67,2.9,0.0
20190723:2306,0.0,0.0,0.0,24.56,2.62,0.0
20190724:0006,0.0,0.0,0.0,24.48,2.62,0.0
20190724:0106,0.0,0.0,0.0,24.46,2.48,0.0
20190724:0206,0.0,0.0,0.0,24.25,2.34,0.0
20190724:0306,0.0,0.0,0.0,24.18,2.34,0.0
20190724:0406,0.0,0.0,0.0,24.07,2.28,0.0
20190724:0506,0.0,0.0,0.0,23.98,2.21,0.0
20190724:0606,12.52,28.69,5.48,23.8,2.14,0.0
20190724:0706,99.62,143.57,19.56,24.39,2.28,0.0
20190724:0806,171.27,229.85,33.65,25.01,2.41,0.0
20190724:0906,89.46,129.2,47.58,25.76,2.62,0.0
20190724:1006,93.95,135.12,61.0,26.44,2.9,0.0
20190724:1106,505.32,659.56,72.57,26.96,3.24,0.0
20190724:1206,462.37,603.34,76.2,27.32,3.52,0.0
20190724:1306,604.48,788.27,67.62,27.58,3.66,0.0
20190724:1406,235.5,311.62,54.87,27.66,3.86,0.0
20190724:1506,106.36,150.9,41.14,27.46,4.21,0.0
20190724:1606,236.64,323.49,27.11,26.96,4.28,0.0
20190724:1706,63.54,113.91,13.01,26.45,4.0,0.0
20190724:1806,0.0,0.0,0.0,25.85,3.52,0.0
20190724:1906,0.0,0.0,0.0,25.11,3.17,0.0
20190724:2006,0.0,0.0,0.0,24.89,3.24,0.0
20190724:2106,0.0,0.0,0.0,24.75,3.31,0.0
20190724:2206,0.0,0.0,0.0,24.67,3.66,0.0
20190724:2306,0.0,0.0,0.0,24.6,3.72,0.0
20190725:0006,0.0,0.0,0.0,24.54,3.79,0.0
20190725:0106,0.0,0.0,0.0,24.5,3.72,0.0
20190725:0206,0.0,0.0,0.0,24.46,3.66,0.0
20190725:0306,0.0,0.0,0.0,24.41,3.59,0.0
20190725:0406,0.0,0.0,0.0,24.35,3.38,0.0
20190725:0506,0.0,0.0,0.0,24.26,3.52,0.0
20190725:0606,11.56,27.24,5.45,24.3,3.31,0.0
20190725:0706,97.0,139.66,19.56,24.38,3.59,0.0
20190725:0806,196.78,260.29,33.66,24.79,3.66,0.0
20190725:0906,242.1,316.84,47.62,25.51,3.52,0.0
20190725:1006,94.13,135.12,61.08,26.17,3.24,0.0
20190725:1106,581.47,759.87,72.72,26.71,3.17,0.0
20190725:1206,325.87,426.82,76.41,27.48,3.45,0.0
20190725:1306,134.14,184.43,67.74,25.94,3.1,0.0
20190725:1406,404.86,521.06,54.94,26.07,4.07,0.0
20190725:1506,415.46,531.45,41.18,26.32,4.97,0.0
20190725:1606,205.38,277.24,27.13,26.29,4.48,0.0
20190725:1706,32.42,56.76,13.01,25.94,3.79,0.0
20190725:1806,0.0,0.0,0.0,25.53,4.0,0.0
20190725:1906,0.0,0.0,0.0,25.19,3.31,0.0
20190725:2006,0.0,0.0,0.0,25.0,3.24,0.0
20190725:2106,0.0,0.0,0.0,24.87,3.1,0.0
20190725:2206,0.0,0.0,0.0,24.85,3.31,0.0
20190725:2306,0.0,0.0,0.0,24.78,3.79,0.0
20190726:0006,0.0,0.0,0.0,24.73,4.0,0.0
20190726:0106,0.0,0.0,0.0,24.7,4.0,0.0
20190726:0206,0.0,0.0,0.0,24.64,4.07,0.0
20190726:0306,0.0,0.0,0.0,24.64,4.21,0.0
20190726:0406,0.0,0.0,0.0,24.6,4.0,0.0
20190726:0506,0.0,0.0,0.0,24.54,3.86,0.0
20190726:0606,6.99,19.72,5.43,24.47,3.52,0.0
20190726:0706,130.06,190.34,19.56,24.71,3.17,0.0
20190726:0806,262.38,343.41,33.68,25.14,3.24,0.0
20190726:0906,334.47,432.49,47.66,25.33,3.03,0.0
20190726:1006,228.11,300.4,61.16,25.76,3.24,0.0
20190726:1106,105.97,149.91,72.88,26.46,3.52,0.0
20190726:1206,69.43,104.54,76.62,26.99,4.28,0.0
20190726:1306,94.47,135.12,67.86,25.62,3.72,0.0
20190726:1406,177.26,236.7,55.0,25.58,4.07,0.0
20190726:1506,69.84,104.54,41.21,25.88,4.41,0.0
20190726:1606,87.04,126.03,27.14,25.96,4.62,0.0
20190726:1706,37.2,63.22,13.0,25.61,4.83,0.0
20190726:1806,0.0,0.0,0.0,25.22,4.34,0.0
20190726:1906,0.0,0.0,0.0,24.86,4.0,0.0
20190726:2006,0.0,0.0,0.0,24.64,3.86,0.0
20190726:2106,0.0,0.0,0.0,24.49,3.72,0.0
20190726:2206,0.0,0.0,0.0,24.49,3.93,0.0
20190726:2306,0.0,0.0,0.0,24.52,3.86,0.0
20190727:0006,0.0,0.0,0.0,24.54,3.86,0.0
20190727:0106,0.0,0.0,0.0,24.45,3.79,0.0
20190727:0206,0.0,0.0,0.0,24.33,3.86,0.0
20190727:0306,0.0,0.0,0.0,24.45,4.34,0.0
20190727:0406,0.0,0.0,0.0,24.31,4.14,0.0
20190727:0506,0.0,0.0,0.0,24.22,3.66,0.0
20190727:0606,8.01,21.47,5.41,24.29,3.59,0.0
20190727:0706,8.81,22.68,19.56,24.49,3.24,0.0
20190727:0806,112.92,157.63,33.7,25.05,3.1,0.0
20190727:0906,181.74,242.37,47.71,25.56,3.66,0.0
20190727:1006,178.25,238.67,61.25,26.41,4.34,0.0
20190727:1106,290.66,378.63,73.04,26.84,4.83,0.0
20190727:1206,60.49,92.71,76.83,25.71,4.55,0.0
20190727:1306,106.42,149.91,67.98,25.87,4.28,0.0
20190727:1406,304.63,394.85,55.07,26.65,5.03,0.0
20190727:1506,236.02,308.84,41.24,26.07,4.83,0.0
20190727:1606,190.72,256.2,27.15,25.52,4.83,0.0
20190727:1706,49.77,80.63,12.99,25.46,4.97,0.0
20190727:1806,0.0,0.0,0.0,25.17,4.41,0.0
20190727:1906,0.0,0.0,0.0,25.19,4.48,0.0
20190727:2006,0.0,0.0,0.0,24.98,4.48,0.0
20190727:2106,0.0,0.0,0.0,24.88,4.34,0.0
20190727:2206,0.0,0.0,0.0,24.87,4.14,0.0
20190727:2306,0.0,0.0,0.0,24.76,4.07,0.0
20190728:0006,0.0,0.0,0.0,24.6,4.14,0.0
20190728:0106,0.0,0.0,0.0,24.39,3.86,0.0
20190728:0206,0.0,0.0,0.0,24.34,3.72,0.0
20190728:0306,0.0,0.0,0.0,24.23,3.79,0.0
20190728:0406,0.0,0.0,0.0,24.38,3.59,0.0
20190728:0506,0.0,0.0,0.0,24.41,3.59,0.0
20190728:0606,0.03,5.92,5.4,24.1,3.17,0.0
20190728:0706,8.8,22.68,19.56,24.58,3.66,0.0
20190728:0806,30.14,53.26,33.72,24.97,3.66,0.0
20190728:0906,35.96,61.15,47.76,25.63,3.59,0.0
20190728:1006,47.06,75.94,61.34,26.81,4.55,0.0
20190728:1106,61.32,93.69,73.21,25.39,3.79,0.0
20190728:1206,55.13,85.8,77.05,25.32,4.21,0.0
20190728:1306,200.12,265.3,68.11,26.17,4.48,0.0
20190728:1406,247.26,324.17,55.13,26.87,4.83,0.0
20190728:1506,340.07,437.6,41.27,26.22,4.9,0.0
20190728:1606,152.93,208.15,27.16,25.87,4.28,0.0
20190728:1706,12.57,28.6,12.98,25.48,4.0,0.0
20190728:1806,0.0,0.0,0.0,25.27,4.34,0.0
20190728:1906,0.0,0.0,0.0,25.06,4.14,0.0
20190728:2006,0.0,0.0,0.0,24.92,4.41,0.0
20190728:2106,0.0,0.0,0.0,24.84,4.69,0.0
20190728:2206,0.0,0.0,0.0,24.79,4.62,0.0
20190728:2306,0.0,0.0,0.0,24.8,4.28,0.0
20190729:0006,0.0,0.0,0.0,24.71,4.14,0.0
20190729:0106,0.0,0.0,0.0,24.6,4.07,0.0
20190729:0206,0.0,0.0,0.0,24.5,4.0,0.0
20190729:0306,0.0,0.0,0.0,24.44,3.86,0.0
20190729:0406,0.0,0.0,0.0,24.43,3.79,0.0
20190729:0506,0.0,0.0,0.0,24.43,3.66,0.0
20190729:0606,0.0,3.94,5.38,24.44,3.38,0.0
20190729:0706,38.39,64.11,19.56,24.65,3.31,0.0
20190729:0806,143.96,195.43,33.75,24.85,3.52,0.0
20190729:0906,254.61,332.03,47.81,25.42,3.66,0.0
20190729:1006,230.1,302.39,61.43,25.8,3.79,0.0
20190729:1106,464.54,601.56,73.38,26.36,3.86,0.0
20190729:1206,402.03,521.0,77.27,26.65,4.14,0.0
20190729:1306,552.5,711.36,68.23,25.5,3.93,0.0
20190729:1406,425.47,545.17,55.19,25.34,4.07,0.0
20190729:1506,267.85,347.23,41.3,25.35,4.48,0.0
20190729:1606,82.64,120.32,27.16,25.46,4.14,0.0
20190729:1706,35.5,60.72,12.97,25.38,3.79,0.0
20190729:1806,0.0,0.0,0.0,24.66,3.86,0.0
20190729:1906,0.0,0.0,0.0,25.01,3.66,0.0
20190729:2006,0.0,0.0,0.0,24.93,3.52,0.0
20190729:2106,0.0,0.0,0.0,24.82,3.17,0.0
20190729:2206,0.0,0.0,0.0,24.79,3.1,0.0
20190729:2306,0.0,0.0,0.0,24.64,3.31,0.0
20190730:0006,0.0,0.0,0.0,24.52,3.31,0.0
20190730:0106,0.0,0.0,0.0,24.45,3.45,0.0
20190730:0206,0.0,0.0,0.0,24.53,3.45,0.0
20190730:0306,0.0,0.0,0.0,24.21,3.24,0.0
20190730:0406,0.0,0.0,0.0,24.06,3.03,0.0
20190730:0506,0.0,0.0,0.0,24.07,2.83,0.0
20190730:0606,8.02,21.5,5.37,24.12,2.76,0.0
20190730:0706,133.33,194.59,19.57,24.79,3.45,0.0
20190730:0806,315.65,411.34,33.77,25.27,3.52,0.0
20190730:0906,308.9,400.63,47.86,26.08,3.72,0.0
20190730:1006,449.38,578.58,61.53,26.15,4.21,0.0
20190730:1106,616.56,798.56,73.56,26.81,4.41,0.0
20190730:1206,599.7,777.72,77.5,27.3,4.69,0.0
20190730:1306,589.41,760.03,68.34,27.2,4.97,0.0
20190730:1406,459.21,589.97,55.25,27.25,5.1,0.0
20190730:1506,370.21,475.75,41.33,26.76,5.17,0.0
20190730:1606,206.72,278.2,27.16,26.55,5.31,0.0
20190730:1706,65.09,108.11,12.95,26.09,5.24,0.0
20190730:1806,0.0,0.0,0.0,25.49,4.9,0.0
20190730:1906,0.0,0.0,0.0,24.95,4.14,0.0
20190730:2006,0.0,0.0,0.0,24.84,4.07,0.0
20190730:2106,0.0,0.0,0.0,24.79,3.86,0.0
20190730:2206,0.0,0.0,0.0,24.62,3.72,0.0
20190730:2306,0.0,0.0,0.0,24.46,3.59,0.0
20190731:0006,0.0,0.0,0.0,24.34,3.72,0.0
20190731:0106,0.0,0.0,0.0,24.18,3.52,0.0
20190731:0206,0.0,0.0,0.0,24.22,3.66,0.0
20190731:0306,0.0,0.0,0.0,24.16,3.24,0.0
20190731:0406,0.0,0.0,0.0,24.16,2.9,0.0
20190731:0506,0.0,0.0,0.0,24.2,2.76,0.0
20190731:0606,11.97,28.36,5.35,24.2,2.55,0.0
20190731:0706,61.94,94.41,19.57,24.78,3.17,0.0
20190731:0806,310.38,404.12,33.8,25.46,3.86,0.0
20190731:0906,341.47,441.06,47.91,26.26,4.07,0.0
20190731:1006,401.65,519.31,61.62,26.65,4.14,0.0
20190731:1106,428.14,553.86,73.74,26.8,4.48,0.0
20190731:1206,313.69,407.89,77.73,26.95,4.83,0.0
20190731:1306,554.79,714.48,68.46,27.12,5.17,0.0
20190731:1406,90.7,131.17,55.31,27.26,5.17,0.0
20190731:1506,265.2,346.07,41.35,27.16,5.31,0.0
20190731:1606,202.92,273.08,27.16,26.7,5.45,0.0
20190731:1706,65.41,109.53,12.93,26.23,5.38,0.0
20190731:1806,0.0,0.0,0.0,25.63,5.1,0.0
20190731:1906,0.0,0.0,0.0,25.19,4.21,0.0
20190731:2006,0.0,0.0,0.0,25.06,4.07,0.0
20190731:2106,0.0,0.0,0.0,25.01,3.72,0.0
20190731:2206,0.0,0.0,0.0,24.97,3.59,0.0
20190731:2306,0.0,0.0,0.0,24.92,3.72,0.0
20190801:0006,0.0,0.0,0.0,24.83,3.93,0.0
20190801:0106,0.0,0.0,0.0,24.68,4.14,0.0
20190801:0206,0.0,0.0,0.0,24.55,3.93,0.0
20190801:0306,0.0,0.0,0.0,24.47,3.72,0.0
20190801:0406,0.0,0.0,0.0,24.47,3.66,0.0
20190801:0506,0.0,0.0,0.0,24.48,3.66,0.0
20190801:0606,11.94,28.13,5.34,24.36,3.52,0.0
20190801:0706,135.26,197.53,19.58,24.93,4.21,0.0
20190801:0806,247.02,322.54,33.83,25.4,4.69,0.0
20190801:0906,375.41,480.88,47.97,25.61,4.55,0.0
20190801:1006,227.23,298.56,61.72,26.18,4.76,0.0
20190801:1106,436.95,562.96,73.92,26.53,4.97,0.0
20190801:1206,279.68,364.35,77.96,26.68,5.1,0.0
20190801:1306,544.13,699.64,68.58,26.85,5.17,0.0
20190801:1406,496.65,633.37,55.36,25.8,4.83,0.0
20190801:1506,381.97,488.37,41.37,25.74,4.9,0.0
20190801:1606,216.6,290.05,27.16,25.55,5.52,0.0
20190801:1706,64.42,105.81,12.9,25.46,5.79,0.0
20190801:1806,0.0,0.0,0.0,25.17,5.59,0.0
20190801:1906,0.0,0.0,0.0,24.59,4.9,0.0
20190801:2006,0.0,0.0,0.0,24.48,4.76,0.0
20190801:2106,0.0,0.0,0.0,24.53,4.55,0.0
20190801:2206,0.0,0.0,0.0,24.53,4.28,0.0
20190801:2306,0.0,0.0,0.0,24.5,4.07,0.0
20190802:0006,0.0,0.0,0.0,24.36,3.86,0.0
20190802:0106,0.0,0.0,0.0,24.1,3.79,0.0
20190802:0206,0.0,0.0,0.0,24.08,3.86,0.0
20190802:0306,0.0,0.0,0.0,23.95,3.45,0.0
20190802:0406,0.0,0.0,0.0,23.83,3.31,0.0
20190802:0506,0.0,0.0,0.0,23.77,2.97,0.0
20190802:0606,10.06,24.98,5.34,23.69,2.76,0.0
20190802:0706,35.42,60.16,19.59,24.37,2.9,0.0
20190802:0806,215.95,284.63,33.87,25.01,3.17,0.0
20190802:0906,331.24,428.39,48.03,25.88,3.59,0.0
20190802:1006,280.66,366.32,61.82,26.67,4.21,0.0
20190802:1106,505.83,655.98,74.11,27.37,4.48,0.0
20190802:1206,443.75,573.33,78.2,26.56,4.55,0.0
20190802:1306,632.17,810.89,68.69,25.73,4.69,0.0
20190802:1406,529.42,673.1,55.41,25.64,5.03,0.0
20190802:1506,413.55,526.93,41.39,26.15,5.59,0.0
20190802:1606,230.8,310.35,27.15,26.03,5.38,0.0
20190802:1706,61.21,99.55,12.88,25.76,5.45,0.0
20190802:1806,0.0,0.0,0.0,25.27,5.52,0.0
20190802:1906,0.0,0.0,0.0,24.66,3.93,0.0
20190802:2006,0.0,0.0,0.0,24.6,4.28,0.0
20190802:2106,0.0,0.0,0.0,24.57,4.41,0.0
20190802:2206,0.0,0.0,0.0,24.52,4.28,0.0
20190802:2306,0.0,0.0,0.0,24.51,4.28,0.0
20190803:0006,0.0,0.0,0.0,24.47,4.21,0.0
20190803:0106,0.0,0.0,0.0,24.26,3.93,0.0
20190803:0206,0.0,0.0,0.0,23.9,4.0,0.0
20190803:0306,0.0,0.0,0.0,23.93,3.86,0.0
20190803:0406,0.0,0.0,0.0,23.79,3.79,0.0
20190803:0506,0.0,0.0,0.0,23.69,3.72,0.0
20190803:0606,11.67,27.6,5.33,23.63,3.52,0.0
20190803:0706,76.16,112.35,19.61,24.49,3.66,0.0
20190803:0806,157.16,211.64,33.9,24.96,3.66,0.0
20190803:0906,427.5,548.53,48.09,25.76,3.72,0.0
20190803:1006,507.18,654.19,61.93,26.39,4.0,0.0
20190803:1106,695.82,903.44,74.3,26.42,4.28,0.0
20190803:1206,433.1,559.78,78.44,26.31,4.28,0.0
20190803:1306,346.26,449.15,68.8,26.67,4.28,0.0
20190803:1406,155.06,210.07,55.46,26.31,4.21,0.0
20190803:1506,203.08,269.43,41.4,26.45,3.93,0.0
20190803:1606,151.98,206.88,27.14,25.92,4.41,0.0
20190803:1706,57.53,92.75,12.85,25.59,4.62,0.0
20190803:1806,0.0,0.0,0.0,25.07,4.41,0.0
20190803:1906,0.0,0.0,0.0,24.74,3.86,0.0
20190803:2006,0.0,0.0,0.0,24.59,3.72,0.0
20190803:2106,0.0,0.0,0.0,24.51,3.66,0.0
20190803:2206,0.0,0.0,0.0,24.35,3.59,0.0
20190803:2306,0.0,0.0,0.0,24.27,3.52,0.0
20190804:0006,0.0,0.0,0.0,24.11,3.52,0.0
20190804:0106,0.0,0.0,0.0,24.02,3.45,0.0
20190804:0206,0.0,0.0,0.0,23.86,3.59,0.0
20190804:0306,0.0,0.0,0.0,23.85,3.31,0.0
20190804:0406,0.0,0.0,0.0,23.62,3.1,0.0
20190804:0506,0.0,0.0,0.0,23.68,3.31,0.0
20190804:0606,12.03,28.34,5.33,23.65,3.17,0.0
20190804:0706,135.75,196.07,19.62,24.09,3.31,0.0
20190804:0806,273.35,355.52,33.94,24.75,3.66,0.0
20190804:0906,429.5,550.51,48.16,25.5,3.72,0.0
20190804:1006,276.35,360.73,62.04,26.32,3.93,0.0
20190804:1106,408.04,527.99,74.49,26.53,4.28,0.0
20190804:1206,593.65,768.56,78.68,26.83,4.69,0.0
20190804:1306,573.37,739.02,68.91,26.97,4.97,0.0
20190804:1406,556.99,711.94,55.51,26.89,5.1,0.0
20190804:1506,428.97,548.34,41.41,26.66,5.24,0.0
20190804:1606,243.36,328.56,27.13,26.54,5.38,0.0
20190804:1706,65.99,116.99,12.81,26.02,4.97,0.0
20190804:1806,0.0,0.0,0.0,25.5,4.62,0.0
20190804:1906,0.0,0.0,0.0,25.08,3.86,0.0
20190804:2006,0.0,0.0,0.0,24.86,3.59,0.0
20190804:2106,0.0,0.0,0.0,24.74,3.31,0.0
20190804:2206,0.0,0.0,0.0,24.7,3.17,0.0
20190804:2306,0.0,0.0,0.0,24.61,3.24,0.0
20190805:0006,0.0,0.0,0.0,24.59,3.24,0.0
20190805:0106,0.0,0.0,0.0,24.43,3.38,0.0
20190805:0206,0.0,0.0,0.0,24.33,3.24,0.0
20190805:0306,0.0,0.0,0.0,24.07,3.24,0.0
20190805:0406,0.0,0.0,0.0,23.97,3.24,0.0
20190805:0506,0.0,0.0,0.0,23.95,3.24,0.0
20190805:0606,11.77,28.18,5.32,23.95,3.24,0.0
20190805:0706,140.93,206.2,19.64,24.37,3.93,0.0
20190805:0806,343.91,444.4,33.98,25.14,4.69,0.0
20190805:0906,474.59,603.23,48.23,25.86,5.03,0.0
20190805:1006,462.53,593.1,62.14,26.29,5.03,0.0
20190805:1106,680.64,880.04,74.69,26.44,4.62,0.0
20190805:1206,572.94,738.22,78.93,26.18,4.83,0.0
20190805:1306,310.84,403.67,69.02,26.82,4.97,0.0
20190805:1406,260.15,338.85,55.55,25.85,4.55,0.0
20190805:1506,358.42,459.01,41.42,25.6,4.83,0.0
20190805:1606,59.69,91.72,27.12,25.84,4.9,0.0
20190805:1706,53.28,86.18,12.78,25.65,4.76,0.0
20190805:1806,0.0,0.0,0.0,25.24,4.62,0.0
20190805:1906,0.0,0.0,0.0,24.94,3.72,0.0
20190805:2006,0.0,0.0,0.0,24.81,4.07,0.0
20190805:2106,0.0,0.0,0.0,24.72,4.21,0.0
20190805:2206,0.0,0.0,0.0,24.75,4.14,0.0
20190805:2306,0.0,0.0,0.0,24.69,3.86,0.0
20190806:0006,0.0,0.0,0.0,24.59,3.79,0.0
20190806:0106,0.0,0.0,0.0,24.43,3.72,0.0
20190806:0206,0.0,0.0,0.0,24.25,3.72,0.0
20190806:0306,0.0,0.0,0.0,24.05,3.59,0.0
20190806:0406,0.0,0.0,0.0,24.04,3.45,0.0
20190806:0506,0.0,0.0,0.0,23.96,3.45,0.0
20190806:0606,11.6,28.47,5.32,23.86,3.17,0.0
20190806:0706,126.81,181.53,19.66,24.85,4.34,0.0
20190806:0806,328.21,425.72,34.02,25.56,4.28,0.0
20190806:0906,328.45,424.99,48.29,26.39,4.07,0.0
20190806:1006,158.57,215.0,62.25,26.85,4.0,0.0
20190806:1106,575.48,750.49,74.88,27.41,3.93,0.0
20190806:1206,683.22,893.05,79.18,27.58,4.21,0.0
20190806:1306,650.88,843.39,69.12,27.47,4.62,0.0
20190806:1406,553.81,710.45,55.59,27.39,4.9,0.0
20190806:1506,416.78,534.42,41.43,27.13,5.1,0.0
20190806:1606,239.07,323.08,27.1,26.92,5.17,0.0
20190806:1706,66.27,116.1,12.74,26.31,5.1,0.0
20190806:1806,0.0,0.0,0.0,25.62,4.76,0.0
20190806:1906,0.0,0.0,0.0,25.23,4.28,0.0
20190806:2006,0.0,0.0,0.0,24.98,3.86,0.0
20190806:2106,0.0,0.0,0.0,24.81,3.66,0.0
20190806:2206,0.0,0.0,0.0,24.73,3.66,0.0
20190806:2306,0.0,0.0,0.0,24.58,3.52,0.0
20190807:0006,0.0,0.0,0.0,24.43,3.45,0.0
20190807:0106,0.0,0.0,0.0,24.33,3.52,0.0
20190807:0206,0.0,0.0,0.0,24.21,3.45,0.0
20190807:0306,0.0,0.0,0.0,24.11,3.17,0.0
20190807:0406,0.0,0.0,0.0,24.08,2.97,0.0
20190807:0506,0.0,0.0,0.0,24.03,2.97,0.0
20190807:0606,11.81,28.37,5.33,24.03,2.97,0.0
20190807:0706,138.63,200.15,19.68,24.48,3.52,0.0
20190807:0806,329.27,427.34,34.06,25.46,3.93,0.0
20190807:0906,506.7,651.32,48.36,26.24,3.52,0.0
20190807:1006,470.61,611.79,62.37,26.85,3.31,0.0
20190807:1106,417.92,545.27,75.09,27.24,3.45,0.0
20190807:1206,173.78,234.73,79.43,27.54,3.66,0.0
20190807:1306,619.93,806.35,69.22,27.28,4.07,0.0
20190807:1406,567.76,727.5,55.62,26.7,4.62,0.0
20190807:1506,413.38,528.92,41.43,26.73,5.24,0.0
20190807:1606,247.48,333.8,27.08,26.66,5.45,0.0
20190807:1706,66.49,118.38,12.7,26.35,5.03,0.0
20190807:1806,0.0,0.0,0.0,25.9,4.76,0.0
20190807:1906,0.0,0.0,0.0,25.39,4.41,0.0
20190807:2006,0.0,0.0,0.0,25.22,4.41,0.0
20190807:2106,0.0,0.0,0.0,25.11,4.21,0.0
20190807:2206,0.0,0.0,0.0,25.06,4.21,0.0
20190807:2306,0.0,0.0,0.0,24.95,4.28,0.0
20190808:0006,0.0,0.0,0.0,24.78,4.07,0.0
20190808:0106,0.0,0.0,0.0,24.56,3.79,0.0
20190808:0206,0.0,0.0,0.0,24.38,3.59,0.0
20190808:0306,0.0,0.0,0.0,24.45,3.86,0.0
20190808:0406,0.0,0.0,0.0,24.46,3.86,0.0
20190808:0506,0.0,0.0,0.0,24.45,3.86,0.0
20190808:0606,6.84,19.67,5.33,24.42,3.86,0.0
20190808:0706,78.3,115.15,19.71,24.73,4.14,0.0
20190808:0806,116.32,161.61,34.11,25.11,4.0,0.0
20190808:0906,187.33,249.23,48.44,25.63,3.79,0.0
20190808:1006,272.84,355.98,62.48,26.23,4.07,0.0
20190808:1106,182.31,243.6,75.29,26.44,4.55,0.0
20190808:1206,233.63,305.67,79.68,25.62,4.9,0.0
20190808:1306,402.16,516.23,69.32,25.3,4.55,0.0
20190808:1406,310.76,399.72,55.66,25.12,4.97,0.0
20190808:1506,229.58,299.61,41.43,25.2,4.9,0.0
20190808:1606,160.62,216.84,27.05,25.29,5.03,0.0
20190808:1706,51.78,83.81,12.65,25.05,5.24,0.0
20190808:1806,0.0,0.0,0.0,24.79,5.45,0.0
20190808:1906,0.0,0.0,0.0,24.32,4.21,0.0
20190808:2006,0.0,0.0,0.0,24.37,4.0,0.0
20190808:2106,0.0,0.0,0.0,24.34,3.79,0.0
20190808:2206,0.0,0.0,0.0,24.19,3.72,0.0
20190808:2306,0.0,0.0,0.0,24.17,3.72,0.0
20190809:0006,0.0,0.0,0.0,24.17,4.07,0.0
20190809:0106,0.0,0.0,0.0,23.98,3.86,0.0
20190809:0206,0.0,0.0,0.0,23.74,3.72,0.0
20190809:0306,0.0,0.0,0.0,23.35,3.38,0.0
20190809:0406,0.0,0.0,0.0,23.34,3.24,0.0
20190809:0506,0.0,0.0,0.0,23.14,3.45,0.0
20190809:0606,11.33,27.67,5.34,23.14,3.24,0.0
20190809:0706,122.61,174.13,19.73,24.01,3.79,0.0
20190809:0806,229.24,299.91,34.15,24.49,3.52,0.0
20190809:0906,295.37,382.23,48.51,25.1,3.52,0.0
20190809:1006,75.38,111.45,62.6,25.62,3.59,0.0
20190809:1106,104.74,147.94,75.5,25.93,4.0,0.0
20190809:1206,292.68,378.11,79.94,24.99,4.69,0.0
20190809:1306,335.07,432.51,69.41,25.83,4.69,0.0
20190809:1406,121.73,168.65,55.69,25.98,4.97,0.0
20190809:1506,325.99,420.03,41.42,26.62,5.38,0.0
20190809:1606,206.98,277.07,27.02,26.13,5.86,0.0
20190809:1706,62.59,102.47,12.6,25.33,5.24,0.0
20190809:1806,0.0,0.0,0.0,25.17,4.55,0.0
20190809:1906,0.0,0.0,0.0,25.06,4.14,0.0
20190809:2006,0.0,0.0,0.0,24.92,4.14,0.0
20190809:2106,0.0,0.0,0.0,24.96,4.34,0.0
20190809:2206,0.0,0.0,0.0,24.85,4.28,0.0
20190809:2306,0.0,0.0,0.0,24.76,4.28,0.0
20190810:0006,0.0,0.0,0.0,24.6,4.21,0.0
20190810:0106,0.0,0.0,0.0,24.44,4.14,0.0
20190810:0206,0.0,0.0,0.0,24.27,3.86,0.0
20190810:0306,0.0,0.0,0.0,24.08,3.79,0.0
20190810:0406,0.0,0.0,0.0,23.87,3.59,0.0
20190810:0506,0.0,0.0,0.0,23.85,3.31,0.0
20190810:0606,7.01,19.72,5.34,23.9,3.24,0.0
20190810:0706,56.06,86.79,19.76,24.51,2.76,0.0
20190810:0806,193.06,256.54,34.2,25.06,2.69,0.0
20190810:0906,298.11,387.98,48.59,25.76,2.9,0.0
20190810:1006,605.8,785.03,62.71,26.21,3.45,0.0
20190810:1106,665.19,862.81,75.7,26.41,4.28,0.0
20190810:1206,606.92,784.26,80.19,25.57,4.21,0.0
20190810:1306,612.53,790.87,69.5,26.06,4.21,0.0
20190810:1406,537.57,689.83,55.71,26.63,4.41,0.0
20190810:1506,395.67,506.75,41.42,26.33,4.83,0.0
20190810:1606,250.08,336.77,26.99,26.12,4.69,0.0
20190810:1706,66.89,118.36,12.55,25.73,4.55,0.0
20190810:1806,0.0,0.0,0.0,25.34,4.14,0.0
20190810:1906,0.0,0.0,0.0,25.09,3.79,0.0
20190810:2006,0.0,0.0,0.0,24.82,3.66,0.0
20190810:2106,0.0,0.0,0.0,24.8,3.59,0.0
20190810:2206,0.0,0.0,0.0,24.69,3.66,0.0
20190810:2306,0.0,0.0,0.0,24.53,3.72,0.0
20190811:0006,0.0,0.0,0.0,24.31,3.52,0.0
20190811:0106,0.0,0.0,0.0,24.33,3.66,0.0
20190811:0206,0.0,0.0,0.0,24.05,3.59,0.0
20190811:0306,0.0,0.0,0.0,23.94,3.45,0.0
20190811:0406,0.0,0.0,0.0,23.88,3.59,0.0
20190811:0506,0.0,0.0,0.0,23.85,3.45,0.0
20190811:0606,11.94,28.81,5.35,23.9,3.45,0.0
20190811:0706,150.65,219.89,19.79,24.48,4.07,0.0
20190811:0806,300.32,388.76,34.25,25.13,4.28,0.0
20190811:0906,472.37,602.8,48.66,25.92,4.48,0.0
20190811:1006,603.31,775.06,62.83,26.28,4.55,0.0
20190811:1106,664.11,860.21,75.91,26.98,4.83,0.0
20190811:1206,718.66,932.74,80.45,27.16,5.1,0.0
20190811:1306,659.01,849.78,69.58,27.36,5.31,0.0
20190811:1406,513.65,654.95,55.73,26.54,5.59,0.0
20190811:1506,430.54,548.12,41.4,26.72,6.14,0.0
20190811:1606,249.34,335.36,26.96,26.58,5.79,0.0
20190811:1706,67.05,118.76,12.5,26.16,5.45,0.0
20190811:1806,0.0,0.0,0.0,25.55,4.83,0.0
20190811:1906,0.0,0.0,0.0,25.15,4.28,0.0
20190811:2006,0.0,0.0,0.0,24.99,4.07,0.0
20190811:2106,0.0,0.0,0.0,24.81,4.07,0.0
20190811:2206,0.0,0.0,0.0,24.71,4.21,0.0
20190811:2306,0.0,0.0,0.0,24.62,4.07,0.0
20190812:0006,0.0,0.0,0.0,24.55,4.07,0.0
20190812:0106,0.0,0.0,0.0,24.45,4.21,0.0
20190812:0206,0.0,0.0,0.0,24.4,4.21,0.0
20190812:0306,0.0,0.0,0.0,24.35,4.14,0.0
20190812:0406,0.0,0.0,0.0,24.3,4.21,0.0
20190812:0506,0.0,0.0,0.0,24.25,4.28,0.0
20190812:0606,11.35,28.02,5.37,24.32,4.34,0.0
20190812:0706,131.2,186.75,19.82,24.81,4.48,0.0
20190812:0806,302.61,390.9,34.31,25.57,5.38,0.0
20190812:0906,327.14,421.25,48.74,26.26,5.24,0.0
20190812:1006,649.41,833.1,62.95,26.67,5.17,0.0
20190812:1106,636.98,823.97,76.12,27.04,4.97,0.0
20190812:1206,416.05,538.26,80.7,27.46,5.31,0.0
20190812:1306,387.82,502.0,69.66,27.76,5.52,0.0
20190812:1406,533.28,681.98,55.75,27.33,5.59,0.0
20190812:1506,383.38,491.18,41.39,26.78,5.52,0.0
20190812:1606,228.44,306.09,26.92,26.4,5.72,0.0
20190812:1706,65.88,114.88,12.44,26.08,5.17,0.0
20190812:1806,0.0,0.0,0.0,25.56,4.62,0.0
20190812:1906,0.0,0.0,0.0,25.04,3.86,0.0
20190812:2006,0.0,0.0,0.0,24.86,3.79,0.0
20190812:2106,0.0,0.0,0.0,24.79,3.79,0.0
20190812:2206,0.0,0.0,0.0,24.76,3.86,0.0
20190812:2306,0.0,0.0,0.0,24.63,4.0,0.0
20190813:0006,0.0,0.0,0.0,24.55,4.07,0.0
20190813:0106,0.0,0.0,0.0,24.45,4.34,0.0
20190813:0206,0.0,0.0,0.0,24.36,4.48,0.0
20190813:0306,0.0,0.0,0.0,24.44,4.55,0.0
20190813:0406,0.0,0.0,0.0,24.3,4.28,0.0
20190813:0506,0.0,0.0,0.0,24.26,3.93,0.0
20190813:0606,5.25,16.77,5.38,24.19,3.86,0.0
20190813:0706,111.8,159.08,19.86,24.89,4.07,0.0
20190813:0806,132.9,182.21,34.36,25.57,4.21,0.0
20190813:0906,351.53,452.99,48.82,26.04,4.14,0.0
20190813:1006,64.92,98.62,63.07,26.45,4.28,0.0
20190813:1106,155.69,211.06,76.34,26.76,4.76,0.0
20190813:1206,124.09,171.61,80.96,26.06,4.97,0.0
20190813:1306,228.32,300.74,69.74,26.72,4.76,0.0
20190813:1406,82.92,121.31,55.76,26.89,5.03,0.0
20190813:1506,112.65,157.8,41.37,26.43,5.1,0.0
20190813:1606,124.86,173.11,26.88,26.37,4.97,0.0
20190813:1706,64.28,108.23,12.38,25.99,4.69,0.0
20190813:1806,0.0,0.0,0.0,25.51,4.76,0.0
20190813:1906,0.0,0.0,0.0,25.26,4.0,0.0
20190813:2006,0.0,0.0,0.0,25.14,3.79,0.0
20190813:2106,0.0,0.0,0.0,24.99,3.66,0.0
20190813:2206,0.0,0.0,0.0,24.9,3.59,0.0
20190813:2306,0.0,0.0,0.0,24.81,3.38,0.0
20190814:0006,0.0,0.0,0.0,24.58,3.45,0.0
20190814:0106,0.0,0.0,0.0,24.5,3.66,0.0
20190814:0206,0.0,0.0,0.0,24.34,3.66,0.0
20190814:0306,0.0,0.0,0.0,24.32,3.38,0.0
20190814:0406,0.0,0.0,0.0,24.28,3.24,0.0
20190814:0506,0.0,0.0,0.0,24.28,3.17,0.0
20190814:0606,10.98,26.57,5.4,24.27,3.17,0.0
20190814:0706,159.85,233.68,19.89,24.93,3.45,0.0
20190814:0806,361.61,467.72,34.42,25.67,4.14,0.0
20190814:0906,416.68,534.73,48.9,26.28,4.34,0.0
20190814:1006,606.34,781.62,63.19,26.71,4.48,0.0
20190814:1106,635.96,825.84,76.55,27.13,4.62,0.0
20190814:1206,686.44,893.0,81.21,27.33,4.83,0.0
20190814:1306,544.99,703.93,69.81,27.4,5.1,0.0
20190814:1406,374.44,483.33,55.77,27.36,5.31,0.0
20190814:1506,414.19,530.22,41.35,27.11,5.52,0.0
20190814:1606,250.96,337.74,26.83,26.83,5.66,0.0
20190814:1706,66.3,116.84,12.31,26.21,5.38,0.0
20190814:1806,0.0,0.0,0.0,25.64,4.55,0.0
20190814:1906,0.0,0.0,0.0,25.12,3.72,0.0
20190814:2006,0.0,0.0,0.0,24.93,3.59,0.0
20190814:2106,0.0,0.0,0.0,24.84,3.31,0.0
20190814:2206,0.0,0.0,0.0,24.79,2.83,0.0
20190814:2306,0.0,0.0,0.0,24.73,2.41,0.0
20190815:0006,0.0,0.0,0.0,24.62,2.48,0.0
20190815:0106,0.0,0.0,0.0,24.56,2.69,0.0
20190815:0206,0.0,0.0,0.0,24.39,2.83,0.0
20190815:0306,0.0,0.0,0.0,24.24,2.76,0.0
20190815:0406,0.0,0.0,0.0,24.18,2.41,0.0
20190815:0506,0.0,0.0,0.0,24.06,2.34,0.0
20190815:0606,12.25,30.09,5.41,24.08,2.28,0.0
20190815:0706,153.79,222.98,19.93,24.69,3.31,0.0
20190815:0806,257.67,336.3,34.47,25.48,3.72,0.0
20190815:0906,108.72,152.87,48.98,25.94,3.93,0.0
20190815:1006,543.92,703.04,63.31,26.54,4.0,0.0
20190815:1106,562.32,730.81,76.76,26.89,4.14,0.0
20190815:1206,632.85,825.5,81.47,27.34,4.34,0.0
20190815:1306,645.88,839.0,69.87,27.53,4.55,0.0
20190815:1406,579.64,745.5,55.77,27.58,4.83,0.0
20190815:1506,440.68,562.3,41.32,26.69,5.45,0.0
20190815:1606,218.27,292.48,26.78,26.55,5.45,0.0
20190815:1706,66.08,115.63,12.25,26.16,5.38,0.0
20190815:1806,0.0,0.0,0.0,25.65,4.83,0.0
20190815:1906,0.0,0.0,0.0,25.17,3.59,0.0
20190815:2006,0.0,0.0,0.0,24.95,3.66,0.0
20190815:2106,0.0,0.0,0.0,24.96,3.72,0.0
20190815:2206,0.0,0.0,0.0,24.9,3.66,0.0
20190815:2306,0.0,0.0,0.0,24.81,3.52,0.0
20190816:0006,0.0,0.0,0.0,24.83,3.31,0.0
20190816:0106,0.0,0.0,0.0,24.77,3.24,0.0
20190816:0206,0.0,0.0,0.0,24.62,3.17,0.0
20190816:0306,0.0,0.0,0.0,24.56,3.17,0.0
20190816:0406,0.0,0.0,0.0,24.42,3.38,0.0
20190816:0506,0.0,0.0,0.0,24.36,3.52,0.0
20190816:0606,12.24,31.01,5.43,24.36,3.59,0.0
20190816:0706,147.02,210.72,19.97,25.02,4.28,0.0
20190816:0806,336.38,434.44,34.53,25.89,4.76,0.0
20190816:0906,349.76,450.53,49.07,26.62,4.97,0.0
20190816:1006,401.74,518.89,63.43,27.13,4.9,0.0
20190816:1106,429.0,556.47,76.98,27.77,4.97,0.0
20190816:1206,559.87,724.64,81.72,27.46,5.24,0.0
20190816:1306,346.8,447.45,69.93,26.49,5.45,0.0
20190816:1406,304.23,392.96,55.77,26.56,6.14,0.0
20190816:1506,201.85,267.02,41.29,26.81,6.21,0.0
20190816:1606,210.04,281.32,26.73,26.56,5.86,0.0
20190816:1706,62.6,104.57,12.18,26.23,5.59,0.0
20190816:1806,0.0,0.0,0.0,25.65,5.1,0.0
20190816:1906,0.0,0.0,0.0,25.23,4.14,0.0
20190816:2006,0.0,0.0,0.0,25.07,4.0,0.0
20190816:2106,0.0,0.0,0.0,25.01,3.72,0.0
20190816:2206,0.0,0.0,0.0,24.91,3.52,0.0
20190816:2306,0.0,0.0,0.0,24.85,3.52,0.0
20190817:0006,0.0,0.0,0.0,24.75,3.52,0.0
20190817:0106,0.0,0.0,0.0,24.57,3.52,0.0
20190817:0206,0.0,0.0,0.0,24.52,3.45,0.0
20190817:0306,0.0,0.0,0.0,24.37,3.45,0.0
20190817:0406,0.0,0.0,0.0,24.32,3.45,0.0
20190817:0506,0.0,0.0,0.0,24.27,3.38,0.0
20190817:0606,12.54,31.28,5.46,24.25,3.24,0.0
20190817:0706,148.81,213.1,20.01,24.88,3.38,0.0
20190817:0806,314.84,408.47,34.59,25.83,3.86,0.0
20190817:0906,326.74,424.46,49.15,26.63,3.52,0.0
20190817:1006,557.13,725.45,63.56,27.31,3.59,0.0
20190817:1106,531.29,694.36,77.19,27.84,3.93,0.0
20190817:1206,612.6,799.33,81.97,26.93,4.0,0.0
20190817:1306,464.51,600.96,69.98,26.56,4.14,0.0
20190817:1406,520.45,669.51,55.77,27.28,4.69,0.0
20190817:1506,428.1,548.7,41.26,27.17,5.03,0.0
20190817:1606,247.48,332.45,26.68,26.26,4.97,0.0
20190817:1706,65.24,115.5,12.1,26.08,5.1,0.0
20190817:1806,0.0,0.0,0.0,25.55,4.28,0.0
20190817:1906,0.0,0.0,0.0,25.3,3.72,0.0
20190817:2006,0.0,0.0,0.0,25.09,3.38,0.0
20190817:2106,0.0,0.0,0.0,24.96,3.31,0.0
20190817:2206,0.0,0.0,0.0,24.83,3.24,0.0
20190817:2306,0.0,0.0,0.0,24.72,3.24,0.0
20190818:0006,0.0,0.0,0.0,24.61,3.31,0.0
20190818:0106,0.0,0.0,0.0,24.43,3.31,0.0
20190818:0206,0.0,0.0,0.0,24.29,3.24,0.0
20190818:0306,0.0,0.0,0.0,24.09,3.03,0.0
20190818:0406,0.0,0.0,0.0,24.03,2.76,0.0
20190818:0506,0.0,0.0,0.0,24.0,2.97,0.0
20190818:0606,12.41,29.68,5.48,24.02,2.97,0.0
20190818:0706,157.22,227.02,20.05,24.87,3.24,0.0
20190818:0806,275.47,358.68,34.65,25.65,3.72,0.0
20190818:0906,497.43,639.4,49.24,26.6,3.79,0.0
20190818:1006,584.44,759.15,63.68,27.31,3.93,0.0
20190818:1106,701.85,921.13,77.4,27.79,4.14,0.0
20190818:1206,694.63,906.42,82.21,27.95,4.9,0.0
20190818:1306,664.76,857.82,70.03,27.32,5.31,0.0
20190818:1406,546.79,699.18,55.76,26.77,5.17,0.0
20190818:1506,443.53,564.55,41.22,26.69,5.93,0.0
20190818:1606,250.84,336.99,26.62,26.69,5.72,0.0
20190818:1706,65.74,116.54,12.03,26.26,5.38,0.0
20190818:1806,0.0,0.0,0.0,25.62,4.83,0.0
20190818:1906,0.0,0.0,0.0,25.23,4.14,0.0
20190818:2006,0.0,0.0,0.0,25.06,4.07,0.0
20190818:2106,0.0,0.0,0.0,24.98,4.14,0.0
20190818:2206,0.0,0.0,0.0,24.98,4.14,0.0
20190818:2306,0.0,0.0,0.0,24.86,4.0,0.0
20190819:0006,0.0,0.0,0.0,24.84,3.86,0.0
20190819:0106,0.0,0.0,0.0,24.77,3.79,0.0
20190819:0206,0.0,0.0,0.0,24.6,3.66,0.0
20190819:0306,0.0,0.0,0.0,24.39,3.66,0.0
20190819:0406,0.0,0.0,0.0,24.25,3.45,0.0
20190819:0506,0.0,0.0,0.0,24.0,3.38,0.0
20190819:0606,13.12,31.71,5.51,23.97,3.45,0.0
20190819:0706,133.12,188.38,20.1,24.89,3.45,0.0
20190819:0806,256.38,335.06,34.72,25.62,3.45,0.0
20190819:0906,383.21,493.83,49.32,26.24,3.86,0.0
20190819:1006,373.78,481.16,63.8,25.81,4.55,0.0
20190819:1106,397.82,513.47,77.61,26.33,4.69,0.0
20190819:1206,636.37,821.14,82.45,26.27,5.03,0.0
20190819:1306,471.11,603.34,70.07,25.86,5.31,0.0
20190819:1406,521.77,664.19,55.75,25.75,5.17,0.0
20190819:1506,321.92,413.49,41.18,26.09,5.66,0.0
20190819:1606,197.49,264.47,26.56,26.12,5.72,0.0
20190819:1706,64.45,114.05,11.95,25.78,5.59,0.0
20190819:1806,0.0,0.0,0.0,25.49,4.9,0.0
20190819:1906,0.0,0.0,0.0,25.07,4.21,0.0
20190819:2006,0.0,0.0,0.0,25.03,4.14,0.0
20190819:2106,0.0,0.0,0.0,25.0,4.34,0.0
20190819:2206,0.0,0.0,0.0,24.94,4.28,0.0
20190819:2306,0.0,0.0,0.0,24.8,3.93,0.0
20190820:0006,0.0,0.0,0.0,24.67,3.86,0.0
20190820:0106,0.0,0.0,0.0,24.42,3.79,0.0
20190820:0206,0.0,0.0,0.0,24.21,3.86,0.0
20190820:0306,0.0,0.0,0.0,24.01,3.86,0.0
20190820:0406,0.0,0.0,0.0,23.86,3.45,0.0
20190820:0506,0.0,0.0,0.0,23.8,3.52,0.0
20190820:0606,13.13,30.85,5.53,23.83,3.45,0.0
20190820:0706,104.94,149.33,20.14,24.6,3.52,0.0
20190820:0806,152.65,206.51,34.78,25.42,3.59,0.0
20190820:0906,297.06,386.01,49.41,26.17,3.72,0.0
20190820:1006,252.96,332.04,63.92,26.65,3.93,0.0
20190820:1106,160.93,217.96,77.82,26.99,4.21,0.0
20190820:1206,197.39,263.33,82.69,27.33,4.48,0.0
20190820:1306,392.16,506.13,70.11,26.7,4.97,0.0
20190820:1406,463.93,595.34,55.73,27.01,5.17,0.0
20190820:1506,407.33,522.39,41.13,26.91,4.9,0.0
20190820:1606,240.44,322.84,26.49,26.47,4.97,0.0
20190820:1706,62.65,106.88,11.86,26.02,4.9,0.0
20190820:1806,0.0,0.0,0.0,25.63,4.34,0.0
20190820:1906,0.0,0.0,0.0,25.09,3.45,0.0
20190820:2006,0.0,0.0,0.0,24.96,3.45,0.0
20190820:2106,0.0,0.0,0.0,24.97,3.38,0.0
20190820:2206,0.0,0.0,0.0,24.9,3.24,0.0
20190820:2306,0.0,0.0,0.0,24.8,3.1,0.0
20190821:0006,0.0,0.0,0.0,24.68,3.03,0.0
20190821:0106,0.0,0.0,0.0,24.56,3.03,0.0
20190821:0206,0.0,0.0,0.0,24.45,3.17,0.0
20190821:0306,0.0,0.0,0.0,24.36,3.17,0.0
20190821:0406,0.0,0.0,0.0,24.3,3.17,0.0
20190821:0506,0.0,0.0,0.0,24.22,3.31,0.0
20190821:0606,8.72,22.85,5.56,24.28,3.24,0.0
20190821:0706,134.74,190.1,20.19,24.56,2.97,0.0
20190821:0806,196.65,260.65,34.85,24.96,2.76,0.0
20190821:0906,244.11,320.37,49.49,25.74,2.97,0.0
20190821:1006,332.72,433.79,64.04,26.48,3.1,0.0
20190821:1106,537.14,702.08,78.03,27.03,3.45,0.0
20190821:1206,494.25,645.56,82.92,27.37,3.66,0.0
20190821:1306,505.58,656.72,70.13,26.73,3.72,0.0
20190821:1406,480.53,618.01,55.71,26.64,4.34,0.0
20190821:1506,351.92,453.4,41.08,26.52,4.41,0.0
20190821:1606,186.35,250.96,26.42,26.5,4.83,0.0
20190821:1706,54.13,89.22,11.78,26.08,4.21,0.0
20190821:1806,0.0,0.0,0.0,25.58,3.59,0.0
20190821:1906,0.0,0.0,0.0,25.52,3.52,0.0
20190821:2006,0.0,0.0,0.0,25.31,3.45,0.0
20190821:2106,0.0,0.0,0.0,25.25,3.45,0.0
20190821:2206,0.0,0.0,0.0,25.15,3.59,0.0
20190821:2306,0.0,0.0,0.0,25.04,3.79,0.0
20190822:0006,0.0,0.0,0.0,24.95,3.93,0.0
20190822:0106,0.0,0.0,0.0,24.87,3.66,0.0
20190822:0206,0.0,0.0,0.0,24.85,3.72,0.0
20190822:0306,0.0,0.0,0.0,24.77,3.72,0.0
20190822:0406,0.0,0.0,0.0,24.7,3.79,0.0
20190822:0506,0.0,0.0,0.0,24.58,4.0,0.0
20190822:0606,0.0,4.93,5.59,24.53,4.21,0.0
20190822:0706,113.24,160.15,20.24,24.73,3.79,0.0
20190822:0806,364.63,469.49,34.91,25.35,4.07,0.0
20190822:0906,534.72,685.49,49.58,26.23,3.93,0.0
20190822:1006,594.96,767.87,64.16,26.74,4.41,0.0
20190822:1106,380.32,489.9,78.24,25.46,4.34,0.0
20190822:1206,732.7,948.96,83.14,25.4,4.55,0.0
20190822:1306,448.51,577.36,70.16,26.48,4.97,0.0
20190822:1406,574.56,736.42,55.68,27.4,5.17,0.0
20190822:1506,387.27,497.3,41.03,27.27,5.31,0.0
20190822:1606,244.4,327.78,26.35,25.83,4.41,0.0
20190822:1706,63.46,111.87,11.69,25.62,4.48,0.0
20190822:1806,0.0,0.0,0.0,25.39,4.55,0.0
20190822:1906,0.0,0.0,0.0,25.06,4.14,0.0
20190822:2006,0.0,0.0,0.0,25.01,4.07,0.0
20190822:2106,0.0,0.0,0.0,25.0,4.0,0.0
20190822:2206,0.0,0.0,0.0,24.99,4.28,0.0
20190822:2306,0.0,0.0,0.0,24.9,4.14,0.0
20190823:0006,0.0,0.0,0.0,24.7,4.21,0.0
20190823:0106,0.0,0.0,0.0,24.62,4.21,0.0
20190823:0206,0.0,0.0,0.0,24.37,4.28,0.0
20190823:0306,0.0,0.0,0.0,24.06,4.07,0.0
20190823:0406,0.0,0.0,0.0,23.9,3.72,0.0
20190823:0506,0.0,0.0,0.0,23.93,3.93,0.0
20190823:0606,4.16,14.79,5.63,23.77,4.0,0.0
20190823:0706,130.01,182.85,20.29,24.43,3.31,0.0
20190823:0806,125.18,172.5,34.98,25.17,4.0,0.0
20190823:0906,286.8,372.2,49.67,25.78,3.93,0.0
20190823:1006,239.33,313.43,64.28,25.77,4.21,0.0
20190823:1106,285.55,372.46,78.44,26.59,4.34,0.0
20190823:1206,349.17,451.48,83.36,26.33,4.83,0.0
20190823:1306,408.24,524.69,70.17,26.09,5.1,0.0
20190823:1406,276.21,357.83,55.64,25.68,5.1,0.0
20190823:1506,218.83,286.37,40.97,25.46,5.52,0.0
20190823:1606,206.66,275.45,26.28,25.3,5.52,0.0
20190823:1706,47.72,78.82,11.6,24.99,5.38,0.0
20190823:1806,0.0,0.0,0.0,24.68,5.1,0.0
20190823:1906,0.0,0.0,0.0,24.71,4.48,0.0
20190823:2006,0.0,0.0,0.0,24.67,4.34,0.0
20190823:2106,0.0,0.0,0.0,24.66,4.14,0.0
20190823:2206,0.0,0.0,0.0,24.5,4.0,0.0
20190823:2306,0.0,0.0,0.0,24.49,3.72,0.0
20190824:0006,0.0,0.0,0.0,24.19,3.52,0.0
20190824:0106,0.0,0.0,0.0,24.19,3.45,0.0
20190824:0206,0.0,0.0,0.0,24.09,3.38,0.0
20190824:0306,0.0,0.0,0.0,23.98,3.24,0.0
20190824:0406,0.0,0.0,0.0,23.87,3.24,0.0
20190824:0506,0.0,0.0,0.0,23.91,3.45,0.0
20190824:0606,14.69,35.81,5.66,24.06,3.45,0.0
20190824:0706,143.29,201.64,20.34,24.59,3.24,0.0
20190824:0806,347.35,446.57,35.05,25.14,4.21,0.0
20190824:0906,476.29,606.37,49.76,25.74,4.83,0.0
20190824:1006,513.5,658.49,64.4,26.16,4.97,0.0
20190824:1106,508.58,656.46,78.64,26.53,4.76,0.0
20190824:1206,385.3,499.98,83.56,27.08,4.48,0.0
20190824:1306,228.41,301.75,70.18,27.32,4.69,0.0
20190824:1406,463.26,592.27,55.61,24.99,4.07,0.0
20190824:1506,265.81,344.94,40.91,25.58,4.41,0.0
20190824:1606,114.02,159.05,26.2,25.4,4.69,0.0
20190824:1706,43.69,72.9,11.51,25.08,5.1,0.0
20190824:1806,0.0,0.0,0.0,24.59,4.62,0.0
20190824:1906,0.0,0.0,0.0,24.62,3.86,0.0
20190824:2006,0.0,0.0,0.0,24.46,3.86,0.0
20190824:2106,0.0,0.0,0.0,24.39,3.79,0.0
20190824:2206,0.0,0.0,0.0,24.41,3.52,0.0
20190824:2306,0.0,0.0,0.0,24.37,3.38,0.0
20190825:0006,0.0,0.0,0.0,24.17,3.93,0.0
20190825:0106,0.0,0.0,0.0,23.65,4.21,0.0
20190825:0206,0.0,0.0,0.0,23.74,3.59,0.0
20190825:0306,0.0,0.0,0.0,23.95,3.1,0.0
20190825:0406,0.0,0.0,0.0,23.97,3.31,0.0
20190825:0506,0.0,0.0,0.0,23.99,2.97,0.0
20190825:0606,12.86,30.33,5.7,24.07,2.83,0.0
20190825:0706,25.16,46.35,20.39,23.98,2.55,0.0
20190825:0806,82.07,119.34,35.11,24.54,2.83,0.0
20190825:0906,261.36,340.8,49.84,25.15,3.03,0.0
20190825:1006,499.45,647.31,64.52,25.78,3.17,0.0
20190825:1106,354.36,462.19,78.84,26.89,3.45,0.0
20190825:1206,576.33,754.37,83.75,27.15,3.66,0.0
20190825:1306,520.1,673.62,70.18,26.78,4.21,0.0
20190825:1406,284.95,371.48,55.56,26.95,4.55,0.0
20190825:1506,194.3,258.61,40.85,27.02,4.97,0.0
20190825:1606,215.35,289.31,26.12,26.74,4.76,0.0
20190825:1706,47.8,79.65,11.41,26.18,4.55,0.0
20190825:1806,0.0,0.0,0.0,25.71,3.86,0.0
20190825:1906,0.0,0.0,0.0,25.0,3.72,0.0
20190825:2006,0.0,0.0,0.0,24.83,3.52,0.0
20190825:2106,0.0,0.0,0.0,24.83,3.38,0.0
20190825:2206,0.0,0.0,0.0,24.85,3.31,0.0
20190825:2306,0.0,0.0,0.0,24.83,3.17,0.0
20190826:0006,0.0,0.0,0.0,24.82,3.17,0.0
20190826:0106,0.0,0.0,0.0,24.62,3.38,0.0
20190826:0206,0.0,0.0,0.0,24.16,2.97,0.0
20190826:0306,0.0,0.0,0.0,23.85,2.41,0.0
20190826:0406,0.0,0.0,0.0,23.79,1.93,0.0
20190826:0506,0.0,0.0,0.0,23.43,1.72,0.0
20190826:0606,6.44,18.74,5.74,23.29,2.28,0.0
20190826:0706,23.05,43.39,20.44,23.67,2.76,0.0
20190826:0806,148.69,200.8,35.18,24.52,3.66,0.0
20190826:0906,192.04,254.29,49.93,25.29,4.34,0.0
20190826:1006,123.12,170.62,64.63,26.09,4.21,0.0
20190826:1106,332.05,432.13,79.03,26.68,3.93,0.0
20190826:1206,353.08,459.48,83.93,27.27,4.34,0.0
20190826:1306,406.37,527.19,70.17,27.4,4.48,0.0
20190826:1406,468.3,601.66,55.52,26.6,4.55,0.0
20190826:1506,58.06,89.75,40.78,26.02,4.69,0.0
20190826:1606,131.46,180.87,26.03,25.66,4.76,0.0
20190826:1706,49.79,82.81,11.31,25.52,4.76,0.0
20190826:1806,0.0,0.0,0.0,25.21,4.34,0.0
20190826:1906,0.0,0.0,0.0,24.79,3.66,0.0
20190826:2006,0.0,0.0,0.0,24.83,3.1,0.0
20190826:2106,0.0,0.0,0.0,24.92,2.83,0.0
20190826:2206,0.0,0.0,0.0,24.94,2.9,0.0
20190826:2306,0.0,0.0,0.0,24.85,3.03,0.0
20190827:0006,0.0,0.0,0.0,24.69,3.1,0.0
20190827:0106,0.0,0.0,0.0,24.6,3.1,0.0
20190827:0206,0.0,0.0,0.0,24.45,3.03,0.0
20190827:0306,0.0,0.0,0.0,24.35,2.97,0.0
20190827:0406,0.0,0.0,0.0,24.23,2.76,0.0
20190827:0506,0.0,0.0,0.0,24.17,2.48,0.0
20190827:0606,17.25,40.2,5.78,24.08,2.28,0.0
20190827:0706,141.67,198.55,20.5,24.44,2.62,0.0
20190827:0806,337.34,438.49,35.25,25.19,2.21,0.0
20190827:0906,374.09,487.7,50.02,25.89,1.93,0.0
20190827:1006,459.8,602.09,64.74,26.4,2.28,0.0
20190827:1106,467.48,611.47,79.21,26.9,3.03,0.0
20190827:1206,506.32,662.16,84.09,27.29,3.52,0.0
20190827:1306,565.79,735.74,70.15,27.38,4.21,0.0
20190827:1406,499.14,641.18,55.47,26.17,4.14,0.0
20190827:1506,428.9,548.9,40.71,25.6,3.79,0.0
20190827:1606,97.54,138.85,25.95,25.49,4.07,0.0
20190827:1706,39.96,67.68,11.21,25.37,4.07,0.0
20190827:1806,0.0,0.0,0.0,25.08,3.93,0.0
20190827:1906,0.0,0.0,0.0,24.97,3.52,0.0
20190827:2006,0.0,0.0,0.0,24.88,3.38,0.0
20190827:2106,0.0,0.0,0.0,24.88,3.24,0.0
20190827:2206,0.0,0.0,0.0,24.88,3.17,0.0
20190827:2306,0.0,0.0,0.0,24.76,3.17,0.0
20190828:0006,0.0,0.0,0.0,24.59,3.31,0.0
20190828:0106,0.0,0.0,0.0,24.46,3.17,0.0
20190828:0206,0.0,0.0,0.0,24.34,2.97,0.0
20190828:0306,0.0,0.0,0.0,24.25,2.76,0.0
20190828:0406,0.0,0.0,0.0,24.12,2.55,0.0
20190828:0506,0.0,0.0,0.0,23.88,2.34,0.0
20190828:0606,8.91,23.18,5.82,23.9,2.14,0.0
20190828:0706,36.15,61.15,20.55,24.37,2.14,0.0
20190828:0806,183.16,244.34,35.32,24.85,2.14,0.0
20190828:0906,288.67,376.67,50.1,25.6,2.48,0.0
20190828:1006,437.13,570.48,64.86,26.55,2.69,0.0
20190828:1106,514.05,670.59,79.39,26.97,3.59,0.0
20190828:1206,633.1,821.15,84.23,26.39,4.55,0.0
20190828:1306,641.63,829.88,70.13,26.18,4.34,0.0
20190828:1406,419.44,538.22,55.41,25.89,4.41,0.0
20190828:1506,381.28,489.7,40.63,26.1,4.07,0.0
20190828:1606,159.8,216.98,25.86,26.0,4.07,0.0
20190828:1706,12.57,28.6,11.1,25.52,3.86,0.0
20190828:1806,0.0,0.0,0.0,25.32,3.31,0.0
20190828:1906,0.0,0.0,0.0,25.14,3.24,0.0
20190828:2006,0.0,0.0,0.0,25.01,3.17,0.0
20190828:2106,0.0,0.0,0.0,24.99,2.97,0.0
20190828:2206,0.0,0.0,0.0,24.98,2.69,0.0
20190828:2306,0.0,0.0,0.0,24.91,2.34,0.0
20190829:0006,0.0,0.0,0.0,24.71,2.0,0.0
20190829:0106,0.0,0.0,0.0,24.5,1.72,0.0
20190829:0206,0.0,0.0,0.0,24.39,1.52,0.0
20190829:0306,0.0,0.0,0.0,23.93,1.52,0.0
20190829:0406,0.0,0.0,0.0,23.51,0.97,0.0
20190829:0506,0.0,0.0,0.0,23.26,1.17,0.0
20190829:0606,11.57,27.64,5.86,23.19,1.24,0.0
20190829:0706,124.08,174.88,20.61,24.9,1.59,0.0
20190829:0806,356.54,465.29,35.39,25.7,1.86,0.0
20190829:0906,532.06,694.06,50.19,26.56,2.28,0.0
20190829:1006,566.56,744.9,64.96,27.02,2.62,0.0
20190829:1106,528.95,695.79,79.57,27.49,3.03,0.0
20190829:1206,661.93,876.26,84.36,27.52,3.24,0.0
20190829:1306,700.64,926.43,70.1,27.71,3.38,0.0
20190829:1406,580.13,755.35,55.35,27.84,3.52,0.0
20190829:1506,446.15,577.49,40.55,27.84,3.72,0.0
20190829:1606,249.76,338.24,25.76,27.53,3.93,0.0
20190829:1706,60.07,108.53,11.0,26.84,3.72,0.0
20190829:1806,0.0,0.0,0.0,26.15,3.66,0.0
20190829:1906,0.0,0.0,0.0,25.63,3.31,0.0
20190829:2006,0.0,0.0,0.0,25.29,3.24,0.0
20190829:2106,0.0,0.0,0.0,25.16,3.03,0.0
20190829:2206,0.0,0.0,0.0,25.09,2.76,0.0
20190829:2306,0.0,0.0,0.0,25.01,2.55,0.0
20190830:0006,0.0,0.0,0.0,24.95,2.48,0.0
20190830:0106,0.0,0.0,0.0,24.81,2.48,0.0
20190830:0206,0.0,0.0,0.0,24.7,2.83,0.0
20190830:0306,0.0,0.0,0.0,24.7,3.17,0.0
20190830:0406,0.0,0.0,0.0,24.64,3.17,0.0
20190830:0506,0.0,0.0,0.0,24.58,3.03,0.0
20190830:0606,14.3,32.65,5.9,24.52,2.97,0.0
20190830:0706,93.84,135.0,20.66,25.1,2.76,0.0
20190830:0806,154.04,208.7,35.46,25.53,2.76,0.0
20190830:0906,321.41,417.2,50.27,25.76,2.97,0.0
20190830:1006,528.25,686.9,65.07,26.35,3.24,0.0
20190830:1106,702.97,929.68,79.73,27.18,3.31,0.0
20190830:1206,467.42,612.75,84.46,27.68,3.31,0.0
20190830:1306,156.94,214.02,70.06,27.75,3.66,0.0
20190830:1406,290.66,380.56,55.28,27.55,3.93,0.0
20190830:1506,216.92,285.82,40.47,26.0,3.93,0.0
20190830:1606,157.44,213.65,25.67,25.75,4.28,0.0
20190830:1706,47.69,80.29,10.89,25.6,4.97,0.0
20190830:1806,0.0,0.0,0.0,25.42,3.66,0.0
20190830:1906,0.0,0.0,0.0,25.0,3.38,0.0
20190830:2006,0.0,0.0,0.0,25.02,2.69,0.0
20190830:2106,0.0,0.0,0.0,25.0,2.69,0.0
20190830:2206,0.0,0.0,0.0,24.7,2.62,0.0
20190830:2306,0.0,0.0,0.0,24.73,2.69,0.0
20190831:0006,0.0,0.0,0.0,24.66,3.03,0.0
20190831:0106,0.0,0.0,0.0,24.57,3.45,0.0
20190831:0206,0.0,0.0,0.0,24.47,3.24,0.0
20190831:0306,0.0,0.0,0.0,24.45,3.03,0.0
20190831:0406,0.0,0.0,0.0,24.09,2.9,0.0
20190831:0506,0.0,0.0,0.0,23.9,2.97,0.0
20190831:0606,15.16,34.26,5.95,23.79,2.76,0.0
20190831:0706,125.43,175.33,20.72,24.21,2.97,0.0
20190831:0806,294.77,380.73,35.53,24.56,3.31,0.0
20190831:0906,463.81,595.6,50.35,25.28,3.24,0.0
20190831:1006,402.77,522.77,65.17,25.76,2.9,0.0
20190831:1106,527.9,688.25,79.89,26.39,3.38,0.0
20190831:1206,543.86,708.61,84.54,26.83,3.86,0.0
20190831:1306,622.31,805.23,70.01,26.56,4.48,0.0
20190831:1406,471.16,605.71,55.21,27.01,4.76,0.0
20190831:1506,350.8,451.56,40.38,27.1,5.24,0.0
20190831:1606,207.18,278.43,25.57,26.66,4.9,0.0
20190831:1706,56.54,98.92,10.78,26.21,5.17,0.0
20190831:1806,0.0,0.0,0.0,25.69,5.03,0.0
20190831:1906,0.0,0.0,0.0,25.36,5.24,0.0
20190831:2006,0.0,0.0,0.0,25.29,4.83,0.0
20190831:2106,0.0,0.0,0.0,25.25,4.55,0.0
20190831:2206,0.0,0.0,0.0,25.27,4.76,0.0
20190831:2306,0.0,0.0,0.0,25.15,4.83,0.0
20190901:0006,0.0,0.0,0.0,25.02,5.03,0.0
20190901:0106,0.0,0.0,0.0,24.74,5.03,0.0
20190901:0206,0.0,0.0,0.0,24.45,4.28,0.0
20190901:0306,0.0,0.0,0.0,24.25,3.72,0.0
20190901:0406,0.0,0.0,0.0,24.26,3.59,0.0
20190901:0506,0.0,0.0,0.0,24.31,3.86,0.0
20190901:0606,15.85,35.35,5.99,24.43,3.93,0.0
20190901:0706,51.46,80.87,20.78,24.64,4.62,0.0
20190901:0806,131.82,180.43,35.6,25.05,4.34,0.0
20190901:0906,125.13,172.59,50.44,25.51,4.41,0.0
20190901:1006,118.62,164.7,65.27,25.65,4.48,0.0
20190901:1106,282.96,367.7,80.04,25.97,4.69,0.0
20190901:1206,245.01,319.52,84.59,25.53,5.03,0.0
20190901:1306,488.41,626.33,69.96,25.55,4.76,0.0
20190901:1406,393.9,504.78,55.13,25.46,4.48,0.0
20190901:1506,161.59,216.83,40.29,25.16,4.41,0.0
20190901:1606,93.13,132.97,25.46,24.84,4.41,0.0
20190901:1706,48.74,82.01,10.66,24.7,4.69,0.0
20190901:1806,0.0,0.0,0.0,24.4,4.69,0.0
20190901:1906,0.0,0.0,0.0,24.15,3.72,0.0
20190901:2006,0.0,0.0,0.0,24.04,3.66,0.0
20190901:2106,0.0,0.0,0.0,24.06,3.52,0.0
20190901:2206,0.0,0.0,0.0,24.08,3.31,0.0
20190901:2306,0.0,0.0,0.0,23.92,3.24,0.0
20190902:0006,0.0,0.0,0.0,23.91,3.17,0.0
20190902:0106,0.0,0.0,0.0,23.82,3.31,0.0
20190902:0206,0.0,0.0,0.0,23.79,3.17,0.0
20190902:0306,0.0,0.0,0.0,23.61,2.9,0.0
20190902:0406,0.0,0.0,0.0,23.66,2.62,0.0
20190902:0506,0.0,0.0,0.0,23.79,2.62,0.0
20190902:0606,11.5,27.23,6.04,23.9,2.69,0.0
20190902:0706,128.89,179.5,20.84,24.31,3.52,0.0
20190902:0806,171.61,229.26,35.67,25.25,4.14,0.0
20190902:0906,402.58,516.69,50.52,25.71,4.0,0.0
20190902:1006,182.9,244.59,65.37,26.47,4.14,0.0
20190902:1106,544.77,706.56,80.18,26.72,4.34,0.0
20190902:1206,619.42,807.31,84.62,27.29,4.48,0.0
20190902:1306,541.11,701.01,69.9,27.32,4.62,0.0
20190902:1406,530.5,682.7,55.05,27.27,4.62,0.0
20190902:1506,393.37,505.93,40.2,27.1,4.55,0.0
20190902:1606,224.33,301.44,25.36,26.66,4.76,0.0
20190902:1706,48.75,82.9,10.55,26.27,4.28,0.0
20190902:1806,0.0,0.0,0.0,25.72,3.79,0.0
20190902:1906,0.0,0.0,0.0,25.22,3.1,0.0
20190902:2006,0.0,0.0,0.0,25.16,2.9,0.0
20190902:2106,0.0,0.0,0.0,25.08,2.48,0.0
20190902:2206,0.0,0.0,0.0,25.01,2.21,0.0
20190902:2306,0.0,0.0,0.0,24.77,2.0,0.0
20190903:0006,0.0,0.0,0.0,24.65,1.66,0.0
20190903:0106,0.0,0.0,0.0,24.53,1.66,0.0
20190903:0206,0.0,0.0,0.0,24.48,1.79,0.0
20190903:0306,0.0,0.0,0.0,24.36,2.0,0.0
20190903:0406,0.0,0.0,0.0,24.2,2.34,0.0
20190903:0506,0.0,0.0,0.0,24.09,2.62,0.0
20190903:0606,15.87,34.98,6.09,24.08,2.62,0.0
20190903:0706,185.92,261.86,20.9,24.92,2.41,0.0
20190903:0806,264.15,345.57,35.74,25.75,2.62,0.0
20190903:0906,269.5,354.2,50.6,26.74,2.69,0.0
20190903:1006,139.55,192.32,65.46,27.23,2.83,0.0
20190903:1106,576.92,762.39,80.31,27.6,2.9,0.0
20190903:1206,317.61,416.89,84.63,27.24,2.97,0.0
20190903:1306,260.62,344.09,69.83,27.25,2.9,0.0
20190903:1406,192.98,259.35,54.96,27.73,2.97,0.0
20190903:1506,290.76,380.66,40.1,27.41,3.17,0.0
20190903:1606,241.46,327.05,25.25,27.03,3.38,0.0
20190903:1706,49.8,85.89,10.43,26.5,3.38,0.0
20190903:1806,0.0,0.0,0.0,25.88,3.17,0.0
20190903:1906,0.0,0.0,0.0,25.03,3.31,0.0
20190903:2006,0.0,0.0,0.0,24.91,3.31,0.0
20190903:2106,0.0,0.0,0.0,24.84,3.17,0.0
20190903:2206,0.0,0.0,0.0,24.88,2.83,0.0
20190903:2306,0.0,0.0,0.0,24.94,2.9,0.0
20190904:0006,0.0,0.0,0.0,24.81,3.1,0.0
20190904:0106,0.0,0.0,0.0,24.72,3.03,0.0
20190904:0206,0.0,0.0,0.0,24.63,2.9,0.0
20190904:0306,0.0,0.0,0.0,24.32,2.41,0.0
20190904:0406,0.0,0.0,0.0,24.29,2.34,0.0
20190904:0506,0.0,0.0,0.0,24.31,2.76,0.0
20190904:0606,15.23,34.09,6.13,24.31,3.1,0.0
20190904:0706,172.63,239.78,20.96,24.28,3.45,0.0
20190904:0806,295.52,381.18,35.81,24.67,3.59,0.0
20190904:0906,480.76,613.09,50.68,25.08,4.07,0.0
20190904:1006,398.99,514.05,65.55,25.45,3.86,0.0
20190904:1106,148.29,201.19,80.43,25.52,3.79,0.0
20190904:1206,197.08,261.35,84.6,25.68,3.86,0.0
20190904:1306,345.21,447.08,69.75,25.63,3.59,0.0
20190904:1406,351.07,453.71,54.87,25.33,3.17,0.0
20190904:1506,314.87,406.37,40.0,25.24,3.38,0.0
20190904:1606,192.36,258.0,25.14,24.85,3.31,0.0
20190904:1706,55.59,100.46,10.31,24.81,3.79,0.0
20190904:1806,0.0,0.0,0.0,24.68,4.07,0.0
20190904:1906,0.0,0.0,0.0,24.69,3.66,0.0
20190904:2006,0.0,0.0,0.0,24.71,3.24,0.0
20190904:2106,0.0,0.0,0.0,24.65,3.24,0.0
20190904:2206,0.0,0.0,0.0,24.73,3.52,0.0
20190904:2306,0.0,0.0,0.0,24.71,3.59,0.0
20190905:0006,0.0,0.0,0.0,24.63,3.59,0.0
20190905:0106,0.0,0.0,0.0,24.54,3.52,0.0
20190905:0206,0.0,0.0,0.0,24.46,3.38,0.0
20190905:0306,0.0,0.0,0.0,24.46,3.24,0.0
20190905:0406,0.0,0.0,0.0,24.47,3.45,0.0
20190905:0506,0.0,0.0,0.0,24.43,3.17,0.0
20190905:0606,17.62,38.42,6.18,24.42,2.83,0.0
20190905:0706,142.86,198.36,21.01,24.82,3.1,0.0
20190905:0806,236.16,309.37,35.87,25.53,3.38,0.0
20190905:0906,179.82,240.62,50.75,26.06,3.59,0.0
20190905:1006,159.18,215.99,65.64,26.93,3.66,0.0
20190905:1106,433.34,563.81,80.53,27.43,4.14,0.0
20190905:1206,544.25,706.66,84.55,26.74,4.28,0.0
20190905:1306,403.94,521.41,69.67,25.77,3.93,0.0
20190905:1406,389.29,500.29,54.78,26.15,4.62,0.0
20190905:1506,426.09,544.45,39.9,26.49,4.83,0.0
20190905:1606,145.62,199.38,25.03,26.48,4.76,0.0
20190905:1706,48.25,83.55,10.19,26.12,4.76,0.0
20190905:1806,0.0,0.0,0.0,25.64,4.07,0.0
20190905:1906,0.0,0.0,0.0,25.3,3.24,0.0
20190905:2006,0.0,0.0,0.0,25.13,3.38,0.0
20190905:2106,0.0,0.0,0.0,25.0,3.38,0.0
20190905:2206,0.0,0.0,0.0,24.94,3.03,0.0
20190905:2306,0.0,0.0,0.0,24.88,2.83,0.0
20190906:0006,0.0,0.0,0.0,24.81,3.17,0.0
20190906:0106,0.0,0.0,0.0,24.73,3.52,0.0
20190906:0206,0.0,0.0,0.0,24.61,3.52,0.0
20190906:0306,0.0,0.0,0.0,24.55,3.38,0.0
20190906:0406,0.0,0.0,0.0,24.59,3.24,0.0
20190906:0506,0.0,0.0,0.0,24.59,3.03,0.0
20190906:0606,18.71,40.87,6.23,24.64,2.97,0.0
20190906:0706,178.76,248.39,21.07,24.63,2.97,0.0
20190906:0806,222.17,291.39,35.94,25.11,3.52,0.0
20190906:0906,364.8,471.82,50.83,25.65,2.97,0.0
20190906:1006,148.41,202.18,65.72,26.01,2.9,0.0
20190906:1106,219.85,290.94,80.62,26.34,3.31,0.0
20190906:1206,346.04,448.44,84.48,25.94,3.93,0.0
20190906:1306,370.44,477.63,69.57,25.38,4.0,0.0
20190906:1406,48.19,76.93,54.68,25.34,4.62,0.0
20190906:1506,37.48,63.12,39.79,25.66,5.03,0.0
20190906:1606,30.01,53.26,24.92,25.92,4.55,0.0
20190906:1706,7.52,20.71,10.07,25.96,4.0,0.0
20190906:1806,0.0,0.0,0.0,25.67,3.93,0.0
20190906:1906,0.0,0.0,0.0,24.95,3.66,0.0
20190906:2006,0.0,0.0,0.0,24.96,3.17,0.0
20190906:2106,0.0,0.0,0.0,24.99,2.83,0.0
20190906:2206,0.0,0.0,0.0,24.97,2.76,0.0
20190906:2306,0.0,0.0,0.0,24.82,2.83,0.0
20190907:0006,0.0,0.0,0.0,24.51,2.62,0.0
20190907:0106,0.0,0.0,0.0,24.43,2.69,0.0
20190907:0206,0.0,0.0,0.0,24.26,2.69,0.0
20190907:0306,0.0,0.0,0.0,24.24,2.9,0.0
20190907:0406,0.0,0.0,0.0,24.26,2.83,0.0
20190907:0506,0.0,0.0,0.0,24.2,2.62,0.0
20190907:0606,13.67,30.99,6.28,24.3,2.34,0.0
20190907:0706,175.75,244.24,21.13,24.83,2.28,0.0
20190907:0806,304.4,396.03,36.01,25.64,2.48,0.0
20190907:0906,243.6,321.23,50.9,26.4,2.62,0.0
20190907:1006,133.39,184.43,65.8,27.1,3.17,0.0
20190907:1106,198.5,264.31,80.7,26.79,4.07,0.0
20190907:1206,371.13,480.93,84.37,25.84,3.66,0.0
20190907:1306,571.3,737.11,69.47,25.87,4.28,0.0
20190907:1406,432.18,558.83,54.57,26.6,3.59,0.0
20190907:1506,335.85,435.87,39.68,27.11,3.59,0.0
20190907:1606,205.03,277.08,24.8,26.94,3.79,0.0
20190907:1706,53.87,99.03,9.94,26.47,4.48,0.0
20190907:1806,0.0,0.0,0.0,25.83,4.28,0.0
20190907:1906,0.0,0.0,0.0,25.51,3.72,0.0
20190907:2006,0.0,0.0,0.0,25.27,3.72,0.0
20190907:2106,0.0,0.0,0.0,25.07,3.93,0.0
20190907:2206,0.0,0.0,0.0,24.93,3.86,0.0
20190907:2306,0.0,0.0,0.0,24.82,3.45,0.0
20190908:0006,0.0,0.0,0.0,24.63,2.97,0.0
20190908:0106,0.0,0.0,0.0,24.57,2.55,0.0
20190908:0206,0.0,0.0,0.0,24.21,2.48,0.0
20190908:0306,0.0,0.0,0.0,24.02,2.41,0.0
20190908:0406,0.0,0.0,0.0,24.03,2.21,0.0
20190908:0506,0.0,0.0,0.0,23.96,2.21,0.0
20190908:0606,21.19,46.02,6.33,23.89,1.93,0.0
20190908:0706,189.44,263.21,21.19,24.34,2.28,0.0
20190908:0806,399.99,516.33,36.07,25.09,2.48,0.0
20190908:0906,282.67,369.28,50.97,25.8,2.62,0.0
20190908:1006,86.71,126.24,65.87,26.84,3.31,0.0
20190908:1106,229.77,301.79,80.76,25.38,3.52,0.0
20190908:1206,206.49,273.19,84.24,25.44,3.24,0.0
20190908:1306,500.97,650.92,69.37,25.78,3.1,0.0
20190908:1406,352.7,455.52,54.46,26.16,4.07,0.0
20190908:1506,229.13,301.97,39.57,26.89,4.0,0.0
20190908:1606,118.8,166.13,24.68,26.73,4.28,0.0
20190908:1706,46.17,80.56,9.82,26.28,4.07,0.0
20190908:1806,0.0,0.0,0.0,25.76,3.66,0.0
20190908:1906,0.0,0.0,0.0,25.44,3.72,0.0
20190908:2006,0.0,0.0,0.0,25.28,3.31,0.0
20190908:2106,0.0,0.0,0.0,25.15,3.1,0.0
20190908:2206,0.0,0.0,0.0,25.13,3.31,0.0
20190908:2306,0.0,0.0,0.0,24.98,3.38,0.0
20190909:0006,0.0,0.0,0.0,24.79,3.38,0.0
20190909:0106,0.0,0.0,0.0,24.71,3.45,0.0
20190909:0206,0.0,0.0,0.0,24.46,3.24,0.0
20190909:0306,0.0,0.0,0.0,24.32,3.24,0.0
20190909:0406,0.0,0.0,0.0,24.32,3.59,0.0
20190909:0506,0.0,0.0,0.0,24.34,3.52,0.0
20190909:0606,16.17,35.51,6.39,24.26,3.17,0.0
20190909:0706,93.06,133.71,21.25,25.19,3.24,0.0
20190909:0806,247.01,322.81,36.14,25.75,3.59,0.0
20190909:0906,191.07,255.41,51.04,26.96,3.79,0.0
20190909:1006,290.51,381.55,65.94,27.66,3.59,0.0
20190909:1106,610.32,803.03,80.81,27.92,3.72,0.0
20190909:1206,356.17,466.34,84.09,28.28,4.07,0.0
20190909:1306,613.11,801.12,69.25,28.23,4.34,0.0
20190909:1406,575.27,736.81,54.35,26.27,4.55,0.0
20190909:1506,428.01,548.08,39.45,25.81,3.79,0.0
20190909:1606,124.86,172.93,24.56,25.84,4.69,0.0
20190909:1706,52.52,96.51,9.69,25.78,4.21,0.0
20190909:1806,0.0,0.0,0.0,25.56,4.07,0.0
20190909:1906,0.0,0.0,0.0,25.27,4.07,0.0
20190909:2006,0.0,0.0,0.0,25.19,3.93,0.0
20190909:2106,0.0,0.0,0.0,25.23,3.72,0.0
20190909:2206,0.0,0.0,0.0,25.29,3.52,0.0
20190909:2306,0.0,0.0,0.0,25.23,3.24,0.0
20190910:0006,0.0,0.0,0.0,25.12,3.24,0.0
20190910:0106,0.0,0.0,0.0,24.88,3.45,0.0
20190910:0206,0.0,0.0,0.0,24.59,3.45,0.0
20190910:0306,0.0,0.0,0.0,24.51,3.66,0.0
20190910:0406,0.0,0.0,0.0,24.5,3.38,0.0
20190910:0506,0.0,0.0,0.0,24.45,3.1,0.0
20190910:0606,13.52,30.35,6.44,24.43,2.83,0.0
20190910:0706,56.23,86.79,21.31,23.86,2.55,0.0
20190910:0806,36.95,62.13,36.2,24.33,3.52,0.0
20190910:0906,147.22,199.22,51.1,24.81,3.86,0.0
20190910:1006,154.28,208.1,66.0,25.31,4.41,0.0
20190910:1106,314.88,408.26,80.85,26.02,4.41,0.0
20190910:1206,567.72,735.94,83.92,27.12,4.9,0.0
20190910:1306,548.86,708.55,69.13,27.54,5.38,0.0
20190910:1406,369.24,474.53,54.23,26.71,5.59,0.0
20190910:1506,399.21,511.17,39.33,27.04,5.31,0.0
20190910:1606,97.29,138.93,24.44,26.15,4.34,0.0
20190910:1706,27.2,50.01,9.56,25.42,4.0,0.0
20190910:1806,0.0,0.0,0.0,25.16,3.79,0.0
20190910:1906,0.0,0.0,0.0,25.38,3.03,0.0
20190910:2006,0.0,0.0,0.0,25.25,2.97,0.0
20190910:2106,0.0,0.0,0.0,25.16,3.03,0.0
20190910:2206,0.0,0.0,0.0,25.11,3.31,0.0
20190910:2306,0.0,0.0,0.0,25.02,3.24,0.0
20190911:0006,0.0,0.0,0.0,24.98,2.97,0.0
20190911:0106,0.0,0.0,0.0,24.65,2.76,0.0
20190911:0206,0.0,0.0,0.0,24.46,3.03,0.0
20190911:0306,0.0,0.0,0.0,24.36,3.03,0.0
20190911:0406,0.0,0.0,0.0,24.12,2.76,0.0
20190911:0506,0.0,0.0,0.0,24.08,2.69,0.0
20190911:0606,15.79,34.11,6.49,24.27,2.48,0.0
20190911:0706,13.34,29.59,21.37,23.89,3.17,0.0
20190911:0806,68.08,101.58,36.26,23.94,3.66,0.0
20190911:0906,40.8,67.06,51.17,24.06,3.72,0.0
20190911:1006,70.34,104.54,66.06,24.28,3.66,0.0
20190911:1106,57.58,88.76,80.86,24.69,3.03,0.0
20190911:1206,62.95,95.67,83.72,24.85,2.34,0.0
20190911:1306,52.63,82.84,69.0,25.48,1.93,0.0
20190911:1406,55.85,86.79,54.11,24.79,1.24,0.0
20190911:1506,55.01,85.8,39.21,24.8,0.62,0.0
20190911:1606,26.49,48.33,24.31,24.62,1.17,0.0
20190911:1706,39.37,69.35,9.43,24.46,1.1,0.0
20190911:1806,0.0,0.0,0.0,24.23,0.9,0.0
20190911:1906,0.0,0.0,0.0,24.64,2.55,0.0
20190911:2006,0.0,0.0,0.0,24.67,2.83,0.0
20190911:2106,0.0,0.0,0.0,24.67,2.76,0.0
20190911:2206,0.0,0.0,0.0,24.68,2.69,0.0
20190911:2306,0.0,0.0,0.0,24.62,2.69,0.0
20190912:0006,0.0,0.0,0.0,24.49,2.69,0.0
20190912:0106,0.0,0.0,0.0,24.37,2.9,0.0
20190912:0206,0.0,0.0,0.0,24.15,2.76,0.0
20190912:0306,0.0,0.0,0.0,23.99,2.62,0.0
20190912:0406,0.0,0.0,0.0,23.96,2.62,0.0
20190912:0506,0.0,0.0,0.0,23.98,2.55,0.0
20190912:0606,16.8,35.94,6.54,23.82,2.48,0.0
20190912:0706,166.46,228.1,21.43,24.31,3.31,0.0
20190912:0806,270.95,350.78,36.32,24.67,3.45,0.0
20190912:0906,206.0,272.18,51.23,25.59,3.79,0.0
20190912:1006,431.5,557.29,66.11,26.25,4.07,0.0
20190912:1106,314.75,409.31,80.87,26.8,4.62,0.0
20190912:1206,158.58,215.0,83.51,27.19,4.83,0.0
20190912:1306,297.28,387.59,68.86,27.34,4.97,0.0
20190912:1406,373.86,482.92,53.99,27.18,4.76,0.0
20190912:1506,332.48,428.02,39.09,26.68,5.1,0.0
20190912:1606,177.11,239.32,24.19,26.16,4.76,0.0
20190912:1706,52.56,98.44,9.3,25.69,4.07,0.0
20190912:1806,0.0,0.0,0.0,25.26,3.93,0.0
20190912:1906,0.0,0.0,0.0,25.21,3.1,0.0
20190912:2006,0.0,0.0,0.0,25.07,3.03,0.0
20190912:2106,0.0,0.0,0.0,25.01,3.03,0.0
20190912:2206,0.0,0.0,0.0,25.02,2.76,0.0
20190912:2306,0.0,0.0,0.0,25.03,2.55,0.0
20190913:0006,0.0,0.0,0.0,24.9,2.14,0.0
20190913:0106,0.0,0.0,0.0,24.76,2.0,0.0
20190913:0206,0.0,0.0,0.0,24.39,2.0,0.0
20190913:0306,0.0,0.0,0.0,24.12,2.0,0.0
20190913:0406,0.0,0.0,0.0,24.06,1.79,0.0
20190913:0506,0.0,0.0,0.0,24.02,1.59,0.0
20190913:0606,14.25,31.4,6.59,23.95,1.52,0.0
20190913:0706,122.1,170.74,21.48,24.72,1.66,0.0
20190913:0806,54.12,84.82,36.38,25.53,1.52,0.0
20190913:0906,72.57,108.49,51.28,26.09,1.38,0.0
20190913:1006,362.27,476.51,66.16,27.29,2.21,0.0
20190913:1106,361.74,473.56,80.85,27.01,2.9,0.0
20190913:1206,608.19,800.03,83.28,27.1,3.38,0.0
20190913:1306,546.35,712.74,68.72,26.95,3.52,0.0
20190913:1406,502.26,649.95,53.86,27.1,3.72,0.0
20190913:1506,444.27,571.76,38.96,27.0,3.86,0.0
20190913:1606,217.5,293.38,24.06,26.8,4.41,0.0
20190913:1706,47.99,88.65,9.16,26.3,4.41,0.0
20190913:1806,0.0,0.0,0.0,25.77,3.72,0.0
20190913:1906,0.0,0.0,0.0,25.53,3.38,0.0
20190913:2006,0.0,0.0,0.0,25.39,2.97,0.0
20190913:2106,0.0,0.0,0.0,25.35,2.69,0.0
20190913:2206,0.0,0.0,0.0,25.33,2.48,0.0
20190913:2306,0.0,0.0,0.0,25.24,2.41,0.0
20190914:0006,0.0,0.0,0.0,25.07,2.55,0.0
20190914:0106,0.0,0.0,0.0,24.92,2.55,0.0
20190914:0206,0.0,0.0,0.0,24.78,2.48,0.0
20190914:0306,0.0,0.0,0.0,24.62,2.34,0.0
20190914:0406,0.0,0.0,0.0,24.53,2.48,0.0
20190914:0506,0.0,0.0,0.0,24.44,2.34,0.0
20190914:0606,16.82,36.06,6.64,24.39,2.14,0.0
20190914:0706,60.44,92.71,21.54,25.24,1.86,0.0
20190914:0806,180.25,241.53,36.44,25.88,2.48,0.0
20190914:0906,326.02,425.16,51.34,26.3,2.55,0.0
20190914:1006,119.87,167.66,66.2,26.95,2.83,0.0
20190914:1106,56.82,88.76,80.82,27.32,3.1,0.0
20190914:1206,57.44,89.75,83.04,27.94,3.59,0.0
20190914:1306,52.14,82.84,68.57,27.77,4.0,0.0
20190914:1406,54.42,85.8,53.72,27.92,4.48,0.0
20190914:1506,53.16,83.83,38.83,26.91,4.48,0.0
20190914:1606,29.9,53.26,23.93,26.57,4.41,0.0
20190914:1706,2.07,10.85,9.03,26.28,4.14,0.0
20190914:1806,0.0,0.0,0.0,25.96,3.59,0.0
20190914:1906,0.0,0.0,0.0,25.25,2.97,0.0
20190914:2006,0.0,0.0,0.0,25.23,3.03,0.0
20190914:2106,0.0,0.0,0.0,25.25,2.97,0.0
20190914:2206,0.0,0.0,0.0,25.23,3.1,0.0
20190914:2306,0.0,0.0,0.0,25.1,3.03,0.0
20190915:0006,0.0,0.0,0.0,25.04,2.76,0.0
20190915:0106,0.0,0.0,0.0,24.82,2.48,0.0
20190915:0206,0.0,0.0,0.0,24.67,2.41,0.0
20190915:0306,0.0,0.0,0.0,24.57,2.48,0.0
20190915:0406,0.0,0.0,0.0,24.49,2.34,0.0
20190915:0506,0.0,0.0,0.0,24.53,2.21,0.0
20190915:0606,16.86,36.12,6.7,24.44,2.07,0.0
20190915:0706,108.22,152.56,21.59,24.71,2.55,0.0
20190915:0806,292.33,379.27,36.5,25.15,2.69,0.0
20190915:0906,366.28,474.86,51.39,25.56,2.55,0.0
20190915:1006,208.29,277.13,66.23,26.26,2.55,0.0
20190915:1106,550.02,725.34,80.77,26.97,2.69,0.0
20190915:1206,417.9,547.13,82.78,27.5,3.24,0.0
20190915:1306,357.31,466.87,68.42,27.53,3.52,0.0
20190915:1406,307.76,401.6,53.59,27.49,4.07,0.0
20190915:1506,352.47,456.04,38.7,26.76,3.52,0.0
20190915:1606,191.63,259.58,23.8,26.4,3.24,0.0
20190915:1706,47.38,89.24,8.9,26.16,3.59,0.0
20190915:1806,0.0,0.0,0.0,25.83,3.52,0.0
20190915:1906,0.0,0.0,0.0,25.55,3.1,0.0
20190915:2006,0.0,0.0,0.0,25.44,2.97,0.0
20190915:2106,0.0,0.0,0.0,25.3,2.83,0.0
20190915:2206,0.0,0.0,0.0,25.27,2.69,0.0
20190915:2306,0.0,0.0,0.0,25.1,2.55,0.0
20190916:0006,0.0,0.0,0.0,24.93,2.62,0.0
20190916:0106,0.0,0.0,0.0,24.74,2.55,0.0
20190916:0206,0.0,0.0,0.0,24.63,2.48,0.0
20190916:0306,0.0,0.0,0.0,24.61,2.41,0.0
20190916:0406,0.0,0.0,0.0,24.51,2.28,0.0
20190916:0506,0.0,0.0,0.0,24.47,2.07,0.0
20190916:0606,12.27,28.5,6.75,24.49,2.14,0.0
20190916:0706,124.76,174.14,21.65,25.01,1.79,0.0
20190916:0806,253.55,332.39,36.55,25.85,2.48,0.0
20190916:0906,393.11,508.97,51.44,26.94,3.66,0.0
20190916:1006,687.0,900.85,66.26,27.66,3.93,0.0
20190916:1106,587.79,770.86,80.7,27.78,3.93,0.0
20190916:1206,488.55,640.04,82.51,28.31,3.93,0.0
20190916:1306,692.39,909.05,68.26,28.09,4.14,0.0
20190916:1406,592.62,768.43,53.45,27.42,3.79,0.0
20190916:1506,438.82,565.32,38.56,27.03,3.72,0.0
20190916:1606,233.24,315.47,23.66,27.11,4.55,0.0
20190916:1706,32.05,58.63,8.76,26.73,4.0,0.0
20190916:1806,0.0,0.0,0.0,26.22,3.72,0.0
20190916:1906,0.0,0.0,0.0,25.84,2.83,0.0
20190916:2006,0.0,0.0,0.0,25.73,3.17,0.0
20190916:2106,0.0,0.0,0.0,25.65,3.38,0.0
20190916:2206,0.0,0.0,0.0,25.62,3.38,0.0
20190916:2306,0.0,0.0,0.0,25.5,3.03,0.0
20190917:0006,0.0,0.0,0.0,25.41,2.9,0.0
20190917:0106,0.0,0.0,0.0,25.01,2.9,0.0
20190917:0206,0.0,0.0,0.0,24.94,3.03,0.0
20190917:0306,0.0,0.0,0.0,24.92,2.97,0.0
20190917:0406,0.0,0.0,0.0,24.72,3.24,0.0
20190917:0506,0.0,0.0,0.0,24.61,3.45,0.0
20190917:0606,20.68,42.87,6.8,24.69,3.17,0.0
20190917:0706,193.18,263.65,21.7,24.57,3.03,0.0
20190917:0806,206.06,271.31,36.6,25.38,4.28,0.0
20190917:0906,112.78,157.8,51.48,25.85,3.93,0.0
20190917:1006,217.34,287.01,66.28,26.18,3.93,0.0
20190917:1106,267.6,351.15,80.62,27.06,4.0,0.0
20190917:1206,217.79,288.97,82.22,26.98,3.59,0.0
20190917:1306,200.6,267.27,68.09,27.0,3.93,0.0
20190917:1406,70.52,105.53,53.3,26.06,3.93,0.0
20190917:1506,326.91,422.84,38.43,25.96,3.24,0.0
20190917:1606,213.41,287.68,23.53,25.86,3.59,0.0
20190917:1706,45.24,84.7,8.63,25.84,2.97,0.0
20190917:1806,0.0,0.0,0.0,25.45,2.9,0.0
20190917:1906,0.0,0.0,0.0,25.02,3.31,0.0
20190917:2006,0.0,0.0,0.0,25.01,3.03,0.0
20190917:2106,0.0,0.0,0.0,24.87,2.97,0.0
20190917:2206,0.0,0.0,0.0,24.62,3.17,0.0
20190917:2306,0.0,0.0,0.0,24.6,3.31,0.0
20190918:0006,0.0,0.0,0.0,24.68,3.1,0.0
20190918:0106,0.0,0.0,0.0,24.45,2.76,0.0
20190918:0206,0.0,0.0,0.0,24.33,2.9,0.0
20190918:0306,0.0,0.0,0.0,24.2,2.76,0.0
20190918:0406,0.0,0.0,0.0,24.09,2.28,0.0
20190918:0506,0.0,0.0,0.0,24.07,1.86,0.0
20190918:0606,29.71,62.51,6.85,23.95,1.24,0.0
20190918:0706,218.98,300.21,21.75,24.04,1.52,0.0
20190918:0806,0.0,0.0,0.0,24.52,1.66,0.0
20190918:0906,436.16,565.87,51.52,25.43,2.21,0.0
20190918:1006,427.58,556.12,66.3,25.99,2.83,0.0
20190918:1106,177.91,238.67,80.52,26.29,3.38,0.0
20190918:1206,187.6,251.49,81.93,27.24,3.79,0.0
20190918:1306,120.1,167.66,67.92,27.14,4.28,0.0
20190918:1406,72.51,108.49,53.16,27.09,4.0,0.0
20190918:1506,68.63,103.56,38.29,26.96,3.86,0.0
20190918:1606,106.16,149.89,23.4,25.83,4.07,0.0
20190918:1706,14.56,31.56,8.49,25.36,4.48,0.0
20190918:1806,0.0,0.0,0.0,25.1,4.55,0.0
20190918:1906,0.0,0.0,0.0,25.18,4.21,0.0
20190918:2006,0.0,0.0,0.0,25.27,4.07,0.0
20190918:2106,0.0,0.0,0.0,25.01,3.79,0.0
20190918:2206,0.0,0.0,0.0,25.02,3.72,0.0
20190918:2306,0.0,0.0,0.0,24.95,3.59,0.0
20190919:0006,0.0,0.0,0.0,24.84,3.45,0.0
20190919:0106,0.0,0.0,0.0,24.66,3.17,0.0
20190919:0206,0.0,0.0,0.0,24.49,2.55,0.0
20190919:0306,0.0,0.0,0.0,24.58,2.55,0.0
20190919:0406,0.0,0.0,0.0,24.55,2.48,0.0
20190919:0506,0.0,0.0,0.0,24.45,2.48,0.0
20190919:0606,16.0,34.42,6.9,24.32,1.79,0.0
20190919:0706,20.09,39.45,21.8,24.42,0.69,0.0
20190919:0806,39.72,66.08,36.7,24.84,0.41,0.0
20190919:0906,44.99,72.98,51.56,25.01,0.55,0.0
20190919:1006,250.75,331.45,66.31,25.3,1.17,0.0
20190919:1106,237.49,313.64,80.41,25.37,1.79,0.0
20190919:1206,170.26,229.8,81.63,25.96,2.0,0.0
20190919:1306,401.18,525.27,67.74,26.32,2.21,0.0
20190919:1406,262.28,344.47,53.01,26.3,2.69,0.0
20190919:1506,290.24,378.97,38.15,26.54,2.76,0.0
20190919:1606,86.74,126.24,23.26,26.59,3.24,0.0
20190919:1706,37.22,68.48,8.36,26.32,3.38,0.0
20190919:1806,0.0,0.0,0.0,25.91,2.97,0.0
20190919:1906,0.0,0.0,0.0,25.62,2.0,0.0
20190919:2006,0.0,0.0,0.0,25.62,1.72,0.0
20190919:2106,0.0,0.0,0.0,25.55,1.72,0.0
20190919:2206,0.0,0.0,0.0,25.4,1.79,0.0
20190919:2306,0.0,0.0,0.0,25.32,1.72,0.0
20190920:0006,0.0,0.0,0.0,25.08,1.72,0.0
20190920:0106,0.0,0.0,0.0,24.98,1.66,0.0
20190920:0206,0.0,0.0,0.0,25.0,1.59,0.0
20190920:0306,0.0,0.0,0.0,24.9,1.31,0.0
20190920:0406,0.0,0.0,0.0,24.86,1.38,0.0
20190920:0506,0.0,0.0,0.0,24.52,0.97,0.0
20190920:0606,26.88,54.79,6.95,24.06,1.1,0.0
20190920:0706,160.37,220.46,21.85,24.96,1.31,0.0
20190920:0806,383.19,500.61,36.74,25.51,1.17,0.0
20190920:0906,503.53,668.64,51.59,26.13,0.83,0.0
20190920:1006,584.18,791.64,66.31,27.23,0.9,0.0
20190920:1106,719.26,982.38,80.28,27.92,1.79,0.0
20190920:1206,745.37,1012.9,81.32,28.13,2.34,0.0
20190920:1306,642.38,852.44,67.55,27.68,2.76,0.0
20190920:1406,484.47,631.5,52.85,26.68,2.55,0.0
20190920:1506,383.29,498.72,38.01,26.37,2.07,0.0
20190920:1606,243.86,332.36,23.12,26.42,2.07,0.0
20190920:1706,38.64,71.59,8.22,26.3,2.34,0.0
20190920:1806,0.0,0.0,0.0,26.07,1.93,0.0
20190920:1906,0.0,0.0,0.0,25.57,2.14,0.0
20190920:2006,0.0,0.0,0.0,25.35,2.55,0.0
20190920:2106,0.0,0.0,0.0,25.23,3.1,0.0
20190920:2206,0.0,0.0,0.0,25.2,3.52,0.0
20190920:2306,0.0,0.0,0.0,25.11,3.86,0.0
20190921:0006,0.0,0.0,0.0,25.1,3.79,0.0
20190921:0106,0.0,0.0,0.0,25.04,3.17,0.0
20190921:0206,0.0,0.0,0.0,24.84,2.34,0.0
20190921:0306,0.0,0.0,0.0,24.54,1.31,0.0
20190921:0406,0.0,0.0,0.0,24.57,1.24,0.0
20190921:0506,0.0,0.0,0.0,24.36,1.1,0.0
20190921:0606,25.46,51.16,7.0,24.25,1.1,0.0
20190921:0706,216.75,298.76,21.9,25.76,1.24,0.0
20190921:0806,380.8,497.76,36.78,26.57,1.66,0.0
20190921:0906,347.99,456.62,51.62,27.25,2.14,0.0
20190921:1006,531.18,704.84,66.31,27.95,2.21,0.0
20190921:1106,397.04,524.2,80.14,28.36,2.62,0.0
20190921:1206,538.19,712.88,81.0,28.71,3.1,0.0
20190921:1306,582.27,769.52,67.37,28.53,3.17,0.0
20190921:1406,61.07,94.68,52.7,28.58,3.24,0.0
20190921:1506,347.29,453.4,37.87,28.44,3.38,0.0
20190921:1606,195.03,265.85,22.99,27.86,3.93,0.0
20190921:1706,44.81,87.48,8.09,27.15,4.14,0.0
20190921:1806,0.0,0.0,0.0,26.51,4.0,0.0
20190921:1906,0.0,0.0,0.0,25.99,3.17,0.0
20190921:2006,0.0,0.0,0.0,25.8,3.17,0.0
20190921:2106,0.0,0.0,0.0,25.67,3.31,0.0
20190921:2206,0.0,0.0,0.0,25.6,3.03,0.0
20190921:2306,0.0,0.0,0.0,25.53,2.28,0.0
20190922:0006,0.0,0.0,0.0,25.42,2.07,0.0
20190922:0106,0.0,0.0,0.0,25.33,2.0,0.0
20190922:0206,0.0,0.0,0.0,25.18,2.21,0.0
20190922:0306,0.0,0.0,0.0,25.04,2.28,0.0
20190922:0406,0.0,0.0,0.0,24.93,2.07,0.0
20190922:0506,0.0,0.0,0.0,24.86,1.86,0.0
20190922:0606,31.29,64.23,7.04,24.77,1.79,0.0
20190922:0706,229.53,313.84,21.94,24.98,1.79,0.0
20190922:0806,410.47,529.91,36.82,26.0,2.76,0.0
20190922:0906,580.53,751.79,51.64,26.77,3.45,0.0
20190922:1006,698.51,915.61,66.29,27.14,3.86,0.0
20190922:1106,608.84,799.05,79.98,27.65,3.93,0.0
20190922:1206,756.11,1002.53,80.68,27.52,3.86,0.0
20190922:1306,641.3,841.14,67.17,27.78,3.86,0.0
20190922:1406,571.91,742.0,52.54,28.06,4.07,0.0
20190922:1506,436.76,563.84,37.72,27.88,4.07,0.0
20190922:1606,227.35,308.85,22.85,27.49,4.21,0.0
20190922:1706,41.38,80.13,7.95,27.02,4.14,0.0
20190922:1806,0.0,0.0,0.0,26.39,4.41,0.0
20190922:1906,0.0,0.0,0.0,26.0,3.45,0.0
20190922:2006,0.0,0.0,0.0,25.84,3.31,0.0
20190922:2106,0.0,0.0,0.0,25.76,3.03,0.0
20190922:2206,0.0,0.0,0.0,25.67,2.97,0.0
20190922:2306,0.0,0.0,0.0,25.58,2.97,0.0
20190923:0006,0.0,0.0,0.0,25.44,2.9,0.0
20190923:0106,0.0,0.0,0.0,25.37,2.48,0.0
20190923:0206,0.0,0.0,0.0,25.16,2.28,0.0
20190923:0306,0.0,0.0,0.0,25.04,2.62,0.0
20190923:0406,0.0,0.0,0.0,24.86,2.76,0.0
20190923:0506,0.0,0.0,0.0,24.73,2.69,0.0
20190923:0606,24.87,49.5,7.09,24.68,2.41,0.0
20190923:0706,126.89,176.19,21.99,25.13,2.69,0.0
20190923:0806,339.43,438.85,36.86,25.53,2.69,0.0
20190923:0906,438.87,571.05,51.66,26.54,2.55,0.0
20190923:1006,597.03,798.06,66.27,27.27,1.79,0.0
20190923:1106,504.63,672.3,79.8,28.18,2.07,0.0
20190923:1206,704.81,954.59,80.35,28.62,2.41,0.0
20190923:1306,682.56,910.36,66.97,28.55,2.97,0.0
20190923:1406,550.87,720.37,52.38,28.67,3.45,0.0
20190923:1506,436.77,566.26,37.58,28.39,3.79,0.0
20190923:1606,229.36,312.94,22.71,27.91,3.66,0.0
20190923:1706,40.02,78.64,7.82,27.29,3.66,0.0
20190923:1806,0.0,0.0,0.0,26.62,3.1,0.0
20190923:1906,0.0,0.0,0.0,26.34,2.69,0.0
20190923:2006,0.0,0.0,0.0,26.12,2.62,0.0
20190923:2106,0.0,0.0,0.0,25.95,2.83,0.0
20190923:2206,0.0,0.0,0.0,25.83,3.1,0.0
20190923:2306,0.0,0.0,0.0,25.7,3.17,0.0
20190924:0006,0.0,0.0,0.0,25.55,3.24,0.0
20190924:0106,0.0,0.0,0.0,25.43,3.31,0.0
20190924:0206,0.0,0.0,0.0,25.3,3.24,0.0
20190924:0306,0.0,0.0,0.0,25.19,3.17,0.0
20190924:0406,0.0,0.0,0.0,24.76,2.76,0.0
20190924:0506,0.0,0.0,0.0,24.88,2.76,0.0
20190924:0606,24.09,47.59,7.14,24.89,2.69,0.0
20190924:0706,164.1,224.03,22.03,25.12,2.48,0.0
20190924:0806,421.5,542.6,36.89,26.11,3.17,0.0
20190924:0906,309.65,403.89,51.68,26.85,3.31,0.0
20190924:1006,181.68,244.59,66.25,27.57,3.66,0.0
20190924:1106,563.68,739.31,79.62,27.98,3.93,0.0
20190924:1206,528.33,691.12,80.02,27.96,4.07,0.0
20190924:1306,254.64,335.46,66.77,27.66,4.21,0.0
20190924:1406,477.83,617.69,52.22,27.53,4.14,0.0
20190924:1506,385.04,496.74,37.43,27.3,4.07,0.0
20190924:1606,108.69,154.17,22.57,27.39,4.21,0.0
20190924:1706,39.39,77.09,7.68,26.88,4.14,0.0
20190924:1806,0.0,0.0,0.0,26.37,4.0,0.0
20190924:1906,0.0,0.0,0.0,26.15,3.24,0.0
20190924:2006,0.0,0.0,0.0,25.96,2.69,0.0
20190924:2106,0.0,0.0,0.0,25.89,2.55,0.0
20190924:2206,0.0,0.0,0.0,25.8,2.76,0.0
20190924:2306,0.0,0.0,0.0,25.63,3.03,0.0
20190925:0006,0.0,0.0,0.0,25.48,3.1,0.0
20190925:0106,0.0,0.0,0.0,25.37,3.17,0.0
20190925:0206,0.0,0.0,0.0,25.3,3.24,0.0
20190925:0306,0.0,0.0,0.0,25.26,3.17,0.0
20190925:0406,0.0,0.0,0.0,25.2,3.24,0.0
20190925:0506,0.0,0.0,0.0,25.16,3.24,0.0
20190925:0606,32.3,64.26,7.18,25.25,3.17,0.0
20190925:0706,216.6,293.79,22.07,26.1,4.07,0.0
20190925:0806,330.31,426.82,36.92,27.08,4.48,0.0
20190925:0906,357.25,463.73,51.69,27.72,4.34,0.0
20190925:1006,392.98,512.49,66.22,28.34,4.34,0.0
20190925:1106,373.48,487.61,79.42,28.33,4.55,0.0
20190925:1206,569.22,743.01,79.68,28.11,4.69,0.0
20190925:1306,491.0,637.79,66.57,28.55,5.1,0.0
20190925:1406,466.48,602.01,52.05,28.47,5.31,0.0
20190925:1506,343.75,445.14,37.29,28.3,5.1,0.0
20190925:1606,160.17,220.06,22.43,27.95,4.69,0.0
20190925:1706,37.81,74.5,7.55,27.31,4.21,0.0
20190925:1806,0.0,0.0,0.0,26.73,4.48,0.0
20190925:1906,0.0,0.0,0.0,26.19,3.66,0.0
20190925:2006,0.0,0.0,0.0,25.97,3.66,0.0
20190925:2106,0.0,0.0,0.0,25.82,3.45,0.0
20190925:2206,0.0,0.0,0.0,25.68,3.52,0.0
20190925:2306,0.0,0.0,0.0,25.61,3.66,0.0
20190926:0006,0.0,0.0,0.0,25.5,3.66,0.0
20190926:0106,0.0,0.0,0.0,25.54,3.38,0.0
20190926:0206,0.0,0.0,0.0,25.45,3.17,0.0
20190926:0306,0.0,0.0,0.0,25.28,3.03,0.0
20190926:0406,0.0,0.0,0.0,25.16,2.69,0.0
20190926:0506,0.0,0.0,0.0,24.91,2.41,0.0
20190926:0606,31.68,62.47,7.22,24.73,2.21,0.0
20190926:0706,220.24,299.98,22.1,25.8,2.28,0.0
20190926:0806,346.37,449.22,36.95,26.4,2.76,0.0
20190926:0906,287.17,375.95,51.7,26.97,3.24,0.0
20190926:1006,500.98,653.89,66.18,27.65,3.66,0.0
20190926:1106,479.44,629.6,79.21,28.05,3.38,0.0
20190926:1206,575.85,763.38,79.34,28.41,3.1,0.0
20190926:1306,375.53,494.45,66.36,28.4,2.83,0.0
20190926:1406,432.5,565.61,51.89,28.67,3.31,0.0
20190926:1506,206.72,276.01,37.14,28.56,4.41,0.0
20190926:1606,155.17,213.22,22.29,27.64,5.03,0.0
20190926:1706,30.77,59.04,7.41,26.98,4.62,0.0
20190926:1806,0.0,0.0,0.0,26.54,4.83,0.0
20190926:1906,0.0,0.0,0.0,26.16,3.79,0.0
20190926:2006,0.0,0.0,0.0,25.98,3.31,0.0
20190926:2106,0.0,0.0,0.0,25.93,3.1,0.0
20190926:2206,0.0,0.0,0.0,25.87,3.1,0.0
20190926:2306,0.0,0.0,0.0,25.75,2.97,0.0
20190927:0006,0.0,0.0,0.0,25.68,2.69,0.0
20190927:0106,0.0,0.0,0.0,25.6,2.48,0.0
20190927:0206,0.0,0.0,0.0,25.46,2.55,0.0
20190927:0306,0.0,0.0,0.0,25.29,2.76,0.0
20190927:0406,0.0,0.0,0.0,25.18,2.9,0.0
20190927:0506,0.0,0.0,0.0,25.12,2.97,0.0
20190927:0606,24.79,48.98,7.26,25.12,2.76,0.0
20190927:0706,66.73,100.6,22.14,25.45,3.03,0.0
20190927:0806,27.03,49.31,36.97,26.25,3.72,0.0
20190927:0906,81.91,120.32,51.7,27.15,3.86,0.0
20190927:1006,399.91,521.06,66.13,27.92,4.07,0.0
20190927:1106,539.38,705.21,78.99,27.71,4.0,0.0
20190927:1206,82.51,121.31,79.0,27.64,4.0,0.0
20190927:1306,117.14,163.72,66.14,26.74,4.28,0.0
20190927:1406,478.63,615.11,51.72,26.71,4.41,0.0
20190927:1506,314.08,406.12,36.99,26.82,4.48,0.0
20190927:1606,135.27,186.86,22.16,26.03,3.86,0.0
20190927:1706,28.22,54.02,7.28,24.92,3.17,0.0
20190927:1806,0.0,0.0,0.0,24.97,3.17,0.0
20190927:1906,0.0,0.0,0.0,26.0,2.76,0.0
20190927:2006,0.0,0.0,0.0,25.99,2.9,0.0
20190927:2106,0.0,0.0,0.0,25.94,2.9,0.0
20190927:2206,0.0,0.0,0.0,25.87,2.62,0.0
20190927:2306,0.0,0.0,0.0,25.57,2.41,0.0
20190928:0006,0.0,0.0,0.0,25.2,2.0,0.0
20190928:0106,0.0,0.0,0.0,24.73,2.14,0.0
20190928:0206,0.0,0.0,0.0,24.43,1.86,0.0
20190928:0306,0.0,0.0,0.0,24.41,1.72,0.0
20190928:0406,0.0,0.0,0.0,24.37,1.38,0.0
20190928:0506,0.0,0.0,0.0,24.42,1.45,0.0
20190928:0606,4.68,15.78,7.3,24.41,1.59,0.0
20190928:0706,12.03,27.61,22.17,23.74,1.52,0.0
20190928:0806,173.5,233.15,36.99,23.99,0.41,0.0
20190928:0906,74.72,110.46,51.7,24.73,1.86,0.0
20190928:1006,140.7,192.32,66.07,25.64,2.97,0.0
20190928:1106,118.43,165.69,78.76,26.56,2.55,0.0
20190928:1206,203.17,271.22,78.65,26.76,2.69,0.0
20190928:1306,62.37,95.67,65.93,26.84,2.97,0.0
20190928:1406,262.35,344.01,51.55,26.67,3.45,0.0
20190928:1506,325.44,421.3,36.84,26.81,3.86,0.0
20190928:1606,241.92,328.27,22.02,26.51,3.66,0.0
20190928:1706,32.11,62.99,7.15,26.28,3.86,0.0
20190928:1806,0.0,0.0,0.0,25.95,4.14,0.0
20190928:1906,0.0,0.0,0.0,25.84,2.9,0.0
20190928:2006,0.0,0.0,0.0,25.76,2.97,0.0
20190928:2106,0.0,0.0,0.0,25.66,2.69,0.0
20190928:2206,0.0,0.0,0.0,25.64,2.21,0.0
20190928:2306,0.0,0.0,0.0,25.48,1.79,0.0
20190929:0006,0.0,0.0,0.0,25.26,1.72,0.0
20190929:0106,0.0,0.0,0.0,25.02,1.52,0.0
20190929:0206,0.0,0.0,0.0,25.05,1.66,0.0
20190929:0306,0.0,0.0,0.0,25.01,2.07,0.0
20190929:0406,0.0,0.0,0.0,24.97,2.21,0.0
20190929:0506,0.0,0.0,0.0,24.82,1.86,0.0
20190929:0606,35.62,70.02,7.34,24.34,1.59,0.0
20190929:0706,186.23,252.42,22.2,25.05,2.21,0.0
20190929:0806,290.1,375.77,37.01,26.2,4.14,0.0
20190929:0906,40.94,68.05,51.69,27.18,5.45,0.0
20190929:1006,693.68,894.62,66.01,27.49,6.0,0.0
20190929:1106,487.05,630.67,78.51,27.82,5.45,0.0
20190929:1206,697.68,917.56,78.3,27.96,4.48,0.0
20190929:1306,707.51,925.16,65.71,27.63,4.48,0.0
20190929:1406,476.23,612.6,51.37,27.68,5.1,0.0
20190929:1506,439.56,563.88,36.69,27.72,5.1,0.0
20190929:1606,206.7,281.46,21.88,27.6,4.34,0.0
20190929:1706,35.0,70.17,7.02,26.97,4.07,0.0
20190929:1806,0.0,0.0,0.0,26.44,3.72,0.0
20190929:1906,0.0,0.0,0.0,25.95,2.76,0.0
20190929:2006,0.0,0.0,0.0,25.79,2.55,0.0
20190929:2106,0.0,0.0,0.0,25.71,2.83,0.0
20190929:2206,0.0,0.0,0.0,25.65,3.1,0.0
20190929:2306,0.0,0.0,0.0,25.73,3.24,0.0
20190930:0006,0.0,0.0,0.0,25.58,3.24,0.0
20190930:0106,0.0,0.0,0.0,25.48,3.38,0.0
20190930:0206,0.0,0.0,0.0,25.38,3.31,0.0
20190930:0306,0.0,0.0,0.0,25.31,3.1,0.0
20190930:0406,0.0,0.0,0.0,25.18,3.03,0.0
20190930:0506,0.0,0.0,0.0,25.18,3.03,0.0
20190930:0606,23.3,46.08,7.38,25.24,3.1,0.0
20190930:0706,225.65,304.99,22.23,25.08,2.21,0.0
20190930:0806,221.14,291.65,37.02,25.82,2.76,0.0
20190930:0906,106.7,150.9,51.68,26.36,2.9,0.0
20190930:1006,51.64,81.86,65.94,26.64,3.24,0.0
20190930:1106,56.95,88.76,78.26,26.99,3.72,0.0
20190930:1206,546.97,713.16,77.95,27.08,4.0,0.0
20190930:1306,693.88,906.46,65.48,27.66,4.48,0.0
20190930:1406,622.22,800.89,51.2,27.7,5.1,0.0
20190930:1506,355.35,457.64,36.54,26.32,3.86,0.0
20190930:1606,205.33,278.21,21.74,25.58,3.03,0.0
20190930:1706,26.71,52.68,6.89,25.29,2.97,0.0
20190930:1806,0.0,0.0,0.0,24.96,3.31,0.0
20190930:1906,0.0,0.0,0.0,25.16,3.93,0.0
20190930:2006,0.0,0.0,0.0,25.07,3.45,0.0
20190930:2106,0.0,0.0,0.0,24.95,2.97,0.0
20190930:2206,0.0,0.0,0.0,24.92,2.41,0.0
20190930:2306,0.0,0.0,0.0,24.81,2.07,0.0
20191001:0006,0.0,0.0,0.0,24.67,1.86,0.0
20191001:0106,0.0,0.0,0.0,24.57,2.28,0.0
20191001:0206,0.0,0.0,0.0,24.36,2.28,0.0
20191001:0306,0.0,0.0,0.0,24.15,2.55,0.0
20191001:0406,0.0,0.0,0.0,23.84,2.76,0.0
20191001:0506,0.0,0.0,0.0,23.63,2.55,0.0
20191001:0606,3.61,13.81,7.41,24.02,2.28,0.0
20191001:0706,16.67,34.52,22.26,24.23,2.14,0.0
20191001:0806,38.44,64.11,37.04,24.34,2.83,0.0
20191001:0906,41.41,68.05,51.66,24.58,2.76,0.0
20191001:1006,52.16,81.86,65.86,24.62,3.03,0.0
20191001:1106,57.41,88.76,78.0,25.36,3.38,0.0
20191001:1206,57.36,88.76,77.6,25.48,3.24,0.0
20191001:1306,58.79,90.73,65.26,25.77,2.69,0.0
20191001:1406,76.75,113.42,51.03,25.96,2.83,0.0
20191001:1506,51.76,81.86,36.39,26.11,2.9,0.0
20191001:1606,54.99,85.8,21.61,25.7,3.45,0.0
20191001:1706,0.76,7.89,6.76,25.15,3.79,0.0
20191001:1806,0.0,0.0,0.0,24.89,3.17,0.0
20191001:1906,0.0,0.0,0.0,24.6,2.62,0.0
20191001:2006,0.0,0.0,0.0,24.58,2.83,0.0
20191001:2106,0.0,0.0,0.0,24.64,2.34,0.0
20191001:2206,0.0,0.0,0.0,24.6,1.72,0.0
20191001:2306,0.0,0.0,0.0,24.5,1.52,0.0
20191002:0006,0.0,0.0,0.0,24.32,1.59,0.0
20191002:0106,0.0,0.0,0.0,24.26,1.66,0.0
20191002:0206,0.0,0.0,0.0,24.41,2.0,0.0
20191002:0306,0.0,0.0,0.0,24.43,2.0,0.0
20191002:0406,0.0,0.0,0.0,24.27,1.72,0.0
20191002:0506,0.0,0.0,0.0,23.98,1.24,0.0
20191002:0606,2.1,10.85,7.45,23.94,0.62,0.0
20191002:0706,77.21,113.49,22.28,24.45,1.72,0.0
20191002:0806,302.42,391.73,37.04,24.43,2.0,0.0
20191002:0906,332.78,431.61,51.64,24.79,2.21,0.0
20191002:1006,573.52,750.26,65.78,25.67,2.69,0.0
20191002:1106,493.39,645.36,77.74,26.14,2.76,0.0
20191002:1206,337.34,441.04,77.25,26.43,2.76,0.0
20191002:1306,344.8,449.82,65.03,26.78,3.17,0.0
20191002:1406,410.05,530.62,50.85,26.95,3.66,0.0
20191002:1506,259.99,339.51,36.24,26.73,4.07,0.0
20191002:1606,151.0,207.06,21.47,26.32,4.69,0.0
20191002:1706,34.76,71.05,6.63,25.81,4.55,0.0
20191002:1806,0.0,0.0,0.0,25.48,4.07,0.0
20191002:1906,0.0,0.0,0.0,25.54,3.59,0.0
20191002:2006,0.0,0.0,0.0,25.36,3.24,0.0
20191002:2106,0.0,0.0,0.0,25.19,2.76,0.0
20191002:2206,0.0,0.0,0.0,25.02,2.69,0.0
20191002:2306,0.0,0.0,0.0,24.88,2.55,0.0
20191003:0006,0.0,0.0,0.0,24.78,2.21,0.0
20191003:0106,0.0,0.0,0.0,24.73,2.14,0.0
20191003:0206,0.0,0.0,0.0,24.77,2.21,0.0
20191003:0306,0.0,0.0,0.0,24.68,2.14,0.0
20191003:0406,0.0,0.0,0.0,24.57,2.21,0.0
20191003:0506,0.0,0.0,0.0,24.39,2.34,0.0
20191003:0606,33.22,62.91,7.48,24.18,2.76,0.0
20191003:0706,44.53,72.0,22.3,24.34,3.1,0.0
20191003:0806,110.54,154.84,37.05,25.3,3.24,0.0
20191003:0906,200.68,267.38,51.62,26.45,2.97,0.0
20191003:1006,99.76,143.01,65.69,27.51,2.9,0.0
20191003:1106,750.13,1022.28,77.46,27.68,2.14,0.0
20191003:1206,718.35,987.48,76.89,27.57,1.45,0.0
20191003:1306,591.99,798.01,64.8,27.59,1.38,0.0
20191003:1406,356.52,472.31,50.67,27.61,1.17,0.0
20191003:1506,137.63,190.47,36.09,27.06,1.45,0.0
20191003:1606,45.39,73.97,21.33,26.87,1.72,0.0
20191003:1706,33.76,69.23,6.5,26.5,2.55,0.0
20191003:1806,0.0,0.0,0.0,25.93,3.72,0.0
20191003:1906,0.0,0.0,0.0,25.81,2.0,0.0
20191003:2006,0.0,0.0,0.0,25.51,1.17,0.0
20191003:2106,0.0,0.0,0.0,25.42,1.38,0.0
20191003:2206,0.0,0.0,0.0,25.45,1.66,0.0
20191003:2306,0.0,0.0,0.0,25.4,2.0,0.0
20191004:0006,0.0,0.0,0.0,25.32,2.48,0.0
20191004:0106,0.0,0.0,0.0,25.27,2.69,0.0
20191004:0206,0.0,0.0,0.0,24.72,2.41,0.0
20191004:0306,0.0,0.0,0.0,24.48,2.41,0.0
20191004:0406,0.0,0.0,0.0,24.55,2.48,0.0
20191004:0506,0.0,0.0,0.0,24.6,2.34,0.0
20191004:0606,19.1,38.87,7.5,24.67,2.07,0.0
20191004:0706,88.11,127.49,22.32,24.89,1.24,0.0
20191004:0806,104.5,147.94,37.05,24.77,0.62,0.0
20191004:0906,41.25,68.05,51.58,24.77,0.55,0.0
20191004:1006,51.77,81.86,65.59,25.16,0.14,0.0
20191004:1106,75.08,111.45,77.18,25.39,0.76,0.0
20191004:1206,113.05,158.79,76.54,25.38,1.03,0.0
20191004:1306,211.76,281.13,64.57,24.67,1.17,0.0
20191004:1406,310.83,405.49,50.5,24.73,1.52,0.0
20191004:1506,404.05,522.43,35.94,24.5,1.66,0.0
20191004:1606,201.1,273.3,21.2,24.64,1.59,0.0
20191004:1706,31.65,65.3,6.38,24.66,1.17,0.0
20191004:1806,0.0,0.0,0.0,24.77,1.17,0.0
20191004:1906,0.0,0.0,0.0,24.43,1.31,0.0
20191004:2006,0.0,0.0,0.0,24.48,1.66,0.0
20191004:2106,0.0,0.0,0.0,24.4,1.66,0.0
20191004:2206,0.0,0.0,0.0,24.4,1.59,0.0
20191004:2306,0.0,0.0,0.0,24.36,0.83,0.0
20191005:0006,0.0,0.0,0.0,24.4,0.69,0.0
20191005:0106,0.0,0.0,0.0,24.25,0.55,0.0
20191005:0206,0.0,0.0,0.0,24.56,0.41,0.0
20191005:0306,0.0,0.0,0.0,24.28,0.07,0.0
20191005:0406,0.0,0.0,0.0,24.02,0.69,0.0
20191005:0506,0.0,0.0,0.0,23.91,1.31,0.0
20191005:0606,15.87,33.74,7.53,24.09,2.14,0.0
20191005:0706,50.0,78.9,22.33,24.15,3.93,0.0
20191005:0806,33.97,58.19,37.04,24.31,4.21,0.0
20191005:0906,56.17,86.79,51.55,24.52,4.76,0.0
20191005:1006,108.77,151.88,65.49,24.69,5.03,0.0
20191005:1106,210.27,276.15,76.9,24.69,4.21,0.0
20191005:1206,84.42,122.29,76.18,24.74,3.17,0.0
20191005:1306,186.33,247.55,64.34,25.08,3.66,0.0
20191005:1406,187.69,249.58,50.32,25.8,4.34,0.0
20191005:1506,181.28,240.53,35.79,25.16,4.76,0.0
20191005:1606,122.11,169.83,21.07,25.13,3.66,0.0
20191005:1706,24.32,49.76,6.26,25.1,2.97,0.0
20191005:1806,0.0,0.0,0.0,24.98,2.69,0.0
20191005:1906,0.0,0.0,0.0,24.84,1.72,0.0
20191005:2006,0.0,0.0,0.0,24.82,1.72,0.0
20191005:2106,0.0,0.0,0.0,24.78,1.79,0.0
20191005:2206,0.0,0.0,0.0,24.65,1.59,0.0
20191005:2306,0.0,0.0,0.0,24.37,1.1,0.0
20191006:0006,0.0,0.0,0.0,23.92,0.9,0.0
20191006:0106,0.0,0.0,0.0,23.57,1.03,0.0
20191006:0206,0.0,0.0,0.0,23.48,1.17,0.0
20191006:0306,0.0,0.0,0.0,23.52,1.31,0.0
20191006:0406,0.0,0.0,0.0,23.69,1.66,0.0
20191006:0506,0.0,0.0,0.0,23.81,1.79,0.0
20191006:0606,41.4,78.34,7.56,23.96,1.93,0.0
20191006:0706,235.27,315.33,22.34,24.46,2.21,0.0
20191006:0806,434.0,559.62,37.03,25.56,2.48,0.0
20191006:0906,507.94,663.56,51.51,26.44,2.28,0.0
20191006:1006,289.94,382.51,65.38,27.31,2.34,0.0
20191006:1106,534.76,709.37,76.6,27.98,2.55,0.0
20191006:1206,511.01,672.44,75.83,28.48,3.52,0.0
20191006:1306,689.32,903.68,64.1,26.74,3.66,0.0
20191006:1406,599.22,776.92,50.14,26.41,3.31,0.0
20191006:1506,368.44,475.49,35.64,26.39,3.31,0.0
20191006:1606,147.43,203.27,20.93,26.53,3.72,0.0
20191006:1706,26.0,53.85,6.14,26.29,3.59,0.0
20191006:1806,0.0,0.0,0.0,25.99,3.52,0.0
20191006:1906,0.0,0.0,0.0,25.72,3.03,0.0
20191006:2006,0.0,0.0,0.0,25.64,2.9,0.0
20191006:2106,0.0,0.0,0.0,25.51,2.9,0.0
20191006:2206,0.0,0.0,0.0,25.38,2.97,0.0
20191006:2306,0.0,0.0,0.0,25.24,3.03,0.0
20191007:0006,0.0,0.0,0.0,25.08,3.45,0.0
20191007:0106,0.0,0.0,0.0,25.0,3.45,0.0
20191007:0206,0.0,0.0,0.0,24.92,3.31,0.0
20191007:0306,0.0,0.0,0.0,24.85,3.17,0.0
20191007:0406,0.0,0.0,0.0,24.81,3.17,0.0
20191007:0506,0.0,0.0,0.0,24.77,2.97,0.0
20191007:0606,37.23,69.79,7.58,24.58,2.48,0.0
20191007:0706,187.35,252.09,22.35,25.31,3.52,0.0
20191007:0806,186.47,248.49,37.02,26.17,3.86,0.0
20191007:0906,580.25,752.22,51.46,27.11,3.66,0.0
20191007:1006,674.56,886.81,65.26,27.64,3.79,0.0
20191007:1106,167.9,227.82,76.31,28.23,4.28,0.0
20191007:1206,282.9,370.25,75.47,27.66,4.97,0.0
20191007:1306,310.68,402.73,63.87,26.46,4.9,0.0
20191007:1406,305.66,395.66,49.96,25.83,4.0,0.0
20191007:1506,48.8,77.91,35.49,25.95,4.48,0.0
20191007:1606,18.61,37.48,20.8,25.85,5.38,0.0
20191007:1706,6.94,19.72,6.02,25.7,4.83,0.0
20191007:1806,0.0,0.0,0.0,25.65,4.55,0.0
20191007:1906,0.0,0.0,0.0,25.69,4.69,0.0
20191007:2006,0.0,0.0,0.0,25.62,4.76,0.0
20191007:2106,0.0,0.0,0.0,25.32,4.62,0.0
20191007:2206,0.0,0.0,0.0,24.94,4.48,0.0
20191007:2306,0.0,0.0,0.0,24.78,4.21,0.0
20191008:0006,0.0,0.0,0.0,24.52,3.86,0.0
20191008:0106,0.0,0.0,0.0,24.24,4.21,0.0
20191008:0206,0.0,0.0,0.0,24.21,4.97,0.0
20191008:0306,0.0,0.0,0.0,24.28,5.24,0.0
20191008:0406,0.0,0.0,0.0,24.36,4.62,0.0
20191008:0506,0.0,0.0,0.0,24.46,4.34,0.0
20191008:0606,8.83,22.68,7.6,24.1,4.07,0.0
20191008:0706,34.71,59.17,22.36,24.26,3.38,0.0
20191008:0806,38.39,64.11,37.01,24.68,3.45,0.0
20191008:0906,69.1,103.56,51.41,25.54,3.52,0.0
20191008:1006,217.93,288.04,65.13,26.37,3.86,0.0
20191008:1106,224.94,296.86,76.01,27.0,4.9,0.0
20191008:1206,102.71,144.98,75.12,25.39,4.62,0.0
20191008:1306,102.77,144.98,63.63,25.34,4.9,0.0
20191008:1406,115.23,160.76,49.78,26.11,5.03,0.0
20191008:1506,330.11,424.34,35.34,26.35,4.83,0.0
20191008:1606,27.75,50.3,20.67,26.37,4.28,0.0
20191008:1706,21.81,46.16,5.9,26.06,4.0,0.0
20191008:1806,0.0,0.0,0.0,25.85,3.17,0.0
20191008:1906,0.0,0.0,0.0,25.42,2.62,0.0
20191008:2006,0.0,0.0,0.0,25.48,2.41,0.0
20191008:2106,0.0,0.0,0.0,25.3,2.34,0.0
20191008:2206,0.0,0.0,0.0,25.15,2.28,0.0
20191008:2306,0.0,0.0,0.0,24.93,2.07,0.0
20191009:0006,0.0,0.0,0.0,24.81,2.28,0.0
20191009:0106,0.0,0.0,0.0,24.59,2.62,0.0
20191009:0206,0.0,0.0,0.0,24.33,2.76,0.0
20191009:0306,0.0,0.0,0.0,24.25,2.76,0.0
20191009:0406,0.0,0.0,0.0,24.23,2.76,0.0
20191009:0506,0.0,0.0,0.0,24.1,2.83,0.0
20191009:0606,46.56,87.22,7.61,24.21,3.03,0.0
20191009:0706,152.26,207.16,22.36,24.97,3.17,0.0
20191009:0806,159.59,215.34,36.99,25.67,3.31,0.0
20191009:0906,376.46,487.55,51.35,26.39,3.31,0.0
20191009:1006,646.89,838.02,65.0,26.19,4.41,0.0
20191009:1106,483.83,623.96,75.7,25.88,4.41,0.0
20191009:1206,559.39,724.24,74.76,25.93,4.21,0.0
20191009:1306,534.9,689.05,63.39,26.47,4.76,0.0
20191009:1406,345.89,445.02,49.6,26.24,4.9,0.0
20191009:1506,274.39,355.84,35.19,26.43,4.83,0.0
20191009:1606,156.59,214.55,20.55,26.38,4.9,0.0
20191009:1706,26.94,56.95,5.79,25.85,4.97,0.0
20191009:1806,0.0,0.0,0.0,25.54,4.41,0.0
20191009:1906,0.0,0.0,0.0,24.92,3.59,0.0
20191009:2006,0.0,0.0,0.0,24.99,3.52,0.0
20191009:2106,0.0,0.0,0.0,25.16,3.31,0.0
20191009:2206,0.0,0.0,0.0,25.15,3.1,0.0
20191009:2306,0.0,0.0,0.0,24.55,3.1,0.0
20191010:0006,0.0,0.0,0.0,24.46,2.9,0.0
20191010:0106,0.0,0.0,0.0,24.42,2.9,0.0
20191010:0206,0.0,0.0,0.0,24.39,2.97,0.0
20191010:0306,0.0,0.0,0.0,24.29,3.31,0.0
20191010:0406,0.0,0.0,0.0,24.17,3.24,0.0
20191010:0506,0.0,0.0,0.0,24.25,3.17,0.0
20191010:0606,35.28,65.46,7.63,24.25,2.69,0.0
20191010:0706,245.23,328.69,22.36,24.79,1.93,0.0
20191010:0806,400.68,518.84,36.96,25.41,1.93,0.0
20191010:0906,589.19,774.83,51.29,25.98,1.93,0.0
20191010:1006,533.24,703.13,64.86,26.79,2.28,0.0
20191010:1106,580.19,766.86,75.39,27.22,2.83,0.0
20191010:1206,667.06,884.46,74.41,27.26,3.17,0.0
20191010:1306,439.82,572.72,63.15,27.36,3.59,0.0
20191010:1406,385.56,499.6,49.43,27.5,4.0,0.0
20191010:1506,315.08,407.94,35.05,27.16,4.41,0.0
20191010:1606,144.16,199.33,20.42,27.05,4.69,0.0
20191010:1706,17.24,38.29,5.68,26.55,4.41,0.0
20191010:1806,0.0,0.0,0.0,26.05,4.0,0.0
20191010:1906,0.0,0.0,0.0,25.83,3.31,0.0
20191010:2006,0.0,0.0,0.0,25.75,3.17,0.0
20191010:2106,0.0,0.0,0.0,25.73,3.1,0.0
20191010:2206,0.0,0.0,0.0,25.69,2.9,0.0
20191010:2306,0.0,0.0,0.0,25.53,2.62,0.0
20191011:0006,0.0,0.0,0.0,25.38,2.55,0.0
20191011:0106,0.0,0.0,0.0,25.05,2.34,0.0
20191011:0206,0.0,0.0,0.0,24.49,1.93,0.0
20191011:0306,0.0,0.0,0.0,24.41,1.79,0.0
20191011:0406,0.0,0.0,0.0,24.32,1.31,0.0
20191011:0506,0.0,0.0,0.0,24.27,1.59,0.0
20191011:0606,44.44,82.99,7.64,24.49,1.86,0.0
20191011:0706,123.15,170.92,22.36,25.0,2.48,0.0
20191011:0806,290.62,378.03,36.94,25.67,2.48,0.0
20191011:0906,255.02,335.61,51.23,26.37,2.55,0.0
20191011:1006,298.02,390.8,64.72,26.85,2.9,0.0
20191011:1106,77.65,114.4,75.08,25.97,3.86,0.0
20191011:1206,56.44,87.78,74.06,26.02,3.31,0.0
20191011:1306,50.25,79.89,62.92,26.08,3.38,0.0
20191011:1406,39.62,66.08,49.25,25.97,2.97,0.0
20191011:1506,38.23,64.11,34.9,25.51,3.66,0.0
20191011:1606,149.75,205.58,20.3,25.54,3.72,0.0
20191011:1706,21.39,47.34,5.57,25.3,3.59,0.0
20191011:1806,0.0,0.0,0.0,25.18,3.59,0.0
20191011:1906,0.0,0.0,0.0,25.2,2.55,0.0
20191011:2006,0.0,0.0,0.0,25.26,2.76,0.0
20191011:2106,0.0,0.0,0.0,25.18,2.21,0.0
20191011:2206,0.0,0.0,0.0,25.05,1.17,0.0
20191011:2306,0.0,0.0,0.0,25.05,1.31,0.0
20191012:0006,0.0,0.0,0.0,24.85,1.31,0.0
20191012:0106,0.0,0.0,0.0,24.75,1.1,0.0
20191012:0206,0.0,0.0,0.0,24.33,0.97,0.0
20191012:0306,0.0,0.0,0.0,23.92,0.97,0.0
20191012:0406,0.0,0.0,0.0,23.9,0.55,0.0
20191012:0506,0.0,0.0,0.0,23.98,1.17,0.0
20191012:0606,12.67,28.6,7.65,23.9,1.66,0.0
20191012:0706,30.97,54.24,22.35,24.01,1.17,0.0
20191012:0806,57.6,88.76,36.91,24.21,1.59,0.0
20191012:0906,126.79,174.57,51.15,24.26,1.86,0.0
20191012:1006,73.41,108.49,64.57,24.14,2.21,0.0
20191012:1106,207.48,273.19,74.76,24.07,2.69,0.0
20191012:1206,64.86,97.64,73.71,23.96,2.97,0.0
20191012:1306,50.79,79.89,62.68,23.79,2.41,0.0
20191012:1406,75.08,110.46,49.07,23.76,1.79,0.0
20191012:1506,134.87,184.62,34.76,23.87,1.03,0.0
20191012:1606,146.07,201.53,20.17,23.95,0.41,0.0
20191012:1706,19.07,41.9,5.46,24.39,0.28,0.0
20191012:1806,0.0,0.0,0.0,24.05,1.1,0.0
20191012:1906,0.0,0.0,0.0,24.08,0.83,0.0
20191012:2006,0.0,0.0,0.0,24.26,2.07,0.0
20191012:2106,0.0,0.0,0.0,24.2,2.14,0.0
20191012:2206,0.0,0.0,0.0,24.08,1.86,0.0
20191012:2306,0.0,0.0,0.0,23.93,1.72,0.0
20191013:0006,0.0,0.0,0.0,23.88,2.07,0.0
20191013:0106,0.0,0.0,0.0,23.78,2.21,0.0
20191013:0206,0.0,0.0,0.0,23.65,1.86,0.0
20191013:0306,0.0,0.0,0.0,23.52,1.79,0.0
20191013:0406,0.0,0.0,0.0,23.41,2.07,0.0
20191013:0506,0.0,0.0,0.0,23.24,2.28,0.0
20191013:0606,45.51,83.86,7.66,23.22,2.55,0.0
20191013:0706,261.93,349.35,22.34,23.94,1.66,0.0
20191013:0806,438.01,569.91,36.87,25.22,1.38,0.0
20191013:0906,575.31,760.65,51.08,26.4,1.66,0.0
20191013:1006,664.67,893.41,64.41,27.42,2.0,0.0
20191013:1106,651.82,877.98,74.44,28.16,2.28,0.0
20191013:1206,457.89,607.64,73.36,28.75,2.41,0.0
20191013:1306,123.41,173.58,62.44,28.79,2.55,0.0
20191013:1406,462.67,606.99,48.89,28.96,2.97,0.0
20191013:1506,266.95,348.9,34.62,26.52,3.1,0.0
20191013:1606,227.15,310.11,20.05,26.41,3.1,0.0
20191013:1706,21.59,49.72,5.35,26.21,3.17,0.0
20191013:1806,0.0,0.0,0.0,25.84,3.59,0.0
20191013:1906,0.0,0.0,0.0,25.68,3.1,0.0
20191013:2006,0.0,0.0,0.0,25.51,2.9,0.0
20191013:2106,0.0,0.0,0.0,25.31,2.76,0.0
20191013:2206,0.0,0.0,0.0,25.19,2.83,0.0
20191013:2306,0.0,0.0,0.0,25.14,2.97,0.0
20191014:0006,0.0,0.0,0.0,25.08,2.97,0.0
20191014:0106,0.0,0.0,0.0,25.0,2.97,0.0
20191014:0206,0.0,0.0,0.0,24.94,2.97,0.0
20191014:0306,0.0,0.0,0.0,24.82,2.9,0.0
20191014:0406,0.0,0.0,0.0,24.74,2.83,0.0
20191014:0506,0.0,0.0,0.0,24.57,2.83,0.0
20191014:0606,35.21,64.98,7.66,24.54,2.69,0.0
20191014:0706,94.78,135.84,22.33,25.68,2.97,0.0
20191014:0806,173.66,233.58,36.83,26.63,3.31,0.0
20191014:0906,377.68,492.48,51.0,27.57,3.1,0.0
20191014:1006,716.58,964.67,64.25,28.36,2.62,0.0
20191014:1106,729.68,983.89,74.12,28.88,3.03,0.0
20191014:1206,761.47,1023.71,73.01,29.31,3.66,0.0
20191014:1306,681.92,899.49,62.2,27.7,3.52,0.0
20191014:1406,513.84,665.25,48.72,27.06,3.52,0.0
20191014:1506,373.68,479.88,34.47,26.83,4.62,0.0
20191014:1606,187.72,256.18,19.93,26.78,4.69,0.0
20191014:1706,22.38,51.02,5.25,26.54,4.07,0.0
20191014:1806,0.0,0.0,0.0,26.27,3.45,0.0
20191014:1906,0.0,0.0,0.0,26.15,3.38,0.0
20191014:2006,0.0,0.0,0.0,25.96,3.38,0.0
20191014:2106,0.0,0.0,0.0,25.93,3.59,0.0
20191014:2206,0.0,0.0,0.0,25.9,3.86,0.0
20191014:2306,0.0,0.0,0.0,25.83,3.93,0.0
20191015:0006,0.0,0.0,0.0,25.61,3.86,0.0
20191015:0106,0.0,0.0,0.0,25.5,3.93,0.0
20191015:0206,0.0,0.0,0.0,24.95,3.03,0.0
20191015:0306,0.0,0.0,0.0,24.68,2.62,0.0
20191015:0406,0.0,0.0,0.0,24.49,2.28,0.0
20191015:0506,0.0,0.0,0.0,24.64,2.07,0.0
20191015:0606,1.62,9.86,7.66,24.85,1.86,0.0
20191015:0706,61.19,93.69,22.31,25.4,2.07,0.0
20191015:0806,206.58,274.53,36.79,26.21,2.34,0.0
20191015:0906,585.22,764.5,50.91,26.52,2.69,0.0
20191015:1006,612.8,810.06,64.09,27.2,2.76,0.0
20191015:1106,627.14,833.76,73.8,27.56,2.83,0.0
20191015:1206,679.51,904.01,72.66,26.11,2.55,0.0
20191015:1306,510.28,665.13,61.96,26.29,2.97,0.0
20191015:1406,121.76,169.63,48.54,26.7,3.38,0.0
20191015:1506,180.85,242.24,34.34,26.59,3.45,0.0
20191015:1606,106.6,151.5,19.82,26.4,3.24,0.0
20191015:1706,12.68,30.55,5.15,25.63,2.55,0.0
20191015:1806,0.0,0.0,0.0,25.52,2.83,0.0
20191015:1906,0.0,0.0,0.0,25.85,2.48,0.0
20191015:2006,0.0,0.0,0.0,25.73,2.55,0.0
20191015:2106,0.0,0.0,0.0,25.72,2.41,0.0
20191015:2206,0.0,0.0,0.0,25.68,2.34,0.0
20191015:2306,0.0,0.0,0.0,25.62,2.41,0.0
20191016:0006,0.0,0.0,0.0,25.52,2.55,0.0
20191016:0106,0.0,0.0,0.0,25.43,2.55,0.0
20191016:0206,0.0,0.0,0.0,25.36,2.28,0.0
20191016:0306,0.0,0.0,0.0,25.21,1.79,0.0
20191016:0406,0.0,0.0,0.0,24.74,1.17,0.0
20191016:0506,0.0,0.0,0.0,24.41,1.1,0.0
20191016:0606,35.5,65.01,7.66,24.47,1.1,0.0
20191016:0706,201.99,273.22,22.29,25.81,1.17,0.0
20191016:0806,362.46,472.85,36.74,26.89,2.0,0.0
20191016:0906,407.43,532.53,50.82,27.53,2.62,0.0
20191016:1006,575.26,759.88,63.92,27.9,2.9,0.0
20191016:1106,329.26,433.78,73.48,28.35,3.1,0.0
20191016:1206,457.51,601.25,72.32,28.64,3.52,0.0
20191016:1306,708.24,935.11,61.73,28.48,4.0,0.0
20191016:1406,602.13,778.61,48.37,27.12,4.0,0.0
20191016:1506,424.0,546.61,34.2,27.07,3.66,0.0
20191016:1606,197.41,270.72,19.7,26.84,2.83,0.0
20191016:1706,10.41,26.0,5.06,26.6,2.76,0.0
20191016:1806,0.0,0.0,0.0,26.29,3.38,0.0
20191016:1906,0.0,0.0,0.0,26.26,2.76,0.0
20191016:2006,0.0,0.0,0.0,26.15,2.9,0.0
20191016:2106,0.0,0.0,0.0,26.02,2.69,0.0
20191016:2206,0.0,0.0,0.0,25.81,2.69,0.0
20191016:2306,0.0,0.0,0.0,25.62,2.76,0.0
20191017:0006,0.0,0.0,0.0,25.46,2.21,0.0
20191017:0106,0.0,0.0,0.0,25.06,1.86,0.0
20191017:0206,0.0,0.0,0.0,25.03,2.14,0.0
20191017:0306,0.0,0.0,0.0,24.88,2.28,0.0
20191017:0406,0.0,0.0,0.0,24.76,2.0,0.0
20191017:0506,0.0,0.0,0.0,24.62,1.93,0.0
20191017:0606,43.46,79.27,7.66,24.67,1.93,0.0
20191017:0706,238.88,319.91,22.26,25.58,2.14,0.0
20191017:0806,316.84,411.49,36.69,26.56,2.97,0.0
20191017:0906,461.69,602.08,50.73,27.58,2.97,0.0
20191017:1006,299.53,395.09,63.74,27.87,2.69,0.0
20191017:1106,340.41,449.07,73.15,28.14,2.62,0.0
20191017:1206,226.75,302.85,71.98,28.25,2.76,0.0
20191017:1306,417.48,547.63,61.49,28.43,3.24,0.0
20191017:1406,570.72,747.24,48.2,27.09,2.55,0.0
20191017:1506,365.3,473.01,34.06,26.04,2.48,0.0
20191017:1606,212.23,290.06,19.59,26.07,2.76,0.0
20191017:1706,18.91,44.06,4.96,25.88,2.97,0.0
20191017:1806,0.0,0.0,0.0,25.85,2.62,0.0
20191017:1906,0.0,0.0,0.0,26.11,3.31,0.0
20191017:2006,0.0,0.0,0.0,25.98,3.17,0.0
20191017:2106,0.0,0.0,0.0,25.94,2.76,0.0
20191017:2206,0.0,0.0,0.0,25.91,2.62,0.0
20191017:2306,0.0,0.0,0.0,25.71,2.28,0.0
20191018:0006,0.0,0.0,0.0,24.72,0.69,0.0
20191018:0106,0.0,0.0,0.0,24.15,0.9,0.0
20191018:0206,0.0,0.0,0.0,23.96,0.55,0.0
20191018:0306,0.0,0.0,0.0,24.04,1.38,0.0
20191018:0406,0.0,0.0,0.0,23.94,1.72,0.0
20191018:0506,0.0,0.0,0.0,23.93,1.59,0.0
20191018:0606,12.67,28.6,7.65,23.9,1.66,0.0
20191018:0706,16.68,34.52,22.24,23.98,0.9,0.0
20191018:0806,33.83,58.19,36.63,24.47,0.69,0.0
20191018:0906,53.5,83.83,50.63,24.99,1.52,0.0
20191018:1006,102.85,145.96,63.56,25.58,1.72,0.0
20191018:1106,125.56,174.57,72.83,26.26,1.93,0.0
20191018:1206,80.31,118.35,71.64,26.72,2.28,0.0
20191018:1306,235.69,311.91,61.26,27.04,3.1,0.0
20191018:1406,172.5,232.85,48.03,27.12,3.31,0.0
20191018:1506,241.69,318.04,33.93,27.07,3.31,0.0
20191018:1606,95.14,137.02,19.48,26.33,3.1,0.0
20191018:1706,17.81,42.03,4.87,26.29,2.76,0.0
20191018:1806,0.0,0.0,0.0,25.9,2.55,0.0
20191018:1906,0.0,0.0,0.0,25.58,2.07,0.0
20191018:2006,0.0,0.0,0.0,25.46,2.34,0.0
20191018:2106,0.0,0.0,0.0,25.27,2.83,0.0
20191018:2206,0.0,0.0,0.0,24.7,3.03,0.0
20191018:2306,0.0,0.0,0.0,24.51,2.28,0.0
20191019:0006,0.0,0.0,0.0,24.34,1.31,0.0
20191019:0106,0.0,0.0,0.0,24.04,1.31,0.0
20191019:0206,0.0,0.0,0.0,23.95,1.17,0.0
20191019:0306,0.0,0.0,0.0,23.69,0.9,0.0
20191019:0406,0.0,0.0,0.0,23.75,0.97,0.0
20191019:0506,0.0,0.0,0.0,23.79,0.9,0.0
20191019:0606,42.5,77.1,7.64,23.92,0.83,0.0
20191019:0706,207.63,276.63,22.21,24.03,2.28,0.0
20191019:0806,403.33,516.77,36.58,24.04,2.34,0.0
20191019:0906,305.17,397.07,50.52,24.21,1.59,0.0
20191019:1006,417.1,546.36,63.37,24.08,1.03,0.0
20191019:1106,638.02,857.37,72.5,24.03,1.03,0.0
20191019:1206,588.07,774.04,71.3,24.09,1.86,0.0
20191019:1306,131.2,180.48,61.02,24.46,1.24,0.0
20191019:1406,176.54,236.8,47.86,24.71,1.38,0.0
20191019:1506,136.6,186.65,33.8,25.25,3.59,0.0
20191019:1606,88.17,127.61,19.38,25.53,4.0,0.0
20191019:1706,10.39,26.55,4.78,25.65,5.03,0.0
20191019:1806,0.0,0.0,0.0,25.59,4.76,0.0
20191019:1906,0.0,0.0,0.0,25.34,4.62,0.0
20191019:2006,0.0,0.0,0.0,25.23,4.62,0.0
20191019:2106,0.0,0.0,0.0,24.94,4.69,0.0
20191019:2206,0.0,0.0,0.0,24.62,4.28,0.0
20191019:2306,0.0,0.0,0.0,24.55,3.93,0.0
20191020:0006,0.0,0.0,0.0,24.38,3.52,0.0
20191020:0106,0.0,0.0,0.0,24.14,2.97,0.0
20191020:0206,0.0,0.0,0.0,24.17,2.69,0.0
20191020:0306,0.0,0.0,0.0,24.15,2.55,0.0
20191020:0406,0.0,0.0,0.0,24.2,2.34,0.0
20191020:0506,0.0,0.0,0.0,24.12,2.07,0.0
20191020:0606,0.38,6.9,7.63,24.06,2.0,0.0
20191020:0706,11.97,27.61,22.17,24.66,2.97,0.0
20191020:0806,27.17,49.31,36.51,25.18,2.9,0.0
20191020:0906,323.67,419.26,50.41,25.59,3.17,0.0
20191020:1006,62.87,95.67,63.18,25.27,2.97,0.0
20191020:1106,55.74,86.79,72.18,25.71,3.1,0.0
20191020:1206,75.94,112.43,70.97,26.26,3.72,0.0
20191020:1306,57.96,89.75,60.79,26.26,4.14,0.0
20191020:1406,61.91,94.68,47.69,26.0,3.72,0.0
20191020:1506,142.87,194.68,33.67,25.76,3.79,0.0
20191020:1606,209.36,284.89,19.27,25.85,3.86,0.0
20191020:1706,3.57,13.81,4.7,25.67,2.97,0.0
20191020:1806,0.0,0.0,0.0,25.49,2.69,0.0
20191020:1906,0.0,0.0,0.0,25.5,2.34,0.0
20191020:2006,0.0,0.0,0.0,25.48,2.07,0.0
20191020:2106,0.0,0.0,0.0,25.42,1.72,0.0
20191020:2206,0.0,0.0,0.0,25.18,1.24,0.0
20191020:2306,0.0,0.0,0.0,24.8,0.97,0.0
20191021:0006,0.0,0.0,0.0,24.65,0.9,0.0
20191021:0106,0.0,0.0,0.0,24.3,1.03,0.0
20191021:0206,0.0,0.0,0.0,24.03,1.1,0.0
20191021:0306,0.0,0.0,0.0,24.04,0.97,0.0
20191021:0406,0.0,0.0,0.0,23.75,1.1,0.0
20191021:0506,0.0,0.0,0.0,23.77,1.03,0.0
20191021:0606,49.84,89.94,7.61,23.83,1.1,0.0
20191021:0706,251.99,338.03,22.13,25.06,1.1,0.0
20191021:0806,461.59,609.27,36.45,25.7,0.62,0.0
20191021:0906,604.25,822.24,50.3,26.48,0.41,0.0
20191021:1006,626.94,853.43,62.99,27.52,1.1,0.0
20191021:1106,674.46,920.35,71.85,28.3,1.72,0.0
20191021:1206,607.91,818.39,70.63,28.82,2.21,0.0
20191021:1306,701.79,944.66,60.56,28.82,2.62,0.0
20191021:1406,500.24,655.5,47.52,28.66,2.97,0.0
20191021:1506,419.47,543.87,33.54,27.38,3.03,0.0
20191021:1606,215.3,295.35,19.17,27.17,3.31,0.0
20191021:1706,16.83,40.98,4.62,26.74,2.83,0.0
20191021:1806,0.0,0.0,0.0,26.21,2.9,0.0
20191021:1906,0.0,0.0,0.0,25.79,2.76,0.0
20191021:2006,0.0,0.0,0.0,25.64,2.55,0.0
20191021:2106,0.0,0.0,0.0,25.55,2.34,0.0
20191021:2206,0.0,0.0,0.0,25.48,2.21,0.0
20191021:2306,0.0,0.0,0.0,25.42,2.41,0.0
20191022:0006,0.0,0.0,0.0,25.29,2.62,0.0
20191022:0106,0.0,0.0,0.0,25.2,2.62,0.0
20191022:0206,0.0,0.0,0.0,25.16,2.62,0.0
20191022:0306,0.0,0.0,0.0,25.05,2.69,0.0
20191022:0406,0.0,0.0,0.0,24.94,2.69,0.0
20191022:0506,0.0,0.0,0.0,24.83,2.76,0.0
20191022:0606,26.89,50.78,7.59,24.76,2.62,0.0
20191022:0706,38.21,64.11,22.09,25.55,3.17,0.0
20191022:0806,26.99,49.31,36.37,26.46,2.97,0.0
20191022:0906,364.09,476.8,50.18,27.25,2.28,0.0
20191022:1006,726.91,985.81,62.79,27.88,2.14,0.0
20191022:1106,418.96,555.9,71.53,28.56,2.14,0.0
20191022:1206,664.04,898.98,70.3,28.92,2.28,0.0
20191022:1306,560.17,738.65,60.33,27.4,2.62,0.0
20191022:1406,556.62,726.55,47.36,27.52,2.97,0.0
20191022:1506,382.64,495.85,33.41,27.46,3.31,0.0
20191022:1606,208.49,286.25,19.07,27.44,3.59,0.0
20191022:1706,13.34,33.27,4.54,27.01,3.38,0.0
20191022:1806,0.0,0.0,0.0,26.65,3.03,0.0
20191022:1906,0.0,0.0,0.0,26.25,2.9,0.0
20191022:2006,0.0,0.0,0.0,26.11,2.76,0.0
20191022:2106,0.0,0.0,0.0,26.04,2.55,0.0
20191022:2206,0.0,0.0,0.0,25.96,2.48,0.0
20191022:2306,0.0,0.0,0.0,25.92,2.34,0.0
20191023:0006,0.0,0.0,0.0,25.8,2.41,0.0
20191023:0106,0.0,0.0,0.0,25.69,2.55,0.0
20191023:0206,0.0,0.0,0.0,25.63,2.62,0.0
20191023:0306,0.0,0.0,0.0,25.55,2.21,0.0
20191023:0406,0.0,0.0,0.0,25.53,1.86,0.0
20191023:0506,0.0,0.0,0.0,24.99,1.59,0.0
20191023:0606,34.86,63.87,7.57,25.0,1.45,0.0
20191023:0706,124.94,174.48,22.05,26.28,1.52,0.0
20191023:0806,34.91,60.16,36.3,26.94,1.72,0.0
20191023:0906,152.94,210.07,50.06,27.77,1.86,0.0
20191023:1006,115.57,163.72,62.59,28.58,2.21,0.0
20191023:1106,237.69,317.66,71.2,28.96,2.9,0.0
20191023:1206,317.47,419.15,69.98,28.93,3.31,0.0
20191023:1306,243.57,323.99,60.1,28.54,3.17,0.0
20191023:1406,333.79,435.54,47.2,27.09,2.83,0.0
20191023:1506,431.81,559.74,33.29,27.08,2.9,0.0
20191023:1606,124.23,174.67,18.98,26.96,3.03,0.0
20191023:1706,6.84,20.32,4.46,26.67,2.55,0.0
20191023:1806,0.0,0.0,0.0,26.43,2.34,0.0
20191023:1906,0.0,0.0,0.0,26.46,2.21,0.0
20191023:2006,0.0,0.0,0.0,26.26,2.14,0.0
20191023:2106,0.0,0.0,0.0,26.02,2.07,0.0
20191023:2206,0.0,0.0,0.0,25.86,1.86,0.0
20191023:2306,0.0,0.0,0.0,25.66,2.14,0.0
20191024:0006,0.0,0.0,0.0,25.45,2.28,0.0
20191024:0106,0.0,0.0,0.0,25.3,2.14,0.0
20191024:0206,0.0,0.0,0.0,25.15,2.07,0.0
20191024:0306,0.0,0.0,0.0,24.78,2.0,0.0
20191024:0406,0.0,0.0,0.0,24.67,1.93,0.0
20191024:0506,0.0,0.0,0.0,24.67,1.79,0.0
20191024:0606,47.31,85.79,7.54,24.71,1.59,0.0
20191024:0706,224.55,300.6,22.0,25.6,2.07,0.0
20191024:0806,352.61,459.08,36.22,26.34,1.93,0.0
20191024:0906,463.17,609.84,49.94,27.32,1.79,0.0
20191024:1006,709.56,971.79,62.38,28.17,1.59,0.0
20191024:1106,742.49,1022.96,70.88,28.5,1.79,0.0
20191024:1206,762.03,1048.5,69.65,28.95,2.14,0.0
20191024:1306,701.67,936.64,59.88,29.43,3.45,0.0
20191024:1406,589.89,765.16,47.04,27.17,3.59,0.0
20191024:1506,212.11,280.45,33.17,26.54,3.59,0.0
20191024:1606,102.55,146.55,18.89,26.47,3.31,0.0
20191024:1706,0.0,2.96,4.39,26.28,2.55,0.0
20191024:1806,0.0,0.0,0.0,26.21,2.21,0.0
20191024:1906,0.0,0.0,0.0,25.38,1.03,0.0
20191024:2006,0.0,0.0,0.0,24.94,0.62,0.0
20191024:2106,0.0,0.0,0.0,25.44,0.41,0.0
20191024:2206,0.0,0.0,0.0,24.91,0.69,0.0
20191024:2306,0.0,0.0,0.0,24.49,0.97,0.0
20191025:0006,0.0,0.0,0.0,24.34,1.1,0.0
20191025:0106,0.0,0.0,0.0,24.61,1.31,0.0
20191025:0206,0.0,0.0,0.0,24.4,1.17,0.0
20191025:0306,0.0,0.0,0.0,24.16,1.03,0.0
20191025:0406,0.0,0.0,0.0,24.09,0.83,0.0
20191025:0506,0.0,0.0,0.0,23.97,1.59,0.0
20191025:0606,1.64,9.86,7.51,23.84,2.14,0.0
20191025:0706,92.09,131.99,21.95,24.21,1.38,0.0
20191025:0806,383.75,496.31,36.14,24.6,1.59,0.0
20191025:0906,627.17,831.01,49.81,25.67,1.66,0.0
20191025:1006,666.5,909.25,62.17,26.37,0.97,0.0
20191025:1106,645.01,902.19,70.55,27.24,0.21,0.0
20191025:1206,538.69,729.37,69.33,28.01,1.03,0.0
20191025:1306,522.42,690.18,59.65,28.01,2.48,0.0
20191025:1406,494.37,648.87,46.88,27.92,2.34,0.0
20191025:1506,156.86,213.26,33.06,26.54,2.34,0.0
20191025:1606,69.81,105.0,18.8,26.17,2.21,0.0
20191025:1706,0.02,5.92,4.32,26.21,2.48,0.0
20191025:1806,0.0,0.0,0.0,26.0,2.83,0.0
20191025:1906,0.0,0.0,0.0,26.09,2.21,0.0
20191025:2006,0.0,0.0,0.0,25.95,1.59,0.0
20191025:2106,0.0,0.0,0.0,25.53,1.17,0.0
20191025:2206,0.0,0.0,0.0,25.14,1.38,0.0
20191025:2306,0.0,0.0,0.0,25.05,1.59,0.0
20191026:0006,0.0,0.0,0.0,24.99,1.93,0.0
20191026:0106,0.0,0.0,0.0,24.93,2.0,0.0
20191026:0206,0.0,0.0,0.0,24.77,1.72,0.0
20191026:0306,0.0,0.0,0.0,24.41,1.1,0.0
20191026:0406,0.0,0.0,0.0,24.56,0.76,0.0
20191026:0506,0.0,0.0,0.0,24.22,0.97,0.0
20191026:0606,38.86,70.65,7.48,24.6,0.69,0.0
20191026:0706,214.04,289.28,21.9,25.59,0.55,0.0
20191026:0806,304.13,401.32,36.05,26.27,0.62,0.0
20191026:0906,355.71,469.4,49.68,26.76,1.1,0.0
20191026:1006,445.86,584.86,61.96,26.39,2.07,0.0
20191026:1106,377.41,495.68,70.23,25.91,1.66,0.0
20191026:1206,105.02,148.92,69.02,26.06,1.86,0.0
20191026:1306,77.98,115.39,59.43,26.69,2.41,0.0
20191026:1406,97.8,140.05,46.72,26.78,3.17,0.0
20191026:1506,142.88,195.89,32.94,26.81,3.03,0.0
20191026:1606,84.63,124.01,18.71,26.63,2.83,0.0
20191026:1706,11.15,28.67,4.26,26.32,2.48,0.0
20191026:1806,0.0,0.0,0.0,26.15,2.14,0.0
20191026:1906,0.0,0.0,0.0,26.01,2.69,0.0
20191026:2006,0.0,0.0,0.0,25.94,2.76,0.0
20191026:2106,0.0,0.0,0.0,26.01,2.55,0.0
20191026:2206,0.0,0.0,0.0,25.97,2.28,0.0
20191026:2306,0.0,0.0,0.0,25.93,2.21,0.0
20191027:0006,0.0,0.0,0.0,25.65,2.21,0.0
20191027:0106,0.0,0.0,0.0,24.83,2.14,0.0
20191027:0206,0.0,0.0,0.0,24.33,0.48,0.0
20191027:0306,0.0,0.0,0.0,24.46,1.17,0.0
20191027:0406,0.0,0.0,0.0,24.36,1.72,0.0
20191027:0506,0.0,0.0,0.0,24.28,1.24,0.0
20191027:0606,0.38,6.9,7.45,23.99,1.38,0.0
20191027:0706,34.57,59.17,21.84,24.58,1.03,0.0
20191027:0806,112.32,157.8,35.97,25.17,0.9,0.0
20191027:0906,159.05,215.99,49.54,25.37,1.1,0.0
20191027:1006,371.62,488.64,61.75,25.64,1.24,0.0
20191027:1106,318.86,419.32,69.91,26.05,1.66,0.0
20191027:1206,291.83,383.83,68.7,26.4,2.14,0.0
20191027:1306,414.7,540.71,59.21,27.16,3.1,0.0
20191027:1406,335.3,434.78,46.57,26.78,3.66,0.0
20191027:1506,330.33,426.81,32.83,26.43,3.52,0.0
20191027:1606,167.06,229.83,18.63,26.39,3.38,0.0
20191027:1706,7.53,21.44,4.2,25.79,3.1,0.0
20191027:1806,0.0,0.0,0.0,25.66,3.31,0.0
20191027:1906,0.0,0.0,0.0,25.92,3.17,0.0
20191027:2006,0.0,0.0,0.0,25.8,3.03,0.0
20191027:2106,0.0,0.0,0.0,25.72,2.34,0.0
20191027:2206,0.0,0.0,0.0,25.66,2.07,0.0
20191027:2306,0.0,0.0,0.0,25.55,1.86,0.0
20191028:0006,0.0,0.0,0.0,25.34,1.93,0.0
20191028:0106,0.0,0.0,0.0,25.12,2.0,0.0
20191028:0206,0.0,0.0,0.0,24.82,1.86,0.0
20191028:0306,0.0,0.0,0.0,24.37,2.07,0.0
20191028:0406,0.0,0.0,0.0,23.94,2.69,0.0
20191028:0506,0.0,0.0,0.0,24.06,2.34,0.0
20191028:0606,9.45,23.67,7.41,24.07,1.86,0.0
20191028:0706,29.49,52.27,21.78,24.41,3.45,0.0
20191028:0806,49.82,78.9,35.87,24.76,3.31,0.0
20191028:0906,51.32,80.87,49.4,24.83,2.9,0.0
20191028:1006,55.31,85.8,61.53,24.44,2.97,0.0
20191028:1106,68.65,102.57,69.59,24.48,3.17,0.0
20191028:1206,97.1,138.07,68.39,24.7,2.55,0.0
20191028:1306,150.3,204.15,59.0,25.11,2.07,0.0
20191028:1406,266.29,348.96,46.42,25.85,2.34,0.0
20191028:1506,175.58,236.25,32.72,26.26,2.14,0.0
20191028:1606,15.82,33.53,18.55,26.13,1.72,0.0
20191028:1706,8.15,23.22,4.14,25.9,1.24,0.0
20191028:1806,0.0,0.0,0.0,25.86,1.1,0.0
20191028:1906,0.0,0.0,0.0,25.18,0.9,0.0
20191028:2006,0.0,0.0,0.0,25.52,0.21,0.0
20191028:2106,0.0,0.0,0.0,25.05,0.62,0.0
20191028:2206,0.0,0.0,0.0,24.58,0.83,0.0
20191028:2306,0.0,0.0,0.0,24.2,0.97,0.0
20191029:0006,0.0,0.0,0.0,24.12,0.83,0.0
20191029:0106,0.0,0.0,0.0,24.0,0.76,0.0
20191029:0206,0.0,0.0,0.0,23.78,0.83,0.0
20191029:0306,0.0,0.0,0.0,23.57,0.83,0.0
20191029:0406,0.0,0.0,0.0,23.61,0.69,0.0
20191029:0506,0.0,0.0,0.0,23.66,0.69,0.0
20191029:0606,43.5,78.46,7.37,23.82,0.83,0.0
20191029:0706,201.32,270.26,21.71,24.47,1.03,0.0
20191029:0806,329.98,430.23,35.78,25.29,1.24,0.0
20191029:0906,563.96,742.59,49.26,25.55,1.59,0.0
20191029:1006,403.46,531.03,61.31,25.84,1.31,0.0
20191029:1106,435.99,578.42,69.27,26.41,1.17,0.0
20191029:1206,212.87,286.01,68.09,27.4,1.31,0.0
20191029:1306,247.22,330.1,58.79,27.89,1.59,0.0
20191029:1406,570.52,754.75,46.27,28.14,2.14,0.0
20191029:1506,406.51,529.03,32.61,28.03,2.97,0.0
20191029:1606,201.86,277.13,18.47,27.34,3.66,0.0
20191029:1706,12.63,32.51,4.09,26.34,3.03,0.0
20191029:1806,0.0,0.0,0.0,26.16,1.52,0.0
20191029:1906,0.0,0.0,0.0,26.01,1.93,0.0
20191029:2006,0.0,0.0,0.0,25.76,1.79,0.0
20191029:2106,0.0,0.0,0.0,25.47,1.72,0.0
20191029:2206,0.0,0.0,0.0,24.92,1.72,0.0
20191029:2306,0.0,0.0,0.0,24.8,1.52,0.0
20191030:0006,0.0,0.0,0.0,24.67,1.79,0.0
20191030:0106,0.0,0.0,0.0,24.59,2.07,0.0
20191030:0206,0.0,0.0,0.0,24.32,2.21,0.0
20191030:0306,0.0,0.0,0.0,24.43,2.14,0.0
20191030:0406,0.0,0.0,0.0,24.43,1.79,0.0
20191030:0506,0.0,0.0,0.0,24.24,1.59,0.0
20191030:0606,19.75,39.68,7.33,24.04,1.17,0.0
20191030:0706,27.14,49.31,21.65,25.12,1.31,0.0
20191030:0806,152.96,207.74,35.68,25.21,1.59,0.0
20191030:0906,462.83,607.66,49.11,25.85,1.38,0.0
20191030:1006,563.03,754.13,61.09,26.59,1.24,0.0
20191030:1106,627.15,849.13,68.96,27.19,1.45,0.0
20191030:1206,709.83,972.02,67.79,27.67,1.59,0.0
20191030:1306,653.94,880.8,58.57,27.82,1.86,0.0
20191030:1406,568.08,749.3,46.13,27.8,2.21,0.0
20191030:1506,405.39,528.07,32.51,27.83,2.69,0.0
20191030:1606,210.5,289.73,18.4,27.45,2.9,0.0
20191030:1706,9.42,26.14,4.04,27.07,2.9,0.0
20191030:1806,0.0,0.0,0.0,26.62,2.55,0.0
20191030:1906,0.0,0.0,0.0,26.39,2.55,0.0
20191030:2006,0.0,0.0,0.0,26.25,2.14,0.0
20191030:2106,0.0,0.0,0.0,25.98,1.66,0.0
20191030:2206,0.0,0.0,0.0,25.65,1.52,0.0
20191030:2306,0.0,0.0,0.0,25.56,1.59,0.0
20191031:0006,0.0,0.0,0.0,25.77,1.93,0.0
20191031:0106,0.0,0.0,0.0,25.52,1.86,0.0
20191031:0206,0.0,0.0,0.0,25.26,1.79,0.0
20191031:0306,0.0,0.0,0.0,24.77,1.45,0.0
20191031:0406,0.0,0.0,0.0,24.87,0.9,0.0
20191031:0506,0.0,0.0,0.0,25.55,0.55,0.0
20191031:0606,26.55,50.56,7.28,25.41,0.41,0.0
20191031:0706,93.19,134.34,21.58,25.37,0.55,0.0
20191031:0806,307.07,404.94,35.58,26.33,0.69,0.0
20191031:0906,381.33,504.74,48.96,27.23,1.03,0.0
20191031:1006,505.72,676.76,60.87,27.94,1.38,0.0
20191031:1106,605.76,819.74,68.64,28.47,1.72,0.0
20191031:1206,713.81,979.17,67.49,29.1,1.93,0.0
20191031:1306,620.19,832.96,58.37,29.33,2.34,0.0
20191031:1406,472.13,621.59,45.99,29.33,2.69,0.0
20191031:1506,288.85,381.65,32.41,29.19,2.62,0.0
20191031:1606,217.98,301.66,18.33,28.15,2.21,0.0
20191031:1706,12.77,33.72,3.99,27.54,2.0,0.0
20191031:1806,0.0,0.0,0.0,27.14,2.0,0.0
20191031:1906,0.0,0.0,0.0,26.65,2.41,0.0
20191031:2006,0.0,0.0,0.0,26.5,2.14,0.0
20191031:2106,0.0,0.0,0.0,26.33,1.86,0.0
20191031:2206,0.0,0.0,0.0,26.12,1.72,0.0
20191031:2306,0.0,0.0,0.0,26.14,1.93,0.0
20191101:0006,0.0,0.0,0.0,26.0,2.0,0.0
20191101:0106,0.0,0.0,0.0,25.76,1.79,0.0
20191101:0206,0.0,0.0,0.0,25.53,1.66,0.0
20191101:0306,0.0,0.0,0.0,25.27,1.52,0.0
20191101:0406,0.0,0.0,0.0,24.82,1.24,0.0
20191101:0506,0.0,0.0,0.0,24.65,1.31,0.0
20191101:0606,46.11,82.93,7.23,24.63,1.31,0.0
20191101:0706,253.45,340.4,21.5,26.18,1.38,0.0
20191101:0806,442.13,582.86,35.47,27.23,1.17,0.0
20191101:0906,494.56,661.49,48.81,28.23,1.1,0.0
20191101:1006,535.84,729.57,60.65,29.07,0.9,0.0
20191101:1106,687.79,949.94,68.33,29.57,1.59,0.0
20191101:1206,667.37,905.74,67.19,29.84,2.48,0.0
20191101:1306,451.09,596.07,58.16,29.77,3.1,0.0
20191101:1406,53.63,84.82,45.85,27.71,2.97,0.0
20191101:1506,58.17,90.73,32.32,27.92,2.9,0.0
20191101:1606,49.77,79.89,18.26,27.82,2.76,0.0
20191101:1706,0.0,2.96,3.95,27.59,2.41,0.0
20191101:1806,0.0,0.0,0.0,27.24,2.0,0.0
20191101:1906,0.0,0.0,0.0,26.6,1.59,0.0
20191101:2006,0.0,0.0,0.0,26.43,1.59,0.0
20191101:2106,0.0,0.0,0.0,26.37,1.93,0.0
20191101:2206,0.0,0.0,0.0,26.35,2.34,0.0
20191101:2306,0.0,0.0,0.0,26.27,2.34,0.0
20191102:0006,0.0,0.0,0.0,26.1,2.0,0.0
20191102:0106,0.0,0.0,0.0,25.78,1.66,0.0
20191102:0206,0.0,0.0,0.0,25.32,1.31,0.0
20191102:0306,0.0,0.0,0.0,24.98,0.9,0.0
20191102:0406,0.0,0.0,0.0,25.38,0.69,0.0
20191102:0506,0.0,0.0,0.0,24.93,0.76,0.0
20191102:0606,24.4,47.09,7.18,24.85,1.24,0.0
20191102:0706,196.81,266.29,21.43,25.97,1.03,0.0
20191102:0806,37.15,63.12,35.36,26.6,0.69,0.0
20191102:0906,38.57,65.09,48.66,27.01,1.03,0.0
20191102:1006,146.42,201.19,60.42,26.85,1.66,0.0
20191102:1106,584.78,783.95,68.02,26.98,1.66,0.0
20191102:1206,462.66,613.4,66.9,26.82,1.52,0.0
20191102:1306,565.72,754.35,57.96,27.1,1.66,0.0
20191102:1406,407.57,536.93,45.71,27.21,1.38,0.0
20191102:1506,288.16,379.56,32.22,27.37,1.66,0.0
20191102:1606,164.63,228.63,18.2,27.33,1.93,0.0
20191102:1706,0.0,2.96,3.91,26.68,2.0,0.0
20191102:1806,0.0,0.0,0.0,26.48,2.21,0.0
20191102:1906,0.0,0.0,0.0,25.75,2.55,0.0
20191102:2006,0.0,0.0,0.0,25.78,2.34,0.0
20191102:2106,0.0,0.0,0.0,25.81,2.41,0.0
20191102:2206,0.0,0.0,0.0,25.9,2.34,0.0
20191102:2306,0.0,0.0,0.0,25.98,2.28,0.0
20191103:0006,0.0,0.0,0.0,26.07,2.07,0.0
20191103:0106,0.0,0.0,0.0,26.09,2.07,0.0
20191103:0206,0.0,0.0,0.0,25.59,1.86,0.0
20191103:0306,0.0,0.0,0.0,24.93,1.66,0.0
20191103:0406,0.0,0.0,0.0,24.67,1.03,0.0
20191103:0506,0.0,0.0,0.0,24.31,0.55,0.0
20191103:0606,27.86,52.55,7.13,24.32,0.83,0.0
20191103:0706,163.76,221.68,21.35,25.13,2.55,0.0
20191103:0806,176.3,236.66,35.25,25.61,1.93,0.0
20191103:0906,448.59,589.32,48.5,26.29,1.45,0.0
20191103:1006,425.22,561.34,60.19,26.74,1.52,0.0
20191103:1106,238.3,317.8,67.72,27.0,1.38,0.0
20191103:1206,109.25,154.84,66.62,27.3,2.41,0.0
20191103:1306,47.21,75.94,57.76,25.91,2.97,0.0
20191103:1406,163.5,221.06,45.58,26.31,2.97,0.0
20191103:1506,155.97,211.76,32.13,26.25,2.48,0.0
20191103:1606,19.91,39.45,18.14,26.24,1.31,0.0
20191103:1706,0.0,4.93,3.87,26.13,0.9,0.0
20191103:1806,0.0,0.0,0.0,26.13,0.83,0.0
20191103:1906,0.0,0.0,0.0,25.82,0.69,0.0
20191103:2006,0.0,0.0,0.0,25.64,0.69,0.0
20191103:2106,0.0,0.0,0.0,25.53,0.76,0.0
20191103:2206,0.0,0.0,0.0,25.12,1.03,0.0
20191103:2306,0.0,0.0,0.0,25.31,1.38,0.0
20191104:0006,0.0,0.0,0.0,25.13,1.59,0.0
20191104:0106,0.0,0.0,0.0,24.96,1.66,0.0
20191104:0206,0.0,0.0,0.0,24.78,1.72,0.0
20191104:0306,0.0,0.0,0.0,24.62,1.66,0.0
20191104:0406,0.0,0.0,0.0,24.54,1.59,0.0
20191104:0506,0.0,0.0,0.0,24.38,1.31,0.0
20191104:0606,46.27,83.22,7.07,24.29,1.1,0.0
20191104:0706,252.33,338.34,21.27,24.97,0.76,0.0
20191104:0806,444.97,586.82,35.14,26.16,0.76,0.0
20191104:0906,583.66,784.99,48.34,27.32,1.03,0.0
20191104:1006,684.21,947.35,59.97,28.53,1.03,0.0
20191104:1106,722.4,1014.14,67.41,29.09,1.03,0.0
20191104:1206,732.01,1021.82,66.33,29.62,1.45,0.0
20191104:1306,673.78,920.81,57.57,29.82,1.86,0.0
20191104:1406,560.22,744.97,45.45,29.66,2.34,0.0
20191104:1506,408.01,534.82,32.05,29.41,2.97,0.0
20191104:1606,199.52,275.96,18.08,28.89,3.45,0.0
20191104:1706,11.73,31.55,3.84,28.11,2.97,0.0
20191104:1806,0.0,0.0,0.0,27.49,2.69,0.0
20191104:1906,0.0,0.0,0.0,27.14,2.34,0.0
20191104:2006,0.0,0.0,0.0,27.0,2.34,0.0
20191104:2106,0.0,0.0,0.0,26.91,2.41,0.0
20191104:2206,0.0,0.0,0.0,26.78,2.69,0.0
20191104:2306,0.0,0.0,0.0,26.65,2.83,0.0
20191105:0006,0.0,0.0,0.0,26.56,2.83,0.0
20191105:0106,0.0,0.0,0.0,26.3,2.76,0.0
20191105:0206,0.0,0.0,0.0,26.14,2.21,0.0
20191105:0306,0.0,0.0,0.0,25.71,1.59,0.0
20191105:0406,0.0,0.0,0.0,25.22,1.66,0.0
20191105:0506,0.0,0.0,0.0,25.11,1.45,0.0
20191105:0606,18.39,37.92,7.01,24.97,1.03,0.0
20191105:0706,246.51,331.49,21.18,26.53,1.52,0.0
20191105:0806,383.91,502.7,35.02,26.82,1.45,0.0
20191105:0906,548.2,727.97,48.18,27.53,1.66,0.0
20191105:1006,633.44,852.53,59.74,28.21,2.0,0.0
20191105:1106,174.47,237.69,67.11,28.65,2.34,0.0
20191105:1206,543.99,719.37,66.06,27.14,2.41,0.0
20191105:1306,608.94,806.31,57.38,27.48,2.62,0.0
20191105:1406,556.52,731.78,45.32,27.87,2.48,0.0
20191105:1506,393.01,514.54,31.96,28.02,2.21,0.0
20191105:1606,213.13,293.58,18.03,27.87,2.62,0.0
20191105:1706,11.84,31.71,3.81,27.48,2.07,0.0
20191105:1806,0.0,0.0,0.0,27.05,1.93,0.0
20191105:1906,0.0,0.0,0.0,26.69,1.72,0.0
20191105:2006,0.0,0.0,0.0,26.46,1.66,0.0
20191105:2106,0.0,0.0,0.0,26.22,1.52,0.0
20191105:2206,0.0,0.0,0.0,25.89,1.45,0.0
20191105:2306,0.0,0.0,0.0,25.65,1.45,0.0
20191106:0006,0.0,0.0,0.0,25.57,1.59,0.0
20191106:0106,0.0,0.0,0.0,25.47,1.66,0.0
20191106:0206,0.0,0.0,0.0,25.37,1.66,0.0
20191106:0306,0.0,0.0,0.0,25.06,1.45,0.0
20191106:0406,0.0,0.0,0.0,24.86,1.31,0.0
20191106:0506,0.0,0.0,0.0,24.88,0.97,0.0
20191106:0606,44.83,81.35,6.95,25.02,0.83,0.0
20191106:0706,243.64,329.75,21.09,26.34,0.48,0.0
20191106:0806,424.75,561.8,34.9,27.71,1.03,0.0
20191106:0906,385.92,513.16,48.02,28.61,1.24,0.0
20191106:1006,310.37,415.12,59.51,29.08,1.31,0.0
20191106:1106,678.6,937.93,66.82,29.45,1.45,0.0
20191106:1206,554.58,749.29,65.78,29.69,1.86,0.0
20191106:1306,420.59,558.48,57.19,29.76,2.41,0.0
20191106:1406,459.83,603.23,45.2,28.01,2.34,0.0
20191106:1506,205.0,274.1,31.88,27.94,2.76,0.0
20191106:1606,202.66,279.13,17.98,27.94,3.03,0.0
20191106:1706,11.12,29.83,3.78,27.66,2.69,0.0
20191106:1806,0.0,0.0,0.0,27.31,2.62,0.0
20191106:1906,0.0,0.0,0.0,27.1,2.41,0.0
20191106:2006,0.0,0.0,0.0,26.97,2.07,0.0
20191106:2106,0.0,0.0,0.0,26.8,2.07,0.0
20191106:2206,0.0,0.0,0.0,26.69,2.62,0.0
20191106:2306,0.0,0.0,0.0,26.5,2.83,0.0
20191107:0006,0.0,0.0,0.0,26.39,2.83,0.0
20191107:0106,0.0,0.0,0.0,26.26,2.69,0.0
20191107:0206,0.0,0.0,0.0,26.16,2.48,0.0
20191107:0306,0.0,0.0,0.0,26.04,2.21,0.0
20191107:0406,0.0,0.0,0.0,25.85,1.79,0.0
20191107:0506,0.0,0.0,0.0,25.4,1.45,0.0
20191107:0606,43.02,78.25,6.88,25.1,0.97,0.0
20191107:0706,232.88,314.79,21.0,26.7,0.97,0.0
20191107:0806,347.79,459.66,34.78,27.51,0.9,0.0
20191107:0906,524.77,705.59,47.85,28.47,1.03,0.0
20191107:1006,546.82,740.51,59.28,29.15,1.31,0.0
20191107:1106,650.49,890.36,66.52,29.42,1.72,0.0
20191107:1206,722.29,985.17,65.52,29.72,2.55,0.0
20191107:1306,683.07,918.19,57.01,28.69,2.55,0.0
20191107:1406,570.58,752.38,45.08,28.64,2.69,0.0
20191107:1506,405.85,530.99,31.81,28.64,2.69,0.0
20191107:1606,199.2,275.8,17.93,28.59,2.55,0.0
20191107:1706,11.97,32.0,3.76,28.08,2.62,0.0
20191107:1806,0.0,0.0,0.0,27.47,2.97,0.0
20191107:1906,0.0,0.0,0.0,27.37,2.28,0.0
20191107:2006,0.0,0.0,0.0,27.16,2.14,0.0
20191107:2106,0.0,0.0,0.0,26.97,2.21,0.0
20191107:2206,0.0,0.0,0.0,26.86,2.34,0.0
20191107:2306,0.0,0.0,0.0,26.73,2.62,0.0
20191108:0006,0.0,0.0,0.0,26.63,2.62,0.0
20191108:0106,0.0,0.0,0.0,26.54,2.41,0.0
20191108:0206,0.0,0.0,0.0,26.42,2.0,0.0
20191108:0306,0.0,0.0,0.0,25.84,1.38,0.0
20191108:0406,0.0,0.0,0.0,25.96,0.83,0.0
20191108:0506,0.0,0.0,0.0,26.31,0.21,0.0
20191108:0606,20.69,41.81,6.81,26.09,0.34,0.0
20191108:0706,191.99,262.12,20.91,26.45,0.14,0.0
20191108:0806,371.83,494.94,34.66,27.75,0.41,0.0
20191108:0906,578.95,782.84,47.68,28.57,1.1,0.0
20191108:1006,668.58,915.63,59.05,29.16,1.59,0.0
20191108:1106,744.85,1022.04,66.23,29.21,2.28,0.0
20191108:1206,746.83,1019.58,65.25,29.4,2.62,0.0
20191108:1306,692.16,934.33,56.83,29.37,2.62,0.0
20191108:1406,582.5,770.08,44.97,28.88,2.69,0.0
20191108:1506,401.9,527.98,31.73,28.9,2.34,0.0
20191108:1606,201.56,279.2,17.89,28.56,2.21,0.0
20191108:1706,6.42,19.85,3.74,28.18,2.07,0.0
20191108:1806,0.0,0.0,0.0,27.73,1.86,0.0
20191108:1906,0.0,0.0,0.0,27.46,1.79,0.0
20191108:2006,0.0,0.0,0.0,27.21,2.0,0.0
20191108:2106,0.0,0.0,0.0,27.04,2.21,0.0
20191108:2206,0.0,0.0,0.0,26.93,2.62,0.0
20191108:2306,0.0,0.0,0.0,26.81,2.83,0.0
20191109:0006,0.0,0.0,0.0,26.72,2.83,0.0
20191109:0106,0.0,0.0,0.0,26.63,2.62,0.0
20191109:0206,0.0,0.0,0.0,26.54,2.28,0.0
20191109:0306,0.0,0.0,0.0,26.11,1.52,0.0
20191109:0406,0.0,0.0,0.0,25.89,0.97,0.0
20191109:0506,0.0,0.0,0.0,25.61,0.97,0.0
20191109:0606,41.62,76.26,6.74,25.44,0.97,0.0
20191109:0706,230.31,310.31,20.81,26.7,1.59,0.0
20191109:0806,425.96,561.94,34.53,27.53,1.17,0.0
20191109:0906,301.65,402.77,47.51,28.48,0.9,0.0
20191109:1006,478.36,646.32,58.82,29.14,0.97,0.0
20191109:1106,660.62,914.72,65.95,29.54,1.24,0.0
20191109:1206,701.98,961.26,64.99,29.9,2.21,0.0
20191109:1306,49.97,80.87,56.66,29.99,2.83,0.0
20191109:1406,73.11,110.46,44.86,29.48,3.24,0.0
20191109:1506,113.66,160.96,31.67,28.66,3.45,0.0
20191109:1606,75.49,113.11,17.85,28.21,3.52,0.0
20191109:1706,5.32,17.91,3.73,27.83,2.69,0.0
20191109:1806,0.0,0.0,0.0,27.46,2.21,0.0
20191109:1906,0.0,0.0,0.0,27.14,2.55,0.0
20191109:2006,0.0,0.0,0.0,26.9,2.76,0.0
20191109:2106,0.0,0.0,0.0,26.74,2.97,0.0
20191109:2206,0.0,0.0,0.0,26.61,3.31,0.0
20191109:2306,0.0,0.0,0.0,26.53,3.31,0.0
20191110:0006,0.0,0.0,0.0,26.54,2.97,0.0
20191110:0106,0.0,0.0,0.0,26.52,2.41,0.0
20191110:0206,0.0,0.0,0.0,26.47,2.07,0.0
20191110:0306,0.0,0.0,0.0,26.3,1.79,0.0
20191110:0406,0.0,0.0,0.0,26.13,1.72,0.0
20191110:0506,0.0,0.0,0.0,25.88,1.38,0.0
20191110:0606,19.46,39.95,6.67,25.29,1.24,0.0
20191110:0706,175.83,239.82,20.72,26.24,0.9,0.0
20191110:0806,321.66,422.41,34.4,25.28,0.48,0.0
20191110:0906,158.1,215.0,47.34,25.7,1.24,0.0
20191110:1006,173.64,234.73,58.6,26.29,1.59,0.0
20191110:1106,66.08,100.6,65.66,26.97,1.72,0.0
20191110:1206,61.19,94.68,64.74,27.81,1.93,0.0
20191110:1306,55.79,87.78,56.48,28.04,2.34,0.0
20191110:1406,154.53,211.06,44.75,27.43,2.97,0.0
20191110:1506,136.41,188.22,31.6,26.93,2.48,0.0
20191110:1606,50.09,79.89,17.82,26.39,1.93,0.0
20191110:1706,5.94,18.92,3.72,26.41,1.93,0.0
20191110:1806,0.0,0.0,0.0,26.45,2.41,0.0
20191110:1906,0.0,0.0,0.0,26.0,1.03,0.0
20191110:2006,0.0,0.0,0.0,26.39,0.41,0.0
20191110:2106,0.0,0.0,0.0,26.13,0.62,0.0
20191110:2206,0.0,0.0,0.0,26.41,1.1,0.0
20191110:2306,0.0,0.0,0.0,26.38,1.59,0.0
20191111:0006,0.0,0.0,0.0,26.29,2.0,0.0
20191111:0106,0.0,0.0,0.0,26.28,2.28,0.0
20191111:0206,0.0,0.0,0.0,26.25,2.21,0.0
20191111:0306,0.0,0.0,0.0,26.09,1.93,0.0
20191111:0406,0.0,0.0,0.0,25.94,1.86,0.0
20191111:0506,0.0,0.0,0.0,25.84,1.72,0.0
20191111:0606,40.27,74.21,6.59,25.56,1.79,0.0
20191111:0706,214.19,287.86,20.62,26.23,2.14,0.0
20191111:0806,183.64,246.68,34.27,26.93,2.48,0.0
20191111:0906,343.18,451.21,47.17,27.95,2.21,0.0
20191111:1006,499.78,664.33,58.37,28.66,2.14,0.0
20191111:1106,436.07,583.75,65.38,29.36,1.66,0.0
20191111:1206,275.8,371.22,64.49,29.8,1.31,0.0
20191111:1306,469.95,630.5,56.32,29.9,1.66,0.0
20191111:1406,0.0,0.0,0.0,28.6,2.14,0.0
20191111:1506,335.36,437.47,31.54,28.12,3.1,0.0
20191111:1606,210.14,287.75,17.79,27.49,3.45,0.0
20191111:1706,9.35,26.23,3.71,27.14,3.38,0.0
20191111:1806,0.0,0.0,0.0,26.92,2.83,0.0
20191111:1906,0.0,0.0,0.0,27.0,2.55,0.0
20191111:2006,0.0,0.0,0.0,26.97,2.48,0.0
20191111:2106,0.0,0.0,0.0,26.93,2.55,0.0
20191111:2206,0.0,0.0,0.0,26.83,2.62,0.0
20191111:2306,0.0,0.0,0.0,26.71,2.62,0.0
20191112:0006,0.0,0.0,0.0,26.6,2.48,0.0
20191112:0106,0.0,0.0,0.0,26.5,2.28,0.0
20191112:0206,0.0,0.0,0.0,26.41,2.21,0.0
20191112:0306,0.0,0.0,0.0,26.26,1.93,0.0
20191112:0406,0.0,0.0,0.0,25.97,1.66,0.0
20191112:0506,0.0,0.0,0.0,25.1,1.72,0.0
20191112:0606,35.37,66.02,6.51,25.32,2.21,0.0
20191112:0706,0.0,0.0,0.0,26.68,1.45,0.0
20191112:0806,339.64,446.78,34.14,27.76,1.52,0.0
20191112:0906,515.95,684.88,47.0,28.4,1.79,0.0
20191112:1006,506.15,674.59,58.14,29.1,2.14,0.0
20191112:1106,708.0,958.3,65.11,29.07,2.69,0.0
20191112:1206,699.68,951.17,64.25,27.8,1.93,0.0
20191112:1306,658.37,893.81,56.15,27.96,1.52,0.0
20191112:1406,551.03,727.42,44.54,28.74,2.48,0.0
20191112:1506,409.15,535.69,31.48,28.71,2.62,0.0
20191112:1606,200.96,277.33,17.76,28.35,2.76,0.0
20191112:1706,10.83,29.46,3.71,27.9,2.62,0.0
20191112:1806,0.0,0.0,0.0,27.52,2.55,0.0
20191112:1906,0.0,0.0,0.0,27.34,2.14,0.0
20191112:2006,0.0,0.0,0.0,27.2,2.14,0.0
20191112:2106,0.0,0.0,0.0,27.05,2.07,0.0
20191112:2206,0.0,0.0,0.0,26.99,2.14,0.0
20191112:2306,0.0,0.0,0.0,26.86,2.34,0.0
20191113:0006,0.0,0.0,0.0,26.68,2.62,0.0
20191113:0106,0.0,0.0,0.0,26.53,2.55,0.0
20191113:0206,0.0,0.0,0.0,26.4,1.93,0.0
20191113:0306,0.0,0.0,0.0,26.02,1.45,0.0
20191113:0406,0.0,0.0,0.0,25.41,1.17,0.0
20191113:0506,0.0,0.0,0.0,25.12,0.9,0.0
20191113:0606,31.47,59.57,6.43,25.03,0.83,0.0
20191113:0706,256.72,345.25,20.41,26.14,1.24,0.0
20191113:0806,438.87,581.6,34.01,27.37,0.83,0.0
20191113:0906,569.92,784.63,46.83,28.35,0.14,0.0
20191113:1006,666.46,937.48,57.92,29.03,0.41,0.0
20191113:1106,717.94,1022.71,64.84,29.33,0.55,0.0
20191113:1206,715.31,1008.77,64.01,29.87,0.97,0.0
20191113:1306,665.45,903.41,56.0,29.79,2.14,0.0
20191113:1406,513.08,670.54,44.45,27.76,2.76,0.0
20191113:1506,315.42,413.82,31.43,27.01,1.59,0.0
20191113:1606,170.03,235.55,17.74,27.1,1.59,0.0
20191113:1706,4.29,16.03,3.71,27.01,1.03,0.0
20191113:1806,0.0,0.0,0.0,27.05,0.69,0.0
20191113:1906,0.0,0.0,0.0,26.76,0.62,0.0
20191113:2006,0.0,0.0,0.0,27.0,0.55,0.0
20191113:2106,0.0,0.0,0.0,27.1,0.14,0.0
20191113:2206,0.0,0.0,0.0,26.77,0.62,0.0
20191113:2306,0.0,0.0,0.0,25.98,0.9,0.0
20191114:0006,0.0,0.0,0.0,25.19,1.52,0.0
20191114:0106,0.0,0.0,0.0,25.47,2.14,0.0
20191114:0206,0.0,0.0,0.0,25.53,2.14,0.0
20191114:0306,0.0,0.0,0.0,25.57,2.0,0.0
20191114:0406,0.0,0.0,0.0,25.55,2.07,0.0
20191114:0506,0.0,0.0,0.0,25.46,2.21,0.0
20191114:0606,23.15,46.1,6.35,25.43,1.93,0.0
20191114:0706,51.06,80.87,20.3,25.42,1.38,0.0
20191114:0806,115.26,161.74,33.87,25.99,1.52,0.0
20191114:0906,149.78,205.14,46.66,26.26,1.24,0.0
20191114:1006,368.11,490.45,57.69,26.37,0.34,0.0
20191114:1106,589.23,803.32,64.57,26.79,0.69,0.0
20191114:1206,707.17,977.82,63.78,27.19,1.03,0.0
20191114:1306,658.08,896.54,55.84,27.62,1.24,0.0
20191114:1406,538.45,711.03,44.36,28.03,2.07,0.0
20191114:1506,367.5,484.14,31.38,28.48,1.72,0.0
20191114:1606,210.65,293.11,17.72,28.54,0.83,0.0
20191114:1706,7.35,22.22,3.72,27.85,0.55,0.0
20191114:1806,0.0,0.0,0.0,27.58,1.31,0.0
20191114:1906,0.0,0.0,0.0,27.24,2.48,0.0
20191114:2006,0.0,0.0,0.0,27.11,2.48,0.0
20191114:2106,0.0,0.0,0.0,26.99,2.41,0.0
20191114:2206,0.0,0.0,0.0,26.93,2.55,0.0
20191114:2306,0.0,0.0,0.0,26.87,2.69,0.0
20191115:0006,0.0,0.0,0.0,26.79,2.55,0.0
20191115:0106,0.0,0.0,0.0,26.68,2.41,0.0
20191115:0206,0.0,0.0,0.0,26.54,2.21,0.0
20191115:0306,0.0,0.0,0.0,26.32,2.0,0.0
20191115:0406,0.0,0.0,0.0,25.95,1.79,0.0
20191115:0506,0.0,0.0,0.0,25.41,1.31,0.0
20191115:0606,39.59,73.92,6.27,26.07,0.9,0.0
20191115:0706,226.84,308.68,20.2,26.99,0.48,0.0
20191115:0806,409.58,542.6,33.73,28.19,1.03,0.0
20191115:0906,505.9,681.9,46.48,29.0,0.9,0.0
20191115:1006,645.15,896.34,57.47,29.6,0.83,0.0
20191115:1106,719.83,1009.36,64.31,29.94,1.24,0.0
20191115:1206,706.41,977.94,63.55,30.41,1.79,0.0
20191115:1306,655.29,886.81,55.69,30.44,2.48,0.0
20191115:1406,548.77,727.09,44.27,30.06,2.76,0.0
20191115:1506,325.31,426.92,31.33,28.31,2.34,0.0
20191115:1606,183.71,254.26,17.7,28.41,2.48,0.0
20191115:1706,6.78,21.26,3.72,28.13,2.41,0.0
20191115:1806,0.0,0.0,0.0,27.38,2.41,0.0
20191115:1906,0.0,0.0,0.0,27.43,2.55,0.0
20191115:2006,0.0,0.0,0.0,27.21,3.1,0.0
20191115:2106,0.0,0.0,0.0,27.08,3.24,0.0
20191115:2206,0.0,0.0,0.0,26.92,3.45,0.0
20191115:2306,0.0,0.0,0.0,26.75,3.45,0.0
20191116:0006,0.0,0.0,0.0,26.65,3.03,0.0
20191116:0106,0.0,0.0,0.0,26.57,2.34,0.0
20191116:0206,0.0,0.0,0.0,26.28,1.79,0.0
20191116:0306,0.0,0.0,0.0,25.86,1.31,0.0
20191116:0406,0.0,0.0,0.0,25.51,0.83,0.0
20191116:0506,0.0,0.0,0.0,26.1,0.48,0.0
20191116:0606,1.17,8.88,6.18,26.0,0.62,0.0
20191116:0706,226.53,305.31,20.09,26.79,1.93,0.0
20191116:0806,426.8,557.15,33.6,27.72,2.28,0.0
20191116:0906,397.44,523.59,46.31,28.58,2.14,0.0
20191116:1006,570.96,765.63,57.25,28.73,1.93,0.0
20191116:1106,709.22,956.15,64.05,28.14,2.62,0.0
20191116:1206,665.63,888.15,63.33,26.49,2.34,0.0
20191116:1306,647.64,859.71,55.55,27.18,2.55,0.0
20191116:1406,553.21,723.05,44.18,27.51,2.83,0.0
20191116:1506,384.58,499.52,31.29,27.69,3.03,0.0
20191116:1606,171.6,236.82,17.69,27.59,3.03,0.0
20191116:1706,10.15,27.49,3.74,27.29,2.76,0.0
20191116:1806,0.0,0.0,0.0,27.12,2.48,0.0
20191116:1906,0.0,0.0,0.0,27.37,2.55,0.0
20191116:2006,0.0,0.0,0.0,27.25,2.69,0.0
20191116:2106,0.0,0.0,0.0,27.14,2.9,0.0
20191116:2206,0.0,0.0,0.0,26.97,3.03,0.0
20191116:2306,0.0,0.0,0.0,26.92,2.97,0.0
20191117:0006,0.0,0.0,0.0,26.83,2.83,0.0
20191117:0106,0.0,0.0,0.0,26.72,2.07,0.0
20191117:0206,0.0,0.0,0.0,26.04,1.1,0.0
20191117:0306,0.0,0.0,0.0,26.28,0.76,0.0
20191117:0406,0.0,0.0,0.0,25.8,0.9,0.0
20191117:0506,0.0,0.0,0.0,25.35,1.1,0.0
20191117:0606,32.5,61.71,6.09,25.2,1.1,0.0
20191117:0706,214.73,291.29,19.97,26.95,1.17,0.0
20191117:0806,380.82,501.59,33.46,27.77,1.31,0.0
20191117:0906,339.15,450.89,46.13,28.65,1.24,0.0
20191117:1006,589.34,806.05,57.03,29.18,1.03,0.0
20191117:1106,643.66,896.3,63.8,30.0,0.97,0.0
20191117:1206,657.28,908.5,63.11,30.44,1.52,0.0
20191117:1306,431.32,575.65,55.41,30.57,2.28,0.0
20191117:1406,560.7,743.03,44.1,30.08,2.83,0.0
20191117:1506,389.4,508.4,31.25,29.38,3.52,0.0
20191117:1606,194.4,267.92,17.68,28.71,3.45,0.0
20191117:1706,10.43,28.83,3.75,28.26,2.83,0.0
20191117:1806,0.0,0.0,0.0,27.83,2.62,0.0
20191117:1906,0.0,0.0,0.0,27.47,2.55,0.0
20191117:2006,0.0,0.0,0.0,27.32,2.55,0.0
20191117:2106,0.0,0.0,0.0,27.24,2.69,0.0
20191117:2206,0.0,0.0,0.0,27.16,2.83,0.0
20191117:2306,0.0,0.0,0.0,27.08,2.83,0.0
20191118:0006,0.0,0.0,0.0,27.06,2.69,0.0
20191118:0106,0.0,0.0,0.0,26.95,2.41,0.0
20191118:0206,0.0,0.0,0.0,26.84,2.21,0.0
20191118:0306,0.0,0.0,0.0,26.72,2.0,0.0
20191118:0406,0.0,0.0,0.0,26.39,1.66,0.0
20191118:0506,0.0,0.0,0.0,25.9,1.31,0.0
20191118:0606,36.53,69.2,6.0,25.74,1.03,0.0
20191118:0706,218.83,296.83,19.86,26.91,1.1,0.0
20191118:0806,240.13,320.25,33.32,27.54,0.97,0.0
20191118:0906,448.06,595.84,45.96,28.28,1.24,0.0
20191118:1006,582.63,786.71,56.81,28.97,1.66,0.0
20191118:1106,615.12,831.88,63.55,29.39,2.14,0.0
20191118:1206,715.09,972.62,62.9,29.63,2.62,0.0
20191118:1306,517.79,686.11,55.28,29.79,3.03,0.0
20191118:1406,515.5,676.83,44.03,29.69,3.38,0.0
20191118:1506,389.7,508.72,31.21,29.33,3.52,0.0
20191118:1606,198.18,273.11,17.67,28.95,3.52,0.0
20191118:1706,12.05,32.14,3.77,28.49,2.9,0.0
20191118:1806,0.0,0.0,0.0,27.91,2.76,0.0
20191118:1906,0.0,0.0,0.0,27.84,2.48,0.0
20191118:2006,0.0,0.0,0.0,27.59,2.55,0.0
20191118:2106,0.0,0.0,0.0,27.37,2.76,0.0
20191118:2206,0.0,0.0,0.0,27.22,3.1,0.0
20191118:2306,0.0,0.0,0.0,27.08,3.17,0.0
20191119:0006,0.0,0.0,0.0,26.98,3.03,0.0
20191119:0106,0.0,0.0,0.0,26.93,2.83,0.0
20191119:0206,0.0,0.0,0.0,26.81,2.41,0.0
20191119:0306,0.0,0.0,0.0,26.58,1.93,0.0
20191119:0406,0.0,0.0,0.0,26.12,1.59,0.0
20191119:0506,0.0,0.0,0.0,25.94,1.52,0.0
20191119:0606,31.21,60.31,5.9,25.96,1.52,0.0
20191119:0706,237.39,321.2,19.75,27.1,1.45,0.0
20191119:0806,280.95,371.08,33.18,28.09,1.86,0.0
20191119:0906,416.25,549.11,45.78,28.93,2.21,0.0
20191119:1006,541.79,725.39,56.59,29.6,2.21,0.0
20191119:1106,686.23,933.4,63.31,30.0,2.55,0.0
20191119:1206,717.23,975.98,62.69,30.41,2.9,0.0
20191119:1306,640.85,858.27,55.15,30.51,3.24,0.0
20191119:1406,548.72,722.66,43.96,29.36,3.03,0.0
20191119:1506,383.07,500.94,31.18,29.12,3.1,0.0
20191119:1606,215.23,296.34,17.67,29.11,3.1,0.0
20191119:1706,14.37,36.46,3.79,28.61,2.62,0.0
20191119:1806,0.0,0.0,0.0,28.03,2.55,0.0
20191119:1906,0.0,0.0,0.0,27.88,2.41,0.0
20191119:2006,0.0,0.0,0.0,27.67,2.41,0.0
20191119:2106,0.0,0.0,0.0,27.55,2.34,0.0
20191119:2206,0.0,0.0,0.0,27.4,2.48,0.0
20191119:2306,0.0,0.0,0.0,27.25,2.69,0.0
20191120:0006,0.0,0.0,0.0,27.13,2.76,0.0
20191120:0106,0.0,0.0,0.0,27.03,2.69,0.0
20191120:0206,0.0,0.0,0.0,26.94,2.48,0.0
20191120:0306,0.0,0.0,0.0,26.78,2.21,0.0
20191120:0406,0.0,0.0,0.0,26.53,1.86,0.0
20191120:0506,0.0,0.0,0.0,26.27,1.86,0.0
20191120:0606,38.28,72.31,5.81,26.18,2.0,0.0
20191120:0706,231.1,310.15,19.63,26.68,2.9,0.0
20191120:0806,301.46,394.61,33.03,27.77,2.69,0.0
20191120:0906,480.79,635.78,45.61,28.0,1.72,0.0
20191120:1006,468.86,624.5,56.38,28.46,1.66,0.0
20191120:1106,356.97,473.88,63.07,29.22,2.28,0.0
20191120:1206,583.63,780.7,62.5,29.25,2.62,0.0
20191120:1306,589.42,784.68,55.02,29.49,2.9,0.0
20191120:1406,525.12,689.26,43.89,29.23,3.17,0.0
20191120:1506,390.59,508.79,31.16,29.23,3.79,0.0
20191120:1606,201.63,277.42,17.67,28.83,3.45,0.0
20191120:1706,9.58,26.64,3.82,28.51,3.1,0.0
20191120:1806,0.0,0.0,0.0,28.03,3.38,0.0
20191120:1906,0.0,0.0,0.0,28.04,3.03,0.0
20191120:2006,0.0,0.0,0.0,27.92,3.24,0.0
20191120:2106,0.0,0.0,0.0,27.9,3.59,0.0
20191120:2206,0.0,0.0,0.0,27.84,4.0,0.0
20191120:2306,0.0,0.0,0.0,27.73,4.14,0.0
20191121:0006,0.0,0.0,0.0,27.67,4.14,0.0
20191121:0106,0.0,0.0,0.0,27.52,4.07,0.0
20191121:0206,0.0,0.0,0.0,27.38,3.86,0.0
20191121:0306,0.0,0.0,0.0,27.21,3.66,0.0
20191121:0406,0.0,0.0,0.0,27.12,3.52,0.0
20191121:0506,0.0,0.0,0.0,26.86,3.31,0.0
20191121:0606,30.74,60.97,5.71,26.66,2.97,0.0
20191121:0706,163.61,223.97,19.51,27.33,3.03,0.0
20191121:0806,334.0,434.99,32.89,28.26,3.45,0.0
20191121:0906,77.3,115.39,45.44,28.56,2.83,0.0
20191121:1006,66.33,101.58,56.17,29.01,3.31,0.0
20191121:1106,171.74,233.74,62.83,29.14,3.93,0.0
20191121:1206,209.52,281.23,62.3,29.26,4.0,0.0
20191121:1306,77.39,115.39,54.9,28.68,4.07,0.0
20191121:1406,80.58,119.34,43.83,28.57,4.28,0.0
20191121:1506,127.83,178.24,31.13,28.48,4.14,0.0
20191121:1606,87.42,128.23,17.68,28.07,3.79,0.0
20191121:1706,7.5,22.38,3.84,27.77,3.72,0.0
20191121:1806,0.0,0.0,0.0,27.47,3.79,0.0
20191121:1906,0.0,0.0,0.0,27.12,3.17,0.0
20191121:2006,0.0,0.0,0.0,27.04,3.38,0.0
20191121:2106,0.0,0.0,0.0,26.83,3.24,0.0
20191121:2206,0.0,0.0,0.0,26.25,3.17,0.0
20191121:2306,0.0,0.0,0.0,26.13,3.24,0.0
20191122:0006,0.0,0.0,0.0,26.3,2.97,0.0
20191122:0106,0.0,0.0,0.0,26.45,3.03,0.0
20191122:0206,0.0,0.0,0.0,26.5,2.9,0.0
20191122:0306,0.0,0.0,0.0,26.4,2.55,0.0
20191122:0406,0.0,0.0,0.0,26.14,1.86,0.0
20191122:0506,0.0,0.0,0.0,25.63,1.31,0.0
20191122:0606,22.34,45.98,5.61,26.22,0.41,0.0
20191122:0706,223.43,302.38,19.39,26.43,1.24,0.0
20191122:0806,446.22,584.54,32.75,27.12,1.72,0.0
20191122:0906,567.98,755.75,45.26,27.74,1.66,0.0
20191122:1006,684.3,933.87,55.96,28.5,1.66,0.0
20191122:1106,727.28,1003.03,62.61,29.08,1.79,0.0
20191122:1206,734.96,1009.55,62.11,29.38,2.14,0.0
20191122:1306,669.79,907.74,54.79,29.56,2.21,0.0
20191122:1406,570.84,760.22,43.77,29.73,2.34,0.0
20191122:1506,416.94,547.24,31.12,29.1,2.55,0.0
20191122:1606,186.33,257.58,17.69,28.67,2.41,0.0
20191122:1706,7.15,21.06,3.88,28.28,2.14,0.0
20191122:1806,0.0,0.0,0.0,27.75,1.86,0.0
20191122:1906,0.0,0.0,0.0,27.5,2.21,0.0
20191122:2006,0.0,0.0,0.0,27.27,2.28,0.0
20191122:2106,0.0,0.0,0.0,27.21,2.48,0.0
20191122:2206,0.0,0.0,0.0,27.12,2.69,0.0
20191122:2306,0.0,0.0,0.0,27.03,2.83,0.0
20191123:0006,0.0,0.0,0.0,26.89,2.76,0.0
20191123:0106,0.0,0.0,0.0,26.78,2.55,0.0
20191123:0206,0.0,0.0,0.0,26.68,2.21,0.0
20191123:0306,0.0,0.0,0.0,26.49,1.86,0.0
20191123:0406,0.0,0.0,0.0,25.97,1.45,0.0
20191123:0506,0.0,0.0,0.0,25.76,1.1,0.0
20191123:0606,28.59,57.78,5.51,26.23,0.83,0.0
20191123:0706,233.65,317.77,19.27,26.98,0.83,0.0
20191123:0806,324.24,426.58,32.61,28.18,1.86,0.0
20191123:0906,521.82,691.65,45.09,28.91,2.14,0.0
20191123:1006,673.04,912.14,55.76,29.35,2.21,0.0
20191123:1106,737.86,1015.52,62.38,29.79,2.21,0.0
20191123:1206,732.73,1004.54,61.93,29.97,2.41,0.0
20191123:1306,677.28,914.34,54.68,30.17,2.76,0.0
20191123:1406,582.92,765.79,43.72,29.26,3.45,0.0
20191123:1506,419.47,549.05,31.1,29.18,2.97,0.0
20191123:1606,206.95,284.87,17.7,28.97,2.9,0.0
20191123:1706,13.93,35.62,3.91,28.52,2.55,0.0
20191123:1806,0.0,0.0,0.0,28.0,2.48,0.0
20191123:1906,0.0,0.0,0.0,27.72,2.62,0.0
20191123:2006,0.0,0.0,0.0,27.45,2.83,0.0
20191123:2106,0.0,0.0,0.0,27.3,3.03,0.0
20191123:2206,0.0,0.0,0.0,27.15,3.24,0.0
20191123:2306,0.0,0.0,0.0,27.09,3.24,0.0
20191124:0006,0.0,0.0,0.0,26.98,3.1,0.0
20191124:0106,0.0,0.0,0.0,26.9,2.97,0.0
20191124:0206,0.0,0.0,0.0,26.82,2.83,0.0
20191124:0306,0.0,0.0,0.0,26.78,2.69,0.0
20191124:0406,0.0,0.0,0.0,26.74,2.48,0.0
20191124:0506,0.0,0.0,0.0,26.6,2.14,0.0
20191124:0606,17.72,38.44,5.41,26.32,1.72,0.0
20191124:0706,112.69,159.85,19.15,26.98,1.45,0.0
20191124:0806,259.82,343.96,32.46,27.85,1.79,0.0
20191124:0906,526.81,698.79,44.92,28.47,1.93,0.0
20191124:1006,515.95,689.97,55.55,29.21,1.93,0.0
20191124:1106,722.88,995.43,62.17,29.64,2.0,0.0
20191124:1206,687.35,936.2,61.76,29.91,2.41,0.0
20191124:1306,665.17,895.81,54.57,30.16,2.83,0.0
20191124:1406,575.88,760.44,43.67,30.21,3.38,0.0
20191124:1506,416.57,542.99,31.09,29.39,3.72,0.0
20191124:1606,201.54,276.85,17.72,28.87,3.45,0.0
20191124:1706,10.3,27.68,3.95,28.47,2.9,0.0
20191124:1806,0.0,0.0,0.0,27.95,2.69,0.0
20191124:1906,0.0,0.0,0.0,27.62,2.55,0.0
20191124:2006,0.0,0.0,0.0,27.34,2.48,0.0
20191124:2106,0.0,0.0,0.0,27.18,2.69,0.0
20191124:2206,0.0,0.0,0.0,26.98,2.97,0.0
20191124:2306,0.0,0.0,0.0,26.9,3.24,0.0
20191125:0006,0.0,0.0,0.0,26.79,3.31,0.0
20191125:0106,0.0,0.0,0.0,26.72,3.1,0.0
20191125:0206,0.0,0.0,0.0,26.68,2.76,0.0
20191125:0306,0.0,0.0,0.0,26.41,2.14,0.0
20191125:0406,0.0,0.0,0.0,25.85,1.38,0.0
20191125:0506,0.0,0.0,0.0,25.76,1.52,0.0
20191125:0606,28.28,57.5,5.31,25.8,1.52,0.0
20191125:0706,234.14,317.1,19.03,27.03,1.66,0.0
20191125:0806,369.35,484.03,32.32,28.3,2.21,0.0
20191125:0906,484.02,642.71,44.75,29.1,1.86,0.0
20191125:1006,507.51,683.19,55.36,29.76,1.59,0.0
20191125:1106,474.95,640.21,61.95,30.25,1.66,0.0
20191125:1206,626.87,854.96,61.59,30.75,2.14,0.0
20191125:1306,586.81,788.16,54.47,30.72,2.69,0.0
20191125:1406,467.71,616.79,43.63,30.49,3.17,0.0
20191125:1506,316.55,414.48,31.08,29.04,3.52,0.0
20191125:1606,177.37,244.65,17.74,28.67,3.31,0.0
20191125:1706,8.72,24.37,3.99,28.37,3.03,0.0
20191125:1806,0.0,0.0,0.0,27.99,2.97,0.0
20191125:1906,0.0,0.0,0.0,27.69,2.97,0.0
20191125:2006,0.0,0.0,0.0,27.53,3.31,0.0
20191125:2106,0.0,0.0,0.0,27.33,3.52,0.0
20191125:2206,0.0,0.0,0.0,27.2,3.59,0.0
20191125:2306,0.0,0.0,0.0,27.09,3.59,0.0
20191126:0006,0.0,0.0,0.0,26.99,3.45,0.0
20191126:0106,0.0,0.0,0.0,26.91,3.17,0.0
20191126:0206,0.0,0.0,0.0,26.76,2.9,0.0
20191126:0306,0.0,0.0,0.0,26.65,2.69,0.0
20191126:0406,0.0,0.0,0.0,26.47,2.28,0.0
20191126:0506,0.0,0.0,0.0,26.27,2.0,0.0
20191126:0606,21.65,45.76,5.21,26.06,1.79,0.0
20191126:0706,232.05,313.61,18.91,27.26,2.41,0.0
20191126:0806,285.03,375.12,32.18,28.25,2.48,0.0
20191126:0906,419.54,553.94,44.58,28.68,1.93,0.0
20191126:1006,418.36,556.0,55.16,29.26,2.0,0.0
20191126:1106,603.48,814.95,61.75,29.78,2.28,0.0
20191126:1206,663.84,898.22,61.42,29.99,2.69,0.0
20191126:1306,635.02,844.81,54.38,30.23,3.66,0.0
20191126:1406,585.83,766.84,43.59,29.24,3.86,0.0
20191126:1506,425.3,550.93,31.08,28.72,4.21,0.0
20191126:1606,205.89,281.71,17.76,28.68,3.86,0.0
20191126:1706,13.66,34.29,4.04,28.45,3.24,0.0
20191126:1806,0.0,0.0,0.0,28.02,3.24,0.0
20191126:1906,0.0,0.0,0.0,27.63,3.17,0.0
20191126:2006,0.0,0.0,0.0,27.48,3.59,0.0
20191126:2106,0.0,0.0,0.0,27.43,3.86,0.0
20191126:2206,0.0,0.0,0.0,27.34,3.66,0.0
20191126:2306,0.0,0.0,0.0,27.21,3.38,0.0
20191127:0006,0.0,0.0,0.0,27.04,3.03,0.0
20191127:0106,0.0,0.0,0.0,27.01,2.62,0.0
20191127:0206,0.0,0.0,0.0,26.82,2.14,0.0
20191127:0306,0.0,0.0,0.0,26.56,1.79,0.0
20191127:0406,0.0,0.0,0.0,26.39,1.59,0.0
20191127:0506,0.0,0.0,0.0,26.07,1.38,0.0
20191127:0606,25.69,53.15,5.1,25.93,1.45,0.0
20191127:0706,232.21,315.02,18.79,26.93,1.45,0.0
20191127:0806,434.63,569.52,32.03,27.93,2.07,0.0
20191127:0906,577.89,770.15,44.42,28.76,2.0,0.0
20191127:1006,655.23,896.91,54.97,29.38,1.52,0.0
20191127:1106,641.33,886.17,61.55,30.07,1.31,0.0
20191127:1206,641.43,883.07,61.27,30.64,1.66,0.0
20191127:1306,641.78,871.13,54.29,30.81,2.34,0.0
20191127:1406,502.3,664.0,43.55,30.42,2.97,0.0
20191127:1506,413.26,539.82,31.08,29.78,3.66,0.0
20191127:1606,212.66,291.91,17.79,29.37,3.45,0.0
20191127:1706,16.45,39.91,4.09,28.85,2.97,0.0
20191127:1806,0.0,0.0,0.0,28.24,2.97,0.0
20191127:1906,0.0,0.0,0.0,27.35,3.1,0.0
20191127:2006,0.0,0.0,0.0,27.19,3.38,0.0
20191127:2106,0.0,0.0,0.0,27.1,3.59,0.0
20191127:2206,0.0,0.0,0.0,27.03,3.52,0.0
20191127:2306,0.0,0.0,0.0,27.02,3.1,0.0
20191128:0006,0.0,0.0,0.0,27.09,2.69,0.0
20191128:0106,0.0,0.0,0.0,27.0,2.21,0.0
20191128:0206,0.0,0.0,0.0,26.8,2.07,0.0
20191128:0306,0.0,0.0,0.0,26.68,2.07,0.0
20191128:0406,0.0,0.0,0.0,26.53,2.07,0.0
20191128:0506,0.0,0.0,0.0,26.3,1.79,0.0
20191128:0606,18.7,41.16,4.99,25.85,1.45,0.0
20191128:0706,224.82,305.38,18.66,26.88,1.38,0.0
20191128:0806,418.19,551.06,31.89,27.49,1.24,0.0
20191128:0906,398.83,530.29,44.25,28.32,1.03,0.0
20191128:1006,603.63,824.82,54.78,28.97,1.1,0.0
20191128:1106,712.19,986.81,61.35,29.6,1.59,0.0
20191128:1206,698.52,954.05,61.12,30.0,2.34,0.0
20191128:1306,672.1,902.28,54.21,30.16,3.1,0.0
20191128:1406,566.67,745.01,43.52,29.78,3.52,0.0
20191128:1506,411.36,536.11,31.09,28.78,3.24,0.0
20191128:1606,211.57,289.13,17.82,28.4,3.31,0.0
20191128:1706,12.68,31.95,4.14,28.22,3.24,0.0
20191128:1806,0.0,0.0,0.0,27.88,3.03,0.0
20191128:1906,0.0,0.0,0.0,27.46,3.17,0.0
20191128:2006,0.0,0.0,0.0,27.34,3.38,0.0
20191128:2106,0.0,0.0,0.0,27.28,3.45,0.0
20191128:2206,0.0,0.0,0.0,27.29,3.1,0.0
20191128:2306,0.0,0.0,0.0,27.3,2.55,0.0
20191129:0006,0.0,0.0,0.0,27.18,1.93,0.0
20191129:0106,0.0,0.0,0.0,26.68,1.45,0.0
20191129:0206,0.0,0.0,0.0,26.2,1.31,0.0
20191129:0306,0.0,0.0,0.0,25.78,1.24,0.0
20191129:0406,0.0,0.0,0.0,25.8,1.17,0.0
20191129:0506,0.0,0.0,0.0,25.63,1.1,0.0
20191129:0606,22.76,48.73,4.89,25.64,1.1,0.0
20191129:0706,229.6,311.78,18.54,27.03,1.59,0.0
20191129:0806,424.17,557.68,31.75,27.73,1.59,0.0
20191129:0906,509.82,684.27,44.09,28.26,0.9,0.0
20191129:1006,556.29,769.82,54.59,29.07,0.21,0.0
20191129:1106,672.7,952.37,61.16,29.79,0.48,0.0
20191129:1206,719.31,1015.33,60.97,30.5,1.1,0.0
20191129:1306,661.19,910.34,54.13,30.81,1.66,0.0
20191129:1406,393.44,523.95,43.5,30.81,2.07,0.0
20191129:1506,416.64,551.41,31.1,30.57,2.41,0.0
20191129:1606,209.57,289.09,17.86,29.99,2.76,0.0
20191129:1706,16.06,38.52,4.19,29.21,2.62,0.0
20191129:1806,0.0,0.0,0.0,28.44,2.55,0.0
20191129:1906,0.0,0.0,0.0,28.02,2.21,0.0
20191129:2006,0.0,0.0,0.0,27.79,2.62,0.0
20191129:2106,0.0,0.0,0.0,27.65,2.97,0.0
20191129:2206,0.0,0.0,0.0,27.55,3.03,0.0
20191129:2306,0.0,0.0,0.0,27.51,2.97,0.0
20191130:0006,0.0,0.0,0.0,27.48,2.69,0.0
20191130:0106,0.0,0.0,0.0,27.28,2.0,0.0
20191130:0206,0.0,0.0,0.0,26.76,1.59,0.0
20191130:0306,0.0,0.0,0.0,26.28,1.52,0.0
20191130:0406,0.0,0.0,0.0,25.86,1.38,0.0
20191130:0506,0.0,0.0,0.0,26.06,0.97,0.0
20191130:0606,21.71,46.89,4.78,26.17,0.76,0.0
20191130:0706,222.56,302.03,18.41,27.16,2.07,0.0
20191130:0806,367.06,481.38,31.61,28.12,2.0,0.0
20191130:0906,467.12,618.8,43.92,29.05,1.93,0.0
20191130:1006,546.29,737.21,54.41,29.94,1.72,0.0
20191130:1106,685.29,950.36,60.98,30.76,1.66,0.0
20191130:1206,704.7,978.1,60.84,31.38,1.93,0.0
20191130:1306,654.05,892.53,54.06,31.73,2.41,0.0
20191130:1406,575.92,769.91,43.48,31.69,2.97,0.0
20191130:1506,413.91,545.21,31.11,31.21,3.45,0.0
20191130:1606,210.78,290.43,17.9,30.51,3.59,0.0
20191130:1706,17.13,40.79,4.25,29.65,3.31,0.0
20191130:1806,0.0,0.0,0.0,28.8,3.31,0.0
20191130:1906,0.0,0.0,0.0,28.19,2.9,0.0
20191130:2006,0.0,0.0,0.0,27.9,3.1,0.0
20191130:2106,0.0,0.0,0.0,27.69,3.31,0.0
20191130:2206,0.0,0.0,0.0,27.54,3.52,0.0
20191130:2306,0.0,0.0,0.0,27.41,3.45,0.0
20191201:0006,0.0,0.0,0.0,27.33,3.38,0.0
20191201:0106,0.0,0.0,0.0,27.22,3.24,0.0
20191201:0206,0.0,0.0,0.0,27.12,3.17,0.0
20191201:0306,0.0,0.0,0.0,26.91,3.03,0.0
20191201:0406,0.0,0.0,0.0,26.81,2.97,0.0
20191201:0506,0.0,0.0,0.0,26.75,2.69,0.0
20191201:0606,21.12,46.2,4.67,26.57,2.48,0.0
20191201:0706,136.36,189.98,18.29,27.2,2.41,0.0
20191201:0806,220.58,293.87,31.47,28.27,2.69,0.0
20191201:0906,451.18,595.54,43.77,29.14,2.28,0.0
20191201:1006,550.31,742.25,54.23,29.72,1.72,0.0
20191201:1106,416.13,557.54,60.8,30.4,1.93,0.0
20191201:1206,608.65,819.6,60.71,30.67,2.9,0.0
20191201:1306,541.62,716.25,54.0,30.68,3.93,0.0
20191201:1406,477.33,624.06,43.46,30.71,4.62,0.0
20191201:1506,321.68,421.36,31.13,30.2,4.55,0.0
20191201:1606,215.97,295.01,17.94,29.62,4.41,0.0
20191201:1706,2.03,10.85,4.31,28.8,4.07,0.0
20191201:1806,0.0,0.0,0.0,28.26,3.79,0.0
20191201:1906,0.0,0.0,0.0,27.92,3.24,0.0
20191201:2006,0.0,0.0,0.0,27.77,3.31,0.0
20191201:2106,0.0,0.0,0.0,27.6,3.52,0.0
20191201:2206,0.0,0.0,0.0,27.47,3.86,0.0
20191201:2306,0.0,0.0,0.0,27.43,4.0,0.0
20191202:0006,0.0,0.0,0.0,27.33,3.79,0.0
20191202:0106,0.0,0.0,0.0,27.26,3.45,0.0
20191202:0206,0.0,0.0,0.0,27.15,3.03,0.0
20191202:0306,0.0,0.0,0.0,26.99,2.83,0.0
20191202:0406,0.0,0.0,0.0,26.56,1.93,0.0
20191202:0506,0.0,0.0,0.0,26.14,1.79,0.0
20191202:0606,18.81,42.29,4.56,25.69,2.0,0.0
20191202:0706,208.95,282.82,18.17,26.81,2.97,0.0
20191202:0806,368.1,478.67,31.33,27.94,3.1,0.0
20191202:0906,469.23,616.09,43.61,28.88,2.76,0.0
20191202:1006,581.99,778.89,54.06,29.77,2.55,0.0
20191202:1106,468.92,622.75,60.63,29.99,2.9,0.0
20191202:1206,451.95,599.4,60.58,30.3,3.17,0.0
20191202:1306,434.47,573.84,53.94,30.38,3.45,0.0
20191202:1406,200.98,270.69,43.45,29.64,4.0,0.0
20191202:1506,116.33,163.97,31.15,28.47,4.14,0.0
20191202:1606,169.03,232.32,17.98,28.39,4.28,0.0
20191202:1706,4.05,14.79,4.37,27.77,4.07,0.0
20191202:1806,0.0,0.0,0.0,27.32,4.0,0.0
20191202:1906,0.0,0.0,0.0,27.52,3.17,0.0
20191202:2006,0.0,0.0,0.0,27.39,3.45,0.0
20191202:2106,0.0,0.0,0.0,27.28,3.45,0.0
20191202:2206,0.0,0.0,0.0,27.24,3.38,0.0
20191202:2306,0.0,0.0,0.0,27.1,3.38,0.0
20191203:0006,0.0,0.0,0.0,27.15,3.31,0.0
20191203:0106,0.0,0.0,0.0,27.05,3.1,0.0
20191203:0206,0.0,0.0,0.0,27.05,2.83,0.0
20191203:0306,0.0,0.0,0.0,26.86,2.55,0.0
20191203:0406,0.0,0.0,0.0,26.48,1.86,0.0
20191203:0506,0.0,0.0,0.0,26.41,1.38,0.0
20191203:0606,15.22,36.04,4.45,26.68,0.69,0.0
20191203:0706,205.39,281.0,18.04,27.08,1.1,0.0
20191203:0806,277.81,367.07,31.19,27.43,1.31,0.0
20191203:0906,510.14,678.11,43.45,28.19,1.52,0.0
20191203:1006,483.74,646.05,53.89,28.73,1.59,0.0
20191203:1106,366.82,487.82,60.47,29.04,1.86,0.0
20191203:1206,539.72,722.65,60.47,29.3,2.21,0.0
20191203:1306,0.0,0.0,0.0,29.47,2.62,0.0
20191203:1406,545.49,719.54,43.44,29.4,2.9,0.0
20191203:1506,396.01,517.62,31.18,29.36,3.24,0.0
20191203:1606,201.85,276.46,18.03,28.92,3.03,0.0
20191203:1706,11.66,29.52,4.44,28.51,2.55,0.0
20191203:1806,0.0,0.0,0.0,27.88,2.41,0.0
20191203:1906,0.0,0.0,0.0,27.74,2.41,0.0
20191203:2006,0.0,0.0,0.0,27.53,2.9,0.0
20191203:2106,0.0,0.0,0.0,27.36,3.17,0.0
20191203:2206,0.0,0.0,0.0,27.21,3.38,0.0
20191203:2306,0.0,0.0,0.0,27.12,3.45,0.0
20191204:0006,0.0,0.0,0.0,26.99,3.38,0.0
20191204:0106,0.0,0.0,0.0,26.91,3.1,0.0
20191204:0206,0.0,0.0,0.0,26.84,2.69,0.0
20191204:0306,0.0,0.0,0.0,26.71,1.86,0.0
20191204:0406,0.0,0.0,0.0,26.14,1.1,0.0
20191204:0506,0.0,0.0,0.0,26.04,0.9,0.0
20191204:0606,17.2,39.55,4.34,25.64,1.24,0.0
20191204:0706,219.16,297.15,17.92,26.64,2.14,0.0
20191204:0806,241.51,320.64,31.05,27.57,1.59,0.0
20191204:0906,384.99,512.65,43.3,28.13,0.76,0.0
20191204:1006,209.58,284.57,53.73,28.98,0.83,0.0
20191204:1106,134.92,189.36,60.31,29.63,1.38,0.0
20191204:1206,145.19,202.18,60.35,29.95,2.14,0.0
20191204:1306,357.18,473.76,53.84,29.97,2.62,0.0
20191204:1406,253.01,337.44,43.44,29.97,3.1,0.0
20191204:1506,245.7,325.09,31.21,28.94,3.59,0.0
20191204:1606,152.44,211.32,18.08,28.49,3.52,0.0
20191204:1706,14.05,33.73,4.51,28.11,3.17,0.0
20191204:1806,0.0,0.0,0.0,27.65,3.03,0.0
20191204:1906,0.0,0.0,0.0,27.45,2.9,0.0
20191204:2006,0.0,0.0,0.0,27.27,3.03,0.0
20191204:2106,0.0,0.0,0.0,27.04,3.03,0.0
20191204:2206,0.0,0.0,0.0,26.92,3.24,0.0
20191204:2306,0.0,0.0,0.0,26.86,3.17,0.0
20191205:0006,0.0,0.0,0.0,26.82,2.97,0.0
20191205:0106,0.0,0.0,0.0,26.8,2.55,0.0
20191205:0206,0.0,0.0,0.0,26.43,1.59,0.0
20191205:0306,0.0,0.0,0.0,26.04,0.9,0.0
20191205:0406,0.0,0.0,0.0,25.51,0.83,0.0
20191205:0506,0.0,0.0,0.0,24.93,0.97,0.0
20191205:0606,13.08,32.12,4.22,24.88,1.24,0.0
20191205:0706,203.25,276.97,17.79,26.27,1.38,0.0
20191205:0806,370.55,487.81,30.91,26.9,0.97,0.0
20191205:0906,487.32,650.78,43.15,27.75,0.9,0.0
20191205:1006,559.12,759.82,53.57,28.91,1.03,0.0
20191205:1106,327.65,439.27,60.16,29.64,1.31,0.0
20191205:1206,263.57,354.63,60.25,30.19,1.79,0.0
20191205:1306,234.35,315.89,53.79,30.18,2.21,0.0
20191205:1406,54.46,86.79,43.45,30.12,2.69,0.0
20191205:1506,133.43,186.47,31.24,29.54,2.97,0.0
20191205:1606,110.44,158.15,18.14,29.0,2.97,0.0
20191205:1706,14.02,33.69,4.58,28.53,2.76,0.0
20191205:1806,0.0,0.0,0.0,27.95,2.69,0.0
20191205:1906,0.0,0.0,0.0,27.77,2.55,0.0
20191205:2006,0.0,0.0,0.0,27.57,2.76,0.0
20191205:2106,0.0,0.0,0.0,27.41,3.17,0.0
20191205:2206,0.0,0.0,0.0,27.31,3.52,0.0
20191205:2306,0.0,0.0,0.0,27.29,3.31,0.0
20191206:0006,0.0,0.0,0.0,27.26,2.83,0.0
20191206:0106,0.0,0.0,0.0,27.2,2.48,0.0
20191206:0206,0.0,0.0,0.0,27.05,2.21,0.0
20191206:0306,0.0,0.0,0.0,26.89,1.93,0.0
20191206:0406,0.0,0.0,0.0,26.35,1.45,0.0
20191206:0506,0.0,0.0,0.0,25.88,0.69,0.0
20191206:0606,11.33,28.91,4.11,25.59,0.83,0.0
20191206:0706,212.11,290.04,17.67,26.35,0.69,0.0
20191206:0806,172.54,233.56,30.78,26.95,1.59,0.0
20191206:0906,78.39,116.38,43.0,27.4,1.79,0.0
20191206:1006,122.13,171.61,53.41,28.05,2.07,0.0
20191206:1106,231.18,309.2,60.01,28.63,2.55,0.0
20191206:1206,247.75,329.27,60.15,28.46,3.1,0.0
20191206:1306,413.61,542.02,53.76,28.69,3.31,0.0
20191206:1406,536.83,703.7,43.45,28.94,3.24,0.0
20191206:1506,311.5,408.67,31.28,28.94,3.03,0.0
20191206:1606,161.17,222.84,18.19,28.75,3.24,0.0
20191206:1706,9.0,23.94,4.65,28.33,2.55,0.0
20191206:1806,0.0,0.0,0.0,27.81,2.62,0.0
20191206:1906,0.0,0.0,0.0,27.34,2.34,0.0
20191206:2006,0.0,0.0,0.0,27.2,2.28,0.0
20191206:2106,0.0,0.0,0.0,27.06,2.28,0.0
20191206:2206,0.0,0.0,0.0,26.84,2.21,0.0
20191206:2306,0.0,0.0,0.0,26.69,2.34,0.0
20191207:0006,0.0,0.0,0.0,26.61,2.62,0.0
20191207:0106,0.0,0.0,0.0,26.59,2.97,0.0
20191207:0206,0.0,0.0,0.0,26.53,3.1,0.0
20191207:0306,0.0,0.0,0.0,26.37,2.76,0.0
20191207:0406,0.0,0.0,0.0,26.33,2.34,0.0
20191207:0506,0.0,0.0,0.0,25.98,2.0,0.0
20191207:0606,10.77,28.06,4.0,25.3,1.72,0.0
20191207:0706,200.1,272.84,17.55,25.17,0.62,0.0
20191207:0806,338.83,441.6,30.64,26.1,1.66,0.0
20191207:0906,314.72,414.35,42.86,27.0,1.45,0.0
20191207:1006,560.52,752.11,53.26,28.06,1.52,0.0
20191207:1106,538.87,725.74,59.87,28.69,1.52,0.0
20191207:1206,557.57,751.44,60.06,29.53,1.93,0.0
20191207:1306,402.52,534.66,53.73,29.81,2.28,0.0
20191207:1406,555.54,736.77,43.47,29.86,2.69,0.0
20191207:1506,423.97,553.48,31.32,29.46,3.52,0.0
20191207:1606,214.37,291.58,18.26,28.92,3.86,0.0
20191207:1706,20.06,44.25,4.73,28.34,3.03,0.0
20191207:1806,0.0,0.0,0.0,27.73,3.03,0.0
20191207:1906,0.0,0.0,0.0,27.47,2.62,0.0
20191207:2006,0.0,0.0,0.0,27.32,2.76,0.0
20191207:2106,0.0,0.0,0.0,27.19,3.1,0.0
20191207:2206,0.0,0.0,0.0,27.06,3.38,0.0
20191207:2306,0.0,0.0,0.0,26.93,3.38,0.0
20191208:0006,0.0,0.0,0.0,26.84,3.03,0.0
20191208:0106,0.0,0.0,0.0,26.77,2.62,0.0
20191208:0206,0.0,0.0,0.0,26.56,1.93,0.0
20191208:0306,0.0,0.0,0.0,25.86,1.24,0.0
20191208:0406,0.0,0.0,0.0,25.39,0.83,0.0
20191208:0506,0.0,0.0,0.0,25.05,1.03,0.0
20191208:0606,10.8,28.21,3.89,25.42,0.76,0.0
20191208:0706,197.48,270.57,17.42,26.32,0.9,0.0
20191208:0806,284.17,375.83,30.51,27.2,0.97,0.0
20191208:0906,342.03,453.73,42.72,27.91,0.97,0.0
20191208:1006,429.84,574.47,53.11,28.45,1.1,0.0
20191208:1106,589.92,802.15,59.74,29.05,1.45,0.0
20191208:1206,668.72,919.91,59.98,29.26,1.52,0.0
20191208:1306,615.06,834.74,53.7,29.7,1.79,0.0
20191208:1406,546.76,728.54,43.49,29.91,2.28,0.0
20191208:1506,399.79,524.43,31.36,29.61,2.9,0.0
20191208:1606,213.47,291.27,18.32,29.08,3.03,0.0
20191208:1706,18.23,40.94,4.81,28.41,2.69,0.0
20191208:1806,0.0,0.0,0.0,27.79,2.48,0.0
20191208:1906,0.0,0.0,0.0,27.42,2.69,0.0
20191208:2006,0.0,0.0,0.0,27.16,2.83,0.0
20191208:2106,0.0,0.0,0.0,27.0,3.03,0.0
20191208:2206,0.0,0.0,0.0,26.85,3.31,0.0
20191208:2306,0.0,0.0,0.0,26.83,3.52,0.0
20191209:0006,0.0,0.0,0.0,26.8,3.45,0.0
20191209:0106,0.0,0.0,0.0,26.72,3.24,0.0
20191209:0206,0.0,0.0,0.0,26.65,2.9,0.0
20191209:0306,0.0,0.0,0.0,26.62,2.21,0.0
20191209:0406,0.0,0.0,0.0,26.12,1.38,0.0
20191209:0506,0.0,0.0,0.0,25.63,1.03,0.0
20191209:0606,10.23,27.38,3.77,25.24,1.17,0.0
20191209:0706,201.12,273.32,17.3,25.94,2.21,0.0
20191209:0806,403.23,524.2,30.38,26.72,2.28,0.0
20191209:0906,515.78,678.84,42.58,27.73,2.14,0.0
20191209:1006,460.84,611.3,52.97,28.67,2.0,0.0
20191209:1106,566.82,765.83,59.62,29.42,1.79,0.0
20191209:1206,601.26,815.95,59.91,30.04,2.0,0.0
20191209:1306,644.86,869.77,53.69,30.22,2.62,0.0
20191209:1406,552.27,730.01,43.51,30.18,3.17,0.0
20191209:1506,409.95,533.11,31.41,28.82,3.59,0.0
20191209:1606,218.91,296.93,18.39,28.5,3.52,0.0
20191209:1706,19.62,42.84,4.89,28.15,2.97,0.0
20191209:1806,0.0,0.0,0.0,27.67,2.97,0.0
20191209:1906,0.0,0.0,0.0,27.54,2.83,0.0
20191209:2006,0.0,0.0,0.0,27.34,3.1,0.0
20191209:2106,0.0,0.0,0.0,27.19,3.45,0.0
20191209:2206,0.0,0.0,0.0,27.07,3.79,0.0
20191209:2306,0.0,0.0,0.0,26.98,3.93,0.0
20191210:0006,0.0,0.0,0.0,26.91,3.93,0.0
20191210:0106,0.0,0.0,0.0,26.82,3.66,0.0
20191210:0206,0.0,0.0,0.0,26.75,3.17,0.0
20191210:0306,0.0,0.0,0.0,26.55,2.48,0.0
20191210:0406,0.0,0.0,0.0,26.21,2.07,0.0
20191210:0506,0.0,0.0,0.0,26.09,1.93,0.0
20191210:0606,12.05,31.14,3.66,25.92,1.45,0.0
20191210:0706,151.82,209.75,17.18,26.55,2.55,0.0
20191210:0806,346.15,452.91,30.25,27.64,2.14,0.0
20191210:0906,491.95,650.46,42.44,28.25,1.86,0.0
20191210:1006,514.72,692.46,52.83,29.23,1.45,0.0
20191210:1106,543.58,741.56,59.5,30.08,1.24,0.0
20191210:1206,559.39,762.26,59.84,30.51,1.59,0.0
20191210:1306,625.04,849.85,53.67,30.74,2.14,0.0
20191210:1406,557.75,742.8,43.54,30.66,2.76,0.0
20191210:1506,419.12,548.87,31.47,30.28,3.66,0.0
20191210:1606,218.36,296.89,18.46,29.47,4.14,0.0
20191210:1706,20.7,44.95,4.97,28.64,3.86,0.0
20191210:1806,0.0,0.0,0.0,27.94,3.66,0.0
20191210:1906,0.0,0.0,0.0,27.47,3.45,0.0
20191210:2006,0.0,0.0,0.0,27.25,3.45,0.0
20191210:2106,0.0,0.0,0.0,27.1,3.45,0.0
20191210:2206,0.0,0.0,0.0,26.95,3.45,0.0
20191210:2306,0.0,0.0,0.0,26.84,3.38,0.0
20191211:0006,0.0,0.0,0.0,26.78,3.38,0.0
20191211:0106,0.0,0.0,0.0,26.73,3.17,0.0
20191211:0206,0.0,0.0,0.0,26.73,2.9,0.0
20191211:0306,0.0,0.0,0.0,26.61,2.69,0.0
20191211:0406,0.0,0.0,0.0,26.3,2.34,0.0
20191211:0506,0.0,0.0,0.0,26.02,1.72,0.0
20191211:0606,10.83,29.39,3.55,26.0,0.41,0.0
20191211:0706,150.25,209.02,17.06,26.47,0.83,0.0
20191211:0806,377.76,497.42,30.12,27.14,1.1,0.0
20191211:0906,182.35,247.42,42.31,27.87,1.45,0.0
20191211:1006,473.54,631.72,52.7,28.54,1.52,0.0
20191211:1106,522.9,705.23,59.38,29.25,1.52,0.0
20191211:1206,522.28,702.21,59.78,29.72,1.93,0.0
20191211:1306,566.33,758.88,53.67,29.94,2.41,0.0
20191211:1406,417.07,550.15,43.57,30.17,2.9,0.0
20191211:1506,325.68,427.9,31.52,29.72,3.24,0.0
20191211:1606,170.05,234.5,18.53,29.1,2.83,0.0
20191211:1706,22.52,48.01,5.06,28.57,2.76,0.0
20191211:1806,0.0,0.0,0.0,27.9,2.9,0.0
20191211:1906,0.0,0.0,0.0,27.44,2.69,0.0
20191211:2006,0.0,0.0,0.0,27.14,2.97,0.0
20191211:2106,0.0,0.0,0.0,26.93,3.24,0.0
20191211:2206,0.0,0.0,0.0,26.79,3.31,0.0
20191211:2306,0.0,0.0,0.0,26.67,3.31,0.0
20191212:0006,0.0,0.0,0.0,26.62,3.17,0.0
20191212:0106,0.0,0.0,0.0,26.61,2.69,0.0
20191212:0206,0.0,0.0,0.0,26.34,1.72,0.0
20191212:0306,0.0,0.0,0.0,26.8,0.55,0.0
20191212:0406,0.0,0.0,0.0,26.45,0.14,0.0
20191212:0506,0.0,0.0,0.0,26.23,0.0,0.0
20191212:0606,9.1,25.92,3.43,26.13,0.0,0.0
20191212:0706,127.72,179.71,16.94,26.1,0.69,0.0
20191212:0806,295.73,391.25,30.0,27.38,0.9,0.0
20191212:0906,296.62,394.89,42.18,28.27,0.97,0.0
20191212:1006,378.9,505.16,52.57,28.92,1.31,0.0
20191212:1106,585.78,785.7,59.28,28.67,2.14,0.0
20191212:1206,48.22,77.91,59.72,27.93,2.55,0.0
20191212:1306,42.94,71.01,53.67,27.68,1.59,0.0
20191212:1406,45.84,74.95,43.61,28.08,1.38,0.0
20191212:1506,196.82,265.36,31.58,28.22,1.59,0.0
20191212:1606,224.31,305.55,18.61,28.23,1.66,0.0
20191212:1706,14.92,34.1,5.14,28.04,1.72,0.0
20191212:1806,0.0,0.0,0.0,27.52,1.72,0.0
20191212:1906,0.0,0.0,0.0,27.15,1.38,0.0
20191212:2006,0.0,0.0,0.0,26.9,1.79,0.0
20191212:2106,0.0,0.0,0.0,26.76,2.21,0.0
20191212:2206,0.0,0.0,0.0,26.75,2.48,0.0
20191212:2306,0.0,0.0,0.0,26.73,2.76,0.0
20191213:0006,0.0,0.0,0.0,26.73,2.62,0.0
20191213:0106,0.0,0.0,0.0,26.7,2.48,0.0
20191213:0206,0.0,0.0,0.0,26.56,2.21,0.0
20191213:0306,0.0,0.0,0.0,26.28,1.72,0.0
20191213:0406,0.0,0.0,0.0,26.01,0.83,0.0
20191213:0506,0.0,0.0,0.0,26.38,0.48,0.0
20191213:0606,6.8,21.35,3.32,26.01,0.62,0.0
20191213:0706,133.99,187.29,16.82,25.85,1.24,0.0
20191213:0806,288.43,379.69,29.87,26.9,1.31,0.0
20191213:0906,293.72,390.31,42.05,27.72,0.9,0.0
20191213:1006,334.85,446.07,52.45,28.08,0.97,0.0
20191213:1106,406.22,538.53,59.18,28.37,1.86,0.0
20191213:1206,532.67,705.93,59.67,28.96,2.9,0.0
20191213:1306,611.29,806.9,53.68,28.39,3.31,0.0
20191213:1406,435.09,567.73,43.65,28.14,2.97,0.0
20191213:1506,310.07,406.42,31.65,28.18,2.55,0.0
20191213:1606,212.23,287.56,18.69,27.86,2.76,0.0
20191213:1706,24.01,49.75,5.23,27.64,2.55,0.0
20191213:1806,0.0,0.0,0.0,27.23,2.34,0.0
20191213:1906,0.0,0.0,0.0,27.08,2.62,0.0
20191213:2006,0.0,0.0,0.0,26.86,3.03,0.0
20191213:2106,0.0,0.0,0.0,26.75,3.38,0.0
20191213:2206,0.0,0.0,0.0,26.7,3.45,0.0
20191213:2306,0.0,0.0,0.0,26.65,3.17,0.0
20191214:0006,0.0,0.0,0.0,26.65,2.69,0.0
20191214:0106,0.0,0.0,0.0,26.53,2.0,0.0
20191214:0206,0.0,0.0,0.0,25.94,1.17,0.0
20191214:0306,0.0,0.0,0.0,25.53,1.03,0.0
20191214:0406,0.0,0.0,0.0,25.1,1.24,0.0
20191214:0506,0.0,0.0,0.0,24.9,1.17,0.0
20191214:0606,7.5,22.47,3.21,24.67,1.17,0.0
20191214:0706,201.18,276.93,16.71,26.01,0.41,0.0
20191214:0806,84.59,124.27,29.75,26.86,0.48,0.0
20191214:0906,146.01,202.18,41.93,27.74,0.76,0.0
20191214:1006,155.87,215.0,52.33,28.43,1.1,0.0
20191214:1106,239.69,322.4,59.09,29.17,1.59,0.0
20191214:1206,294.26,393.04,59.63,29.61,2.0,0.0
20191214:1306,364.84,484.37,53.69,29.8,2.34,0.0
20191214:1406,443.31,584.44,43.7,29.71,2.69,0.0
20191214:1506,399.41,524.25,31.72,29.6,2.76,0.0
20191214:1606,189.45,259.71,18.77,29.25,2.62,0.0
20191214:1706,23.15,48.63,5.33,28.57,2.41,0.0
20191214:1806,0.0,0.0,0.0,27.9,2.48,0.0
20191214:1906,0.0,0.0,0.0,27.43,1.86,0.0
20191214:2006,0.0,0.0,0.0,27.15,2.0,0.0
20191214:2106,0.0,0.0,0.0,26.94,2.28,0.0
20191214:2206,0.0,0.0,0.0,26.8,2.55,0.0
20191214:2306,0.0,0.0,0.0,26.66,2.76,0.0
20191215:0006,0.0,0.0,0.0,26.59,2.83,0.0
20191215:0106,0.0,0.0,0.0,26.48,2.55,0.0
20191215:0206,0.0,0.0,0.0,26.22,1.66,0.0
20191215:0306,0.0,0.0,0.0,26.24,0.62,0.0
20191215:0406,0.0,0.0,0.0,26.09,0.55,0.0
20191215:0506,0.0,0.0,0.0,25.46,0.83,0.0
20191215:0606,4.65,16.73,3.1,25.04,1.03,0.0
20191215:0706,181.21,250.98,16.59,26.58,0.55,0.0
20191215:0806,381.59,509.06,29.64,27.43,0.21,0.0
20191215:0906,521.97,712.64,41.81,28.49,0.14,0.0
20191215:1006,591.98,812.92,52.22,29.3,0.83,0.0
20191215:1106,682.0,940.16,59.0,29.64,1.59,0.0
20191215:1206,692.89,952.6,59.6,29.78,1.86,0.0
20191215:1306,650.49,880.95,53.71,30.16,2.34,0.0
20191215:1406,561.05,741.9,43.75,29.63,2.9,0.0
20191215:1506,412.87,541.31,31.79,28.95,2.48,0.0
20191215:1606,215.46,292.95,18.85,28.61,2.41,0.0
20191215:1706,23.86,49.49,5.42,28.32,2.34,0.0
20191215:1806,0.0,0.0,0.0,27.75,2.21,0.0
20191215:1906,0.0,0.0,0.0,27.57,1.79,0.0
20191215:2006,0.0,0.0,0.0,27.3,2.07,0.0
20191215:2106,0.0,0.0,0.0,27.1,2.41,0.0
20191215:2206,0.0,0.0,0.0,26.98,2.55,0.0
20191215:2306,0.0,0.0,0.0,26.88,2.55,0.0
20191216:0006,0.0,0.0,0.0,26.84,2.34,0.0
20191216:0106,0.0,0.0,0.0,26.61,1.79,0.0
20191216:0206,0.0,0.0,0.0,26.28,1.72,0.0
20191216:0306,0.0,0.0,0.0,25.91,1.72,0.0
20191216:0406,0.0,0.0,0.0,25.78,1.52,0.0
20191216:0506,0.0,0.0,0.0,25.59,1.31,0.0
20191216:0606,3.58,14.83,2.99,25.53,1.17,0.0
20191216:0706,168.96,233.11,16.48,25.69,1.1,0.0
20191216:0806,380.65,496.98,29.52,26.5,1.66,0.0
20191216:0906,531.29,702.0,41.7,27.88,1.93,0.0
20191216:1006,612.3,821.94,52.12,28.87,2.14,0.0
20191216:1106,693.0,957.44,58.93,29.91,1.66,0.0
20191216:1206,665.43,945.93,59.57,30.69,0.48,0.0
20191216:1306,628.58,880.54,53.73,31.26,0.76,0.0
20191216:1406,545.42,737.49,43.81,31.48,1.79,0.0
20191216:1506,402.79,533.3,31.87,31.23,2.69,0.0
20191216:1606,214.04,292.44,18.94,30.43,3.38,0.0
20191216:1706,24.43,50.35,5.51,29.32,3.24,0.0
20191216:1806,0.0,0.0,0.0,28.36,3.17,0.0
20191216:1906,0.0,0.0,0.0,27.97,3.17,0.0
20191216:2006,0.0,0.0,0.0,27.72,3.45,0.0
20191216:2106,0.0,0.0,0.0,27.54,3.72,0.0
20191216:2206,0.0,0.0,0.0,27.37,3.66,0.0
20191216:2306,0.0,0.0,0.0,27.23,3.52,0.0
20191217:0006,0.0,0.0,0.0,27.14,3.31,0.0
20191217:0106,0.0,0.0,0.0,27.04,2.97,0.0
20191217:0206,0.0,0.0,0.0,26.93,2.76,0.0
20191217:0306,0.0,0.0,0.0,26.76,2.41,0.0
20191217:0406,0.0,0.0,0.0,26.54,2.07,0.0
20191217:0506,0.0,0.0,0.0,26.14,1.66,0.0
20191217:0606,4.67,16.89,2.88,25.78,1.52,0.0
20191217:0706,173.88,240.27,16.36,26.68,1.66,0.0
20191217:0806,390.42,511.19,29.41,28.06,2.28,0.0
20191217:0906,508.04,673.39,41.59,29.09,2.07,0.0
20191217:1006,557.09,753.93,52.02,29.96,1.59,0.0
20191217:1106,641.17,890.95,58.85,30.59,1.17,0.0
20191217:1206,642.66,891.83,59.56,31.27,1.45,0.0
20191217:1306,652.99,900.21,53.76,31.75,1.86,0.0
20191217:1406,564.37,760.08,43.87,31.7,2.34,0.0
20191217:1506,414.21,548.0,31.95,31.45,2.97,0.0
20191217:1606,224.26,305.94,19.03,30.65,3.45,0.0
20191217:1706,24.36,50.22,5.61,29.65,3.31,0.0
20191217:1806,0.0,0.0,0.0,28.69,3.17,0.0
20191217:1906,0.0,0.0,0.0,28.29,3.66,0.0
20191217:2006,0.0,0.0,0.0,28.04,4.14,0.0
20191217:2106,0.0,0.0,0.0,27.88,4.41,0.0
20191217:2206,0.0,0.0,0.0,27.73,4.14,0.0
20191217:2306,0.0,0.0,0.0,27.57,3.86,0.0
20191218:0006,0.0,0.0,0.0,27.4,3.79,0.0
20191218:0106,0.0,0.0,0.0,27.28,3.45,0.0
20191218:0206,0.0,0.0,0.0,27.18,2.83,0.0
20191218:0306,0.0,0.0,0.0,26.98,2.28,0.0
20191218:0406,0.0,0.0,0.0,26.68,2.0,0.0
20191218:0506,0.0,0.0,0.0,26.41,1.79,0.0
20191218:0606,3.61,15.0,2.76,26.38,1.86,0.0
20191218:0706,185.01,254.98,16.25,26.9,2.14,0.0
20191218:0806,390.2,509.41,29.29,28.01,2.62,0.0
20191218:0906,488.95,648.23,41.48,29.08,1.93,0.0
20191218:1006,562.69,764.64,51.92,29.98,1.38,0.0
20191218:1106,598.87,824.32,58.79,30.82,1.38,0.0
20191218:1206,672.13,930.14,59.54,31.6,1.93,0.0
20191218:1306,620.04,843.58,53.8,31.89,2.48,0.0
20191218:1406,562.04,752.3,43.93,31.68,2.83,0.0
20191218:1506,404.65,534.56,32.03,31.26,3.03,0.0
20191218:1606,214.9,293.85,19.13,30.64,3.1,0.0
20191218:1706,31.02,61.35,5.71,29.84,2.83,0.0
20191218:1806,0.0,0.0,0.0,28.89,2.55,0.0
20191218:1906,0.0,0.0,0.0,28.37,2.69,0.0
20191218:2006,0.0,0.0,0.0,28.01,3.24,0.0
20191218:2106,0.0,0.0,0.0,27.83,3.59,0.0
20191218:2206,0.0,0.0,0.0,27.61,3.59,0.0
20191218:2306,0.0,0.0,0.0,27.45,3.45,0.0
20191219:0006,0.0,0.0,0.0,27.33,3.24,0.0
20191219:0106,0.0,0.0,0.0,27.14,2.97,0.0
20191219:0206,0.0,0.0,0.0,26.94,2.62,0.0
20191219:0306,0.0,0.0,0.0,26.83,2.28,0.0
20191219:0406,0.0,0.0,0.0,26.7,2.0,0.0
20191219:0506,0.0,0.0,0.0,26.49,1.93,0.0
20191219:0606,3.11,14.1,2.66,26.37,2.0,0.0
20191219:0706,179.28,247.56,16.14,26.17,1.31,0.0
20191219:0806,296.88,391.6,29.19,27.4,1.31,0.0
20191219:0906,514.73,691.89,41.37,28.49,0.9,0.0
20191219:1006,525.82,720.51,51.83,29.63,0.55,0.0
20191219:1106,621.0,887.14,58.73,30.68,0.0,0.0
20191219:1206,689.63,981.54,59.54,31.57,0.83,0.0
20191219:1306,645.58,893.48,53.84,32.15,1.72,0.0
20191219:1406,570.5,769.81,44.01,32.23,2.48,0.0
20191219:1506,422.63,560.71,32.12,31.97,2.97,0.0
20191219:1606,228.67,311.85,19.22,31.0,3.52,0.0
20191219:1706,31.79,61.76,5.81,29.84,3.45,0.0
20191219:1806,0.0,0.0,0.0,28.93,3.24,0.0
20191219:1906,0.0,0.0,0.0,28.47,3.24,0.0
20191219:2006,0.0,0.0,0.0,28.14,3.52,0.0
20191219:2106,0.0,0.0,0.0,27.89,3.52,0.0
20191219:2206,0.0,0.0,0.0,27.72,3.45,0.0
20191219:2306,0.0,0.0,0.0,27.62,3.1,0.0
20191220:0006,0.0,0.0,0.0,27.5,2.76,0.0
20191220:0106,0.0,0.0,0.0,27.3,2.76,0.0
20191220:0206,0.0,0.0,0.0,27.1,2.62,0.0
20191220:0306,0.0,0.0,0.0,26.9,2.41,0.0
20191220:0406,0.0,0.0,0.0,26.61,2.14,0.0
20191220:0506,0.0,0.0,0.0,26.34,1.79,0.0
20191220:0606,2.64,13.21,2.55,26.12,1.79,0.0
20191220:0706,170.63,236.24,16.03,26.44,1.59,0.0
20191220:0806,358.54,470.91,29.08,27.84,1.79,0.0
20191220:0906,494.38,659.4,41.27,28.97,1.45,0.0
20191220:1006,534.13,728.18,51.75,30.13,1.03,0.0
20191220:1106,631.13,883.22,58.68,31.01,0.9,0.0
20191220:1206,649.04,904.17,59.54,31.96,1.52,0.0
20191220:1306,649.78,890.61,53.89,32.37,2.41,0.0
20191220:1406,566.84,759.28,44.08,32.13,3.03,0.0
20191220:1506,410.38,541.59,32.21,31.79,3.59,0.0
20191220:1606,223.94,304.97,19.32,30.91,3.93,0.0
20191220:1706,32.98,63.75,5.92,29.99,3.93,0.0
20191220:1806,0.0,0.0,0.0,29.07,3.72,0.0
20191220:1906,0.0,0.0,0.0,28.72,3.66,0.0
20191220:2006,0.0,0.0,0.0,28.39,3.72,0.0
20191220:2106,0.0,0.0,0.0,28.12,3.93,0.0
20191220:2206,0.0,0.0,0.0,27.89,4.14,0.0
20191220:2306,0.0,0.0,0.0,27.74,4.34,0.0
20191221:0006,0.0,0.0,0.0,27.6,4.21,0.0
20191221:0106,0.0,0.0,0.0,27.45,3.72,0.0
20191221:0206,0.0,0.0,0.0,27.35,3.03,0.0
20191221:0306,0.0,0.0,0.0,26.55,2.14,0.0
20191221:0406,0.0,0.0,0.0,26.16,1.1,0.0
20191221:0506,0.0,0.0,0.0,25.63,1.45,0.0
20191221:0606,2.68,13.31,2.44,25.44,1.38,0.0
20191221:0706,178.11,246.57,15.93,26.01,1.03,0.0
20191221:0806,378.39,498.6,28.98,26.7,0.9,0.0
20191221:0906,470.27,632.32,41.18,27.23,0.21,0.0
20191221:1006,489.79,659.93,51.67,28.34,0.83,0.0
20191221:1106,677.35,935.47,58.64,28.74,1.24,0.0
20191221:1206,701.68,969.87,59.56,29.14,1.52,0.0
20191221:1306,636.81,866.7,53.95,29.83,1.86,0.0
20191221:1406,430.63,571.07,44.16,30.26,2.34,0.0
20191221:1506,38.04,65.09,32.3,30.04,2.83,0.0
20191221:1606,230.24,312.35,19.42,29.71,2.97,0.0
20191221:1706,27.74,54.45,6.02,28.91,2.76,0.0
20191221:1806,0.0,0.0,0.0,28.13,2.34,0.0
20191221:1906,0.0,0.0,0.0,27.89,1.79,0.0
20191221:2006,0.0,0.0,0.0,27.54,1.79,0.0
20191221:2106,0.0,0.0,0.0,27.25,2.21,0.0
20191221:2206,0.0,0.0,0.0,27.14,2.76,0.0
20191221:2306,0.0,0.0,0.0,27.03,3.1,0.0
20191222:0006,0.0,0.0,0.0,26.97,2.97,0.0
20191222:0106,0.0,0.0,0.0,26.92,2.62,0.0
20191222:0206,0.0,0.0,0.0,26.82,2.0,0.0
20191222:0306,0.0,0.0,0.0,26.29,0.97,0.0
20191222:0406,0.0,0.0,0.0,26.67,0.21,0.0
20191222:0506,0.0,0.0,0.0,26.47,0.34,0.0
20191222:0606,1.16,8.88,2.33,26.42,0.69,0.0
20191222:0706,175.29,243.52,15.82,26.22,0.76,0.0
20191222:0806,364.39,481.6,28.88,27.51,0.97,0.0
20191222:0906,525.77,709.71,41.09,28.61,0.76,0.0
20191222:1006,601.85,834.85,51.6,29.33,0.48,0.0
20191222:1106,672.91,963.01,58.6,30.08,0.21,0.0
20191222:1206,684.14,979.32,59.57,30.33,0.34,0.0
20191222:1306,654.41,915.79,54.01,30.99,0.97,0.0
20191222:1406,562.83,762.9,44.25,31.29,1.72,0.0
20191222:1506,425.35,563.82,32.4,31.05,2.48,0.0
20191222:1606,232.91,316.23,19.52,30.33,3.31,0.0
20191222:1706,36.49,68.57,6.13,29.45,3.31,0.0
20191222:1806,0.0,0.0,0.0,28.6,3.17,0.0
20191222:1906,0.0,0.0,0.0,28.11,3.03,0.0
20191222:2006,0.0,0.0,0.0,27.82,3.03,0.0
20191222:2106,0.0,0.0,0.0,27.56,3.03,0.0
20191222:2206,0.0,0.0,0.0,27.4,2.76,0.0
20191222:2306,0.0,0.0,0.0,27.26,2.21,0.0
20191223:0006,0.0,0.0,0.0,26.49,1.1,0.0
20191223:0106,0.0,0.0,0.0,26.3,0.97,0.0
20191223:0206,0.0,0.0,0.0,25.49,1.45,0.0
20191223:0306,0.0,0.0,0.0,25.69,1.72,0.0
20191223:0406,0.0,0.0,0.0,25.85,1.79,0.0
20191223:0506,0.0,0.0,0.0,25.79,1.86,0.0
20191223:0606,0.76,7.89,2.23,25.72,2.28,0.0
20191223:0706,179.82,246.87,15.72,25.45,2.55,0.0
20191223:0806,394.61,509.51,28.78,25.82,2.76,0.0
20191223:0906,569.19,744.96,41.0,27.03,2.69,0.0
20191223:1006,669.32,904.76,51.53,28.87,2.21,0.0
20191223:1106,711.49,997.0,58.58,30.5,1.38,0.0
20191223:1206,694.37,1008.3,59.6,31.68,0.28,0.0
20191223:1306,663.58,943.85,54.08,32.37,0.76,0.0
20191223:1406,581.19,798.04,44.34,32.64,1.59,0.0
20191223:1506,434.68,582.36,32.5,32.34,2.14,0.0
20191223:1606,247.39,337.77,19.63,31.4,2.62,0.0
20191223:1706,42.37,78.19,6.23,29.92,2.48,0.0
20191223:1806,0.0,0.0,0.0,28.55,2.62,0.0
20191223:1906,0.0,0.0,0.0,27.93,2.69,0.0
20191223:2006,0.0,0.0,0.0,27.42,2.97,0.0
20191223:2106,0.0,0.0,0.0,27.11,3.1,0.0
20191223:2206,0.0,0.0,0.0,26.93,2.97,0.0
20191223:2306,0.0,0.0,0.0,26.67,2.48,0.0
20191224:0006,0.0,0.0,0.0,25.46,1.45,0.0
20191224:0106,0.0,0.0,0.0,26.38,0.62,0.0
20191224:0206,0.0,0.0,0.0,24.98,1.03,0.0
20191224:0306,0.0,0.0,0.0,23.8,1.31,0.0
20191224:0406,0.0,0.0,0.0,23.47,1.38,0.0
20191224:0506,0.0,0.0,0.0,23.36,1.31,0.0
20191224:0606,0.78,7.89,2.12,23.26,1.31,0.0
20191224:0706,190.65,259.75,15.62,23.13,1.38,0.0
20191224:0806,403.24,527.92,28.68,26.1,1.38,0.0
20191224:0906,559.22,747.58,40.92,28.05,1.45,0.0
20191224:1006,651.77,903.39,51.47,29.74,1.03,0.0
20191224:1106,691.55,1001.63,58.55,31.04,0.21,0.0
20191224:1206,711.0,1013.99,59.63,31.89,1.03,0.0
20191224:1306,684.36,949.53,54.15,32.43,2.07,0.0
20191224:1406,594.73,803.8,44.43,32.52,2.76,0.0
20191224:1506,445.69,591.19,32.6,32.07,3.17,0.0
20191224:1606,250.59,340.14,19.73,31.09,3.45,0.0
20191224:1706,45.74,83.24,6.34,29.83,3.31,0.0
20191224:1806,0.0,0.0,0.0,28.56,3.17,0.0
20191224:1906,0.0,0.0,0.0,27.81,2.83,0.0
20191224:2006,0.0,0.0,0.0,27.32,2.97,0.0
20191224:2106,0.0,0.0,0.0,26.98,3.1,0.0
20191224:2206,0.0,0.0,0.0,26.68,3.31,0.0
20191224:2306,0.0,0.0,0.0,26.47,3.45,0.0
20191225:0006,0.0,0.0,0.0,26.38,3.38,0.0
20191225:0106,0.0,0.0,0.0,26.26,2.76,0.0
20191225:0206,0.0,0.0,0.0,25.17,1.31,0.0
20191225:0306,0.0,0.0,0.0,25.67,0.76,0.0
20191225:0406,0.0,0.0,0.0,24.27,1.17,0.0
20191225:0506,0.0,0.0,0.0,23.56,1.52,0.0
20191225:0606,0.39,6.9,2.02,23.69,1.93,0.0
20191225:0706,181.87,249.17,15.52,24.61,2.41,0.0
20191225:0806,399.32,517.77,28.59,25.99,2.34,0.0
20191225:0906,553.19,731.7,40.84,27.94,2.07,0.0
20191225:1006,652.33,896.69,51.41,29.66,1.38,0.0
20191225:1106,693.98,989.96,58.54,31.09,0.69,0.0
20191225:1206,700.12,1002.36,59.67,32.05,0.83,0.0
20191225:1306,672.02,933.95,54.23,32.7,1.93,0.0
20191225:1406,584.45,790.15,44.53,32.85,2.76,0.0
20191225:1506,443.36,588.36,32.71,32.42,3.31,0.0
20191225:1606,250.2,339.7,19.84,31.37,3.66,0.0
20191225:1706,44.98,81.68,6.45,29.99,3.59,0.0
20191225:1806,0.0,0.0,0.0,28.74,3.31,0.0
20191225:1906,0.0,0.0,0.0,27.94,2.97,0.0
20191225:2006,0.0,0.0,0.0,27.51,2.97,0.0
20191225:2106,0.0,0.0,0.0,27.19,3.03,0.0
20191225:2206,0.0,0.0,0.0,26.91,3.17,0.0
20191225:2306,0.0,0.0,0.0,26.71,3.17,0.0
20191226:0006,0.0,0.0,0.0,26.63,3.1,0.0
20191226:0106,0.0,0.0,0.0,26.59,2.83,0.0
20191226:0206,0.0,0.0,0.0,25.92,1.59,0.0
20191226:0306,0.0,0.0,0.0,25.85,0.83,0.0
20191226:0406,0.0,0.0,0.0,24.64,1.31,0.0
20191226:0506,0.0,0.0,0.0,24.17,1.66,0.0
20191226:0606,0.38,6.9,1.92,24.12,1.86,0.0
20191226:0706,177.01,243.44,15.42,24.79,2.14,0.0
20191226:0806,398.23,515.57,28.5,26.0,2.55,0.0
20191226:0906,555.16,730.78,40.76,27.98,2.48,0.0
20191226:1006,653.24,890.85,51.36,29.91,1.86,0.0
20191226:1106,694.82,984.13,58.53,31.51,1.03,0.0
20191226:1206,690.66,997.54,59.72,32.52,0.55,0.0
20191226:1306,665.71,930.18,54.32,33.15,1.72,0.0
20191226:1406,581.15,787.39,44.63,33.33,2.76,0.0
20191226:1506,438.86,582.57,32.82,33.02,3.66,0.0
20191226:1606,248.46,337.26,19.95,31.82,4.28,0.0
20191226:1706,44.2,80.15,6.56,30.3,4.21,0.0
20191226:1806,0.0,0.0,0.0,29.07,3.72,0.0
20191226:1906,0.0,0.0,0.0,28.35,3.1,0.0
20191226:2006,0.0,0.0,0.0,27.87,3.1,0.0
20191226:2106,0.0,0.0,0.0,27.47,3.38,0.0
20191226:2206,0.0,0.0,0.0,27.14,3.52,0.0
20191226:2306,0.0,0.0,0.0,26.93,3.59,0.0
20191227:0006,0.0,0.0,0.0,26.8,3.38,0.0
20191227:0106,0.0,0.0,0.0,26.65,2.97,0.0
20191227:0206,0.0,0.0,0.0,26.34,2.34,0.0
20191227:0306,0.0,0.0,0.0,25.81,2.0,0.0
20191227:0406,0.0,0.0,0.0,25.45,1.93,0.0
20191227:0506,0.0,0.0,0.0,25.09,1.79,0.0
20191227:0606,0.01,5.85,1.81,24.71,1.72,0.0
20191227:0706,172.89,239.59,15.33,25.65,1.72,0.0
20191227:0806,365.92,479.05,28.42,26.96,1.72,0.0
20191227:0906,539.57,723.28,40.69,28.29,1.17,0.0
20191227:1006,630.52,872.22,51.31,29.67,0.9,0.0
20191227:1106,690.27,969.65,58.53,30.91,1.17,0.0
20191227:1206,712.82,996.12,59.77,31.82,1.86,0.0
20191227:1306,679.69,933.68,54.41,32.35,2.55,0.0
20191227:1406,589.05,790.9,44.74,32.4,3.17,0.0
20191227:1506,441.11,583.25,32.93,32.05,3.52,0.0
20191227:1606,250.65,339.55,20.07,31.21,3.79,0.0
20191227:1706,45.35,81.86,6.67,30.06,3.72,0.0
20191227:1806,0.0,0.0,0.0,28.99,3.52,0.0
20191227:1906,0.0,0.0,0.0,28.39,3.31,0.0
20191227:2006,0.0,0.0,0.0,27.97,3.45,0.0
20191227:2106,0.0,0.0,0.0,27.63,3.45,0.0
20191227:2206,0.0,0.0,0.0,27.34,3.45,0.0
20191227:2306,0.0,0.0,0.0,27.15,3.17,0.0
20191228:0006,0.0,0.0,0.0,26.93,2.9,0.0
20191228:0106,0.0,0.0,0.0,26.63,2.34,0.0
20191228:0206,0.0,0.0,0.0,26.07,1.86,0.0
20191228:0306,0.0,0.0,0.0,25.66,2.0,0.0
20191228:0406,0.0,0.0,0.0,25.39,2.07,0.0
20191228:0506,0.0,0.0,0.0,25.17,1.93,0.0
20191228:0606,0.0,4.87,1.72,25.0,1.93,0.0
20191228:0706,164.0,227.51,15.24,25.15,1.52,0.0
20191228:0806,369.52,485.27,28.34,26.66,1.24,0.0
20191228:0906,520.05,699.66,40.63,28.1,0.76,0.0
20191228:1006,615.54,860.62,51.28,29.61,0.34,0.0
20191228:1106,672.68,959.2,58.54,30.88,0.48,0.0
20191228:1206,684.9,961.11,59.84,31.88,1.45,0.0
20191228:1306,668.05,919.73,54.51,32.46,2.34,0.0
20191228:1406,580.19,780.07,44.86,32.52,3.03,0.0
20191228:1506,437.76,578.64,33.04,32.12,3.59,0.0
20191228:1606,244.22,330.65,20.18,31.11,3.93,0.0
20191228:1706,46.02,82.5,6.79,29.79,3.66,0.0
20191228:1806,0.0,0.0,0.0,28.68,3.17,0.0
20191228:1906,0.0,0.0,0.0,28.09,2.55,0.0
20191228:2006,0.0,0.0,0.0,27.59,2.55,0.0
20191228:2106,0.0,0.0,0.0,27.21,2.69,0.0
20191228:2206,0.0,0.0,0.0,26.84,2.9,0.0
20191228:2306,0.0,0.0,0.0,26.59,2.9,0.0
20191229:0006,0.0,0.0,0.0,26.37,2.55,0.0
20191229:0106,0.0,0.0,0.0,25.7,1.59,0.0
20191229:0206,0.0,0.0,0.0,25.03,1.17,0.0
20191229:0306,0.0,0.0,0.0,24.38,1.45,0.0
20191229:0406,0.0,0.0,0.0,23.98,1.59,0.0
20191229:0506,0.0,0.0,0.0,23.86,1.86,0.0
20191229:0606,0.0,3.9,1.62,23.88,2.07,0.0
20191229:0706,161.21,223.15,15.15,24.73,2.0,0.0
20191229:0806,374.03,488.1,28.26,26.49,1.86,0.0
20191229:0906,532.42,708.62,40.57,28.65,1.72,0.0
20191229:1006,633.75,872.68,51.24,30.54,1.38,0.0
20191229:1106,682.47,978.42,58.55,32.04,0.62,0.0
20191229:1206,686.82,993.87,59.91,32.95,0.55,0.0
20191229:1306,661.8,927.55,54.62,33.53,1.66,0.0
20191229:1406,581.21,791.88,44.97,33.84,2.55,0.0
20191229:1506,438.4,585.61,33.16,33.77,3.31,0.0
20191229:1606,250.37,340.14,20.3,32.51,4.55,0.0
20191229:1706,47.8,85.24,6.9,30.5,4.69,0.0
20191229:1806,0.0,0.0,0.0,28.95,4.48,0.0
20191229:1906,0.0,0.0,0.0,28.31,3.45,0.0
20191229:2006,0.0,0.0,0.0,27.73,3.24,0.0
20191229:2106,0.0,0.0,0.0,27.34,3.03,0.0
20191229:2206,0.0,0.0,0.0,27.03,2.41,0.0
20191229:2306,0.0,0.0,0.0,26.03,1.17,0.0
20191230:0006,0.0,0.0,0.0,26.73,0.28,0.0
20191230:0106,0.0,0.0,0.0,26.39,0.55,0.0
20191230:0206,0.0,0.0,0.0,26.17,0.83,0.0
20191230:0306,0.0,0.0,0.0,25.14,1.03,0.0
20191230:0406,0.0,0.0,0.0,24.11,1.31,0.0
20191230:0506,0.0,0.0,0.0,23.96,1.52,0.0
20191230:0606,0.0,3.9,1.52,24.38,1.79,0.0
20191230:0706,172.77,238.09,15.06,24.28,2.14,0.0
20191230:0806,389.72,502.81,28.18,25.14,2.48,0.0
20191230:0906,547.43,721.81,40.51,27.3,2.0,0.0
20191230:1006,640.88,877.69,51.21,29.38,1.38,0.0
20191230:1106,685.43,984.18,58.57,31.11,0.41,0.0
20191230:1206,695.78,999.63,59.98,32.11,0.69,0.0
20191230:1306,670.12,934.41,54.73,32.85,1.79,0.0
20191230:1406,582.33,789.86,45.09,33.14,2.62,0.0
20191230:1506,439.01,584.51,33.28,33.01,3.24,0.0
20191230:1606,246.2,334.29,20.42,31.99,4.0,0.0
20191230:1706,48.44,85.86,7.02,30.28,4.28,0.0
20191230:1806,0.0,0.0,0.0,28.85,4.07,0.0
20191230:1906,0.0,0.0,0.0,27.89,3.38,0.0
20191230:2006,0.0,0.0,0.0,27.35,3.24,0.0
20191230:2106,0.0,0.0,0.0,26.99,3.1,0.0
20191230:2206,0.0,0.0,0.0,26.76,2.9,0.0
20191230:2306,0.0,0.0,0.0,26.51,2.48,0.0
20191231:0006,0.0,0.0,0.0,25.49,1.45,0.0
20191231:0106,0.0,0.0,0.0,25.56,0.97,0.0
20191231:0206,0.0,0.0,0.0,24.42,1.31,0.0
20191231:0306,0.0,0.0,0.0,23.76,1.45,0.0
20191231:0406,0.0,0.0,0.0,23.27,1.52,0.0
20191231:0506,0.0,0.0,0.0,22.98,1.72,0.0
20191231:0606,0.0,2.92,1.43,23.29,1.93,0.0
20191231:0706,174.4,240.21,14.97,23.99,2.0,0.0
20191231:0806,391.17,508.28,28.11,25.51,1.86,0.0
20191231:0906,533.76,705.53,40.45,27.82,1.93,0.0
20191231:1006,657.64,902.11,51.19,29.86,1.59,0.0
20191231:1106,679.73,963.71,58.6,31.55,0.9,0.0
20191231:1206,696.58,1011.03,60.07,32.63,0.48,0.0
20191231:1306,670.28,939.75,54.84,33.28,1.66,0.0
20191231:1406,583.49,795.28,45.22,33.65,2.48,0.0
20191231:1506,446.83,597.1,33.41,33.56,3.17,0.0
20191231:1606,255.34,347.03,20.54,32.57,4.07,0.0
20191231:1706,52.84,92.67,7.13,30.61,4.14,0.0
20191231:1806,0.0,0.0,0.0,28.94,3.86,0.0
20191231:1906,0.0,0.0,0.0,27.94,3.1,0.0
20191231:2006,0.0,0.0,0.0,27.36,3.03,0.0
20191231:2106,0.0,0.0,0.0,26.92,2.97,0.0
20191231:2206,0.0,0.0,0.0,26.61,2.69,0.0
20191231:2306,0.0,0.0,0.0,26.23,2.34,0.0

P: PV system power (W)
G(i): Global irradiance on the inclined plane (plane of the array) (W/m2)
H_sun: Sun height (degree)
T2m: 2-m air temperature (degree Celsius)
WS10m: 10-m total wind speed (m/s)
Int: 1 means solar radiation values are reconstructed



PVGIS (c) European Union, 2001-2026